airline,date_raw,author,overall_rating,verified_trip,review_text,seat_comfort,cabin_staff,food_beverages,inflight_entertainment,ground_service,wifi,value_for_money,recommended,traveller_type,seat_type,route,date_flown,rec_binary,sentiment
emirates,5th July 2026,C Han,1,True,"✅ Trip Verified | I flew with Emirates Taipei – Dubai – Geneva return. Outbound the onboard experience was a real nightmare. The flight attendants were arrogant and dismissive. Every time I tried to ask a question, they cut me off with clear impatience. I had to ask three times if I could try on the sunglasses I wanted to buy, and eventually had to stop an attendant again just to get a “no”. Then they simply forgot to bring me the product! One attendant was particularly rude — she was chatting with colleagues while ignoring my requests and even forbade me from crossing the galley to reach the restroom. The meal service was just as bad. They tried to take my tray before I had finished eating, and once I was done, no one ever came back. I was left stuck with my tray until the very last moments before landing. I couldn’t even fold my table or adjust my seat properly for arrival because the crew had completely abandoned me. On the return flight, the service was more normal. Some crew members were polite and even enthusiastic, which made the flight more pleasant. It wasn’t outstanding, but it was acceptable. Emirates used to be a great airline, but this experience left me very disappointed and  I will avoid flying with Emirates again.",2.0,1.0,2.0,2.0,2.0,1.0,1,no,Solo Leisure,Economy Class,Taipei to Geneva via Taipei,July 2026,0,-0.6096
emirates,2nd July 2026,S Hazim,2,True,"✅ Trip Verified | Emirates failed to meet premium expectations due to uncomfortable economy seating, malfunctioning cabin equipment including broken entertainment screens and leaking air conditioning, and poor customer service. Despite excellent Indian vegetarian meals and kind cabin crew, the journey was marked by uncomfortably warm cabins, a chaotic boarding process, and a lack of response to a formal complaint.",1.0,3.0,4.0,5.0,1.0,1.0,1,no,Solo Leisure,Economy Class,Cairo to Bali via Dubai,May 2026,0,-0.9468
emirates,30th June 2026,Maria Betourne,2,False,"Not Verified | My flight from Paris to Dubai was delayed over 10 hours, causing me to miss my connection. I had to fly out the next day, arriving more than 24 hours late. The hotel arranged in Dubai during the delay was appreciated but it's been the only positive part of this experience. As a Business Class passenger and Privilege Club member, I expected better. The disruption was bad, but the silence afterward made it worse. It's now been over two months. Despite repeated emails and calls, I'm still waiting for an apology on the compensation I'm owed under international regulations for delays over 6 hours (around €600) a free upgrade on my next traveling plan or even some free miles. Every time, I'm told Customer Affairs will respond within 30 days. That's never happened. At this point, it feels like I'm being strung along, and this has seriously shaken my confidence in Emirates as a loyal customer.",4.0,4.0,4.0,4.0,1.0,4.0,3,no,Solo Leisure,Business Class,Paris to Cebu via Dubai,April 2026,0,0.9659
emirates,16th June 2026,C Yeung,1,True,"✅ Trip Verified | While the overall inflight service was quite unsatisfactory, the worst and most offensive part of my experience with Emirates was the Korean customer service call center - the two most unpleasant phone service experiences I have ever encountered in my life both happened with Emirates. ​I have been struggling for over a month with an unresolved mileage accrual issue. I called the center to get this sorted out, but from the very beginning, the agent continuously talked over me and interrupted me, making it completely impossible to hold a proper conversation. When this disruptive behavior repeated, I questioned the quality of their service, asking why the consultation was being handled this way. Shockingly, the agent falsely framed my legitimate complaint as ""verbal abuse"" and abruptly hung up on me. ​Hoping to speak with someone else, I called back immediately, but the exact same agent answered. When I requested to be transferred to a different representative, they simply told me to call back later. I called a third time, and once again, the same person picked up. ​Utterly frustrated, I stated that I wanted to officially escalate this issue and requested the agent's name. Incredibly, the agent refused to provide their name and told me to ""solve it legally."" It honestly felt like there was only one person running the entire Korean call center. When I asked how many employees were even working there since I kept getting connected to the exact same person, the agent repeatedly replied, ""I cannot answer that."" ​This is not an isolated incident. Even before boarding, when I called to inquire about the Business Class Chauffeur-drive service, the consultation was an absolute mess and deeply unpleasant. ​Emirates desperately needs to retrain and re-educate their phone agents. I have plenty of other complaints regarding their inflight service as well, but I will not even bother mentioning them because the behavior of this call center is, by far, the most unacceptable.",1.0,2.0,1.0,1.0,1.0,1.0,2,no,Family Leisure,Business Class,Milan to Seoul via Dubai,May 2026,0,-0.9892
emirates,25th May 2026,Thao Nguyen,1,False,"Not Verified | I am writing to formally express my disappointment regarding our recent Emirates Business Class experience, which fell far below the standards expected. On 08 May, Emirates cancelled the Ho Chi Minh City – Boston flight for my mother and me without providing any explanation. Subsequently, our family’s return flight from Boston to Ho Chi Minh City on 20 May was also cancelled without notice, and Emirates changed the departure date to 23 May. Our travel agency contacted Emirates multiple times via email but received little to no response. When we requested to return on 21 May instead, Emirates informed us that only two seats were available, requiring one family member to fly separately on 22 May. However, seats on the 21 May flight still appeared to be available when checked independently. What was especially concerning was that Emirates requested an additional payment of approximately VND 40,000,000 for all family members to travel together on the same flight — despite the situation originating from Emirates’ own cancellations and schedule changes. Further issues occurred during our overnight transit in Dubai. Although all required entry documents had already been submitted via email in advance as attachment, our family was still asked to wait approximately two hours for approval. At the Dubai Connect counter, staff only then reviewed the previously submitted emails and requested that the documents be forwarded again before processing could continue. Overall, the repeated cancellations without explanation, lack of communication, inconsistent information, transit handling issues, and disappointing onboard service resulted in an experience far below reasonable expectations for Emirates Business Class passengers.",5.0,2.0,3.0,5.0,2.0,,1,no,Family Leisure,Business Class,Boston to Dubai,May 2026,0,-0.1127
emirates,18th May 2026,G Quade,7,True,"✅ Trip Verified | The ground experience revealed troubling gaps in professionalism and respect that are difficult to ignore.  At Montréal–Trudeau (YUL), the ticket agents were engaged in casual conversation while passengers waited in line. When I reached the counter, the agent spoke to me in a curt manner and instructed me to drop my luggage at another location, without considering my business-class status nor the protocol affiliated with it. When I requested to speak with a supervisor, I was told there was no one available. The interaction felt dismissive and unprofessional. A few minutes later, another agent quietly stepped in and demonstrated a very different approach. He appeared to understand the appropriate procedures, reviewed my passport and ticket, and recognized the oversight. He apologized on behalf of his colleague, took charge of my luggage himself, and completed the check in with calm efficiency and respect. He then went a step further and personally escorted me to the one of the lounges. The return journey from Dubai to Montréal exposed a more serious issue. At the boarding gate in Dubai, I explained to the agent that my passport would not scan on the device and that it needed to be entered manually. Instead of acknowledging this and resolving the matter calmly, she abruptly snatched the passport from my hand and muttered, under her breath, a derogatory comment. Another passenger nearby heard the remark, intervened, and pointed out how disrespectful and inappropriate her behavior was, even suggesting that if she disliked her job, she should consider another line of work. Rather than de escalating, the agent began arguing with this passenger, all while I stood waiting for my passport to be processed. The entire interaction carried a sense of rude entitlement and left a lasting feeling of discomfort. The in flight service was polished, the cabin comfortable, and the food and beverage offerings wine, sparkling options, and spirits were of a good quality.",4.0,4.0,5.0,3.0,1.0,3.0,3,yes,Business,Business Class,Montreal to Dar Es Salaam via Dubai,August 2025,1,0.701
emirates,15th May 2026,Natalia Vlasova,1,True,"✅ Trip Verified |   I had an Emirates flight from Bangkok to Da Nang, but I wasn't allowed on it. I panicked and bought an Emirates ticket at the airport because I wasn't allowed to board without a return ticket. Meanwhile, my friend, who was flying on a different airline, didn't encounter this requirement and checked in without any problems. I was planning to continue my journey by air, so I wanted a refund. I later learned that the refund fee for the Economy Saver fare was exorbitant, over 70% of the ticket price and I consider it a rip-off. It was a very unpleasant experience. I will never fly with Emirates again.",1.0,1.0,1.0,1.0,1.0,,1,no,Solo Leisure,Economy Class,Bangkok to Danang,May 2026,0,-0.3405
emirates,12th May 2026,A Ivanov,1,True,"✅ Trip Verified |   The cabin temperature during the flight was extremely cold, to the point where it felt like a freezer. I asked the cabin crew for a blanket, but received an indifferent reaction. Nobody came back to assist me after my request, and I had to look for a flight attendant again to get any response.  I have flown with many airlines, but this was the first time I experienced such careless and indifferent treatment from airline staff. The plastic smiles of the flight attendants, the fake sweet talk — all of it felt like a facade.",1.0,1.0,1.0,,1.0,,1,no,Solo Leisure,Economy Class,Bangkok to Da Nang,May 2026,0,0.3291
emirates,1st May 2026,S Naik,1,False,"Not Verified | Like others, having a complete headache getting a refund due to the war. Everytime you speak to someone on Facebook (because its impossible to call them or use their live chat), you get a different answer as to what is going on. They are clearly working off a script because they cannot answer very specific basic questions. You also cannot speak to anyone in the mythical refunds team so there is no hope of a lot of us ever seeing our hard earned money again. Worst customer service ever.",,,,,,,1,no,Solo Leisure,Economy Class,,May 2026,0,-0.8736
emirates,30th April 2026,Alina Chernousova,1,False,"Not Verified | Due to the war situation in the Middle East, I cancelled my flights on April 1st. The hotel processed the refund immediately. Emirates, however, has not returned approximately 3000 EUR even after more than a month. On March 23rd, I was clearly informed that the refund would take up to 15 working days. That timeline has long passed. What followed has been particularly disappointing: multiple contacts with customer service, inconsistent information, and explanations that simply do not hold up — including being told I had not provided bank details (which is incorrect), followed by requests for “understanding” due to a high volume of refunds. One could perhaps understand delays. What is much harder to understand is the absence of transparency, accountability, and any sense of urgency in resolving a straightforward refund case.  For a company that positions itself as a leader in global aviation, this experience is surprising and not in a good way. At this point, I would hesitate to recommend Emirates to others.",,,,1.0,,,1,no,Family Leisure,Economy Class,Frankfurt to Dubai,April 2026,0,-0.6122
emirates,8th April 2026,Edward Quigley,1,False,"Not Verified | I recently booked a flight with Emirates from Lisbon to Bali (booking reference LCFKW6). The original itinerary had a short 1h30 connection in Dubai, with a total travel time of around 19 hours. Prior to departure, we were only notified of a minor delay. At no point were we informed that this would result in a missed connection. Only at check-in, approximately 2.5 hours before departure, the passenger was told the onward flight had been changed, resulting in an 18-hour layover in Dubai and a total journey time of approximately 36 hours. Had this been communicated earlier, alternative arrangements could have been made. We were instructed to seek assistance at the transfer desk in Dubai, but no hotel, lounge access, or meaningful support was provided despite the extended layover. This represents both a failure of communication and a lack of duty of care. The significantly extended transit time also created additional stress and concern, as a short connection had been specifically chosen in light of the broader regional situation. Overall, a very disappointing experience.",1.0,1.0,,,1.0,,1,no,Solo Leisure,Economy Class,Lisbon to Bali via Dubai,April 2026,0,-0.8196
emirates,26th March 2026,E Pan,1,True,"✅ Trip Verified |   I conclude that they are truly worse than a budget carrier. I received a horrendous customer service on-board flight by a cabin supervisor who was unable to manage a difficult passenger sitting on the other end of my row who was trying to take a nap at 5pm, so he came up to me to command me to close the window shades. I explained to him I was feeling unwell and wanted to leave it slightly open (1/4 open and 3/4 closed). He refused! He said that there’s another passenger across the aisle that is complaining and I should comply with his request. Only when I ask him if I fainted on board, would he be responsible, did he say it was my right to leave the window shades open and he will handle it with that lady. Many people had their window shades opened. Mine was three quarter 3/4 closed. Does it make sense that instead of forcing me, he should have given her an eye mask instead?  Inefficiency of Customer Service Team with replies almost only once a month. Upon arrival, I noticed damage made to my luggage. My flight landed in Singapore on 29 Dec 2025, I wrote in on 29 Dec 2025, received one reply on 29 Jan 2026 and the next reply on 23 Feb 2026 with only a partial reply on both emails. I asked the customer service staff Najma a simple question 5 times but up till the end of March 2026, I am still unable to get a refund or an answer.",4.0,1.0,,,2.0,,1,no,Solo Leisure,Economy Class,Oslo to Singapore via Dubai,December 2025,0,-0.7133
emirates,24th March 2026,Paul Bailey,3,False,Not Verified | Flew in business class from Hong Kong to Bangkok on the 20th March. The lounge at Hong kong airport was nowhere near to Emirates usual standard. The aircraft looked very dated indeed with sockets for the TV not working and neither were the USB sockets for charging our phones. The seats were extremely uncomfortable for a business class flight Food was average at best and service was also very slow. A passenger who spent most of the journey at the on-board bar was drunk when he returned to his seat. Even although the same passenger became rather loud and was also stood up in the aisle just after landing the crew did nothing about the passengers behaviour. This is not acceptable.,1.0,1.0,2.0,,3.0,,3,no,Couple Leisure,Business Class,Hong Kong to Bangkok,March 2026,0,-0.2628
emirates,20th March 2026,Michael Schade,7,True,"✅ Trip Verified | Check in at BKK was a breeze, lounge with a good choice of F&B. Boarding well organised. The upgraded seats on their A380 are spacious, more comfortable and private. The entertainment system has the best choice, screen size and responsive. Complimentary WIFI worked well throughout the flight. Service was good, beverages of high quality; food was nothing to write home about. The flight from DXB was very different. A rather tired looking and noisy B773 with the old angled flat 2-3-2 configuration. The seats were just ok for the day-flight, but not acceptable for a nightlight. Food was rather underwhelming and service sloppy. I had to make the same requests for drinks and amenities up to three times. No amenity kits for both flights (7 and 8 hours) ,both flights on time. What was missing here was consistency; with one great flight, and the next with below average hard and soft products,",4.0,4.0,3.0,5.0,5.0,5.0,3,yes,Solo Leisure,Business Class,Bangkok to Frankfurt via Dubai,March 2026,1,0.8691
emirates,1st March 2026,T Roseby,5,False,"Not Verified |  I am very disappointed with Emirates. I booked my tickets almost a year before travelling as I like to carefully select my seat and more importantly, the type of aircraft I will be travelling on. Emirates changed the second half of the inbound journey from an A380(which I had booked) to a 777-300. They did not even inform me. I found out when I was looking something up, which resulted in me phoning them and writing to them to ask to move me back to any A380 going into any London airport at any time that day. My e-mail, I never got a reply to, and the telephone conversation resulted in them saying I could pay an additional £400,- for the honour of changing my ticket due to what they had done, not me. They later put a disclaimer on the booking saying “mixed fleet”. The 777-300 was an old and noisy aircraft with an illuminated Non Smoking sign above my head, and nowhere to put my bag anywhere near me. To me, it felt more like a Premium Economy than business class. I have flown with Emirates many times, and I booked the A380 for a reason. Buyer beware.",3.0,5.0,5.0,5.0,5.0,,3,no,Business,Business Class,Bangkok to Gatwick via Dubai,February 2026,0,0.7645
emirates,15th February 2026,T Maddern,8,True,"✅ Trip Verified |   Business Check-in was a bit of a trek from the metro station, but I appreciated the priority tags and also my ski bag being taken from the check-in counter, rather than me having to drag it to the other side of the terminal. Emirates have organised their lounges so they're above the gate you leave from. The lounge had a good array of foods for breakfast. I was pretty annoyed that they didn't give us a jetbridge to board, but bus instead.  On board the crew spoilt us, meals were beautifully presented and they tasted great and there was an array of snacks available. The seats were not the refurbished seats, but were still very comfortable. The cabin was only about 1/2 full, so plenty of room to move around. We were delayed in immigration at Denpasar due to me not following the correct procedure with the airport tax and our bags were waiting for us at the carousel. I'll definitely give Emirates another go.",5.0,5.0,5.0,4.0,4.0,1.0,5,yes,Family Leisure,Business Class,Dubai to Denpasar,January 2026,1,0.9805
emirates,14th February 2026,Martin Greenwood,4,True,"✅ Trip Verified |   I sometimes wonder of the veracity of some over praiseworthy reviews, or were we just unlucky? Our our Manchester to Dubai flight business class was atrocious, we were stuck in the middle two of three centre business class seats - most airlines premium economy is better than this, and the plane was tired and fixtures worn and tatty. Service was abrupt and staff disappeared into the kitchens and stayed there for most of the flight. The food was okay, at BA standard from my recent trips with them. Luckily our transfer in Dubai was fairly brief, because it is an awful place. Our trip in April to Thailand is with Qatar Airways, who are a very long way ahead of Emirates in my experience - a bit like comparing Waitrose with Lidl.",2.0,1.0,1.0,4.0,2.0,1.0,2,no,Couple Leisure,Business Class,Manchester to Male via Dubai,February 2026,0,0.4939
emirates,13th February 2026,Peter Dyson,10,True,"✅ Trip Verified | The flights in Business class were full but the crew were excellent and attentive. The food on the Dubai to Birmingham flight was excellent, a starter of prawn, scallop and fennel and main of trout. Excellent service which must be down to the Cabin Managers who have my compliments",5.0,5.0,5.0,5.0,5.0,,5,yes,Couple Leisure,Business Class,Dubai to Birmingham,January 2026,1,0.967
emirates,13th February 2026,John Rolfe,6,True,"✅ Trip Verified |  Check in at Colombo was quick and there is a priority immigration queue at Colombo that saves a bit of time. Emirates Lounge is of a decent size and is comfortable, with a reasonable choice of food. Flight to Dubai was on a refurbished B777 with the new seating, very comfortable. We chose the smoked salmon starter and roast chicken as the main, genuinely nice. Flight had Wi-Fi onboard but not the latest StarLink and service was a bit unstable. Due to congestion we were 45 minutes late into Dubai. This meant a very tight transit in Dubai. At the time of booking our trip the leg from Dubai to London Gatwick was on an A380, unfortunately Emirates changed the aircraft to a B777 two weeks before travel but did not have the courtesy to advise the passengers, This aircraft was the older config B777 (some 20 years old) with the 3 seats in the middle business class. Whilst I understand Emirates right to change the aircraft type, this was a big step down compared with our expectation of comfort and service, which we had paid for. Their failure to communicate the change was disappointing. The disappointment didn’t end there as the aircraft then suffered a recurring technical issue, which meant the flight was almost 4 hours late departing and almost 3 hours late arriving into Gatwick. These things happen and you must accept this, however frustrating! The service provided by the crew was brilliant and whilst we were on the ground and we got airborne, they were very attentive and the meal and drink service was very good.",3.0,5.0,5.0,5.0,5.0,3.0,4,yes,Couple Leisure,Business Class,Colombo to Gatwick via Dubai,February 2026,1,-0.8799
emirates,13th February 2026,John Rolfe,9,True,"✅ Trip Verified |  Check in at LGW was quick and easy. Flight to Dubai was on an A380, which we prefer to the B777. My wife and I had seats 9E and 9F, which are the middle ‘honeymoon’ seats!. Service was very slick with a good cabin crew. We both chose the beef fillet as the main course, which was tender and juicy. Flight was uneventful with no turbulence. Toilets kept clean and nice to enjoy the bar at the rear of the cabin. Flight landed ahead of schedule. Transit through Dubai was easy with minimal queuing at Transit security. Connecting flight from Dubai to Colombo was on a refurbished B777. We had seats 5E and 5F, very comfortable and the overall ambience on the cabin was very nice. Aircraft was fitted with StarLink so super stable and free Wi-Fi available, very impressive. Flight was only 4 hours, so we didn’t bother with the cooked breakfast offered, so just had the fruits and pastries prior to landing on Colombo. Flight arrived slightly ahead of schedule, immigration was quick and the bags were already on the belt! Overall, very good job by Emirates.",4.0,5.0,4.0,5.0,5.0,5.0,5,yes,Couple Leisure,Business Class,Gatwick to Colombo via Dubai,January 2026,1,0.9904
emirates,8th February 2026,Irfan Awan,1,True,"✅ Trip Verified |  Extremely disappointing experience on Emirates EK416 (Dubai to Sydney, 06 Feb — 13h 50m flight). Despite booking my family under a single booking reference, Emirates split us across different rows, seating my wife and one child separately from me and my other child. Another passenger was placed in our original aisle seats, forcing our family apart on a nearly 14-hour long-haul flight. It looks like Emirates is deliberately separating families to push passengers into paying extra for seat reservations. This is unethical, customer-unfriendly, and unacceptable, especially when traveling with children. Family seating should be a basic right, not a paid privilege. This experience has seriously damaged my trust in Emirates.",5.0,3.0,3.0,4.0,3.0,1.0,1,no,Family Leisure,Economy Class,Dubai to Sydney,February 2026,0,-0.8128
emirates,29th January 2026,B Fan,5,False,"Not Verified |  Only one of the legs the plane was an A380. Decent legroom for economy, plane was in small sections with additional restrooms. Much better design than the Boeing 777s which I had to endure for 3 of the legs with horrible leg room for long haul flights. Decent options for meals and efficient service. Check-in process efficient. Did not provide notification that flight was canceled from DXB - IAD. the status showed my flight was one time (It was not!) I had to go to the app and look at updates. Only happened to see 1-2 days later and scrambled to re-book. They gave me a really bad connection which increased my journey by 14+ hrs. I had paid for aisle seats but they put me in the window and aisle seats which is a rip-off. However, due to my insistence they did give me hotel for my 10 hr layover in DXB which was handled efficiently. It was a mixed bag. I can't honestly say it's a top tier airline. Middle of the pack. Not sure I will use again.",1.0,3.0,3.0,5.0,4.0,2.0,3,no,Solo Leisure,Economy Class,Dubai to Chicago,January 2026,0,0.2576
emirates,25th January 2026,J Carter,5,True,"✅ Trip Verified |   I have to use this airline regularly when travelling to Dubai, as I have no real alternative. The aircraft are very large, which makes boarding and disembarkation particularly time-consuming. The level of service is often below expectations. In short, it is overrated.",3.0,3.0,2.0,3.0,3.0,1.0,2,no,Solo Leisure,Economy Class,Bangkok to Dubai,January 2026,0,-0.296
emirates,15th January 2026,N Pardahit,7,True,"✅ Trip Verified |   My wife and I flew from Boston to Delhi and back in the newly reconfigured 777 Business class. The seats, layout, water availability, entertainment options were good. We found the service in Emirates to vary widely. We are convinced this is due to the crew we have on the flight. The journey to Delhi on both flights was terrific. The staff was attentive, served the meals on time, took extra care of my wife who is hard of hearing. Unfortunately the return journey from Dubai to Boston was terrible. Both my wife and I felt the service was lacking the care, the food quality was poor and missing personalized attention. It looked as if the crew were performing the service from a check list. This was a poor flight experience. It left a sour taste and we will consider other airlines for future travel.",1.0,4.0,3.0,1.0,1.0,,1,yes,Couple Leisure,Business Class,Delhi to Boston via Dubai,January 2026,1,0.5574
emirates,11th January 2026,Aaliyan Shahzad,2,True,"✅ Trip Verified |   The crew was the best part of the flight. The plane had scratched windows, old/outdated screens, and the touch didn’t even work. The whole cabin felt worn-out.",3.0,4.0,,,2.0,,1,no,Family Leisure,Economy Class,Sialkot to Dubai,July 2025,0,0.6369
emirates,11th January 2026,Ralph Jones,6,True,"✅ Trip Verified |   It’s been a while since I have seen such poor service. Crew looked uninterested and many were inexperienced. One senior had a group of four crew members together to give detailed instructions of service in economy class. A very slow food service. Still serving the last of the economy meals over Bahrain, around one hour before landing into Dubai.  Call bell went unanswered for around 7 to 8 minutes.",4.0,1.0,3.0,3.0,5.0,,3,yes,Business,Economy Class,London to Dubai,January 2026,1,-0.4767
emirates,4th January 2026,N Kumar,4,False,"Not Verified |  I was very disappointed with my recent experience flying with Emirates. The pre-boarding process was extremely disorganized. Cabin crew appeared uncoordinated and were running around without clear direction, which set a poor tone from the start of the journey. During meal service, my pre-requested vegetarian meal, which I had arranged several weeks prior to the flight, was not provided. This is a basic expectation on long-haul flights and reflects poorly on the airline’s attention to detail and passenger needs. The speed and efficiency of service throughout the flight was also subpar. Service was slow, inconsistent, and highlighted the lack of organization among staff. Additionally, Emirates often promotes its ICE entertainment system as industry leading, but I found the movie and TV selection to be outdated and underwhelming. Overall, this flight fell well below expectations. I would only consider flying with Emirates again if there were no other options, as there are several airlines offering comparable—or better—service at a lower cost.",3.0,2.0,3.0,2.0,1.0,1.0,3,no,Solo Leisure,Economy Class,San Francisco to Dubai,December 2025,0,-0.7036
emirates,30th December 2025,Timothy Patrick,4,False,"Not Verified |    Great service from Salma in PE. The ground service was awful and I would not recommend this route to anyone. check in at Bogotá - we waited 2 hours in a slow line . No priority for Dubai pax or premium economy. Worst experience I’ve had in 20 years of flying. One uniformed staff member who strutted around but no eye contact with any passengers. No line management . Miami arrival - after immigration (there is a transit line but it’s not clear) baggage was shambolic . Dubai bags came out last. Took around an hour, no priority label given. Gate far away. Again on board all great. Guys at transit desk work very slowly with no urgency. Crew saw the luggage shambles and wisely left the airport quickly . Based on the appalling ground service I’d avoid this route. Do not recommend.",4.0,5.0,5.0,5.0,1.0,2.0,4,no,Couple Leisure,Premium Economy,Bogotá to Dubai via Miami,December 2025,0,-0.9558
emirates,24th December 2025,Karim Boulos,5,True,✅ Trip Verified |   Worst service on flight I had. Internet wouldn’t work at all although constantly refreshing. They also didn’t accept to refund the amount they charged. They also delayed us 2 hours and half to leave and barely offered us any top ups for wine.,4.0,2.0,3.0,4.0,3.0,1.0,3,no,Business,Business Class,London to Dubai,December 2025,0,-0.5574
emirates,21st December 2025,A Raneri,1,True,"✅ Trip Verified |   This review was being written while passengers are still on a bus, driving for more than ten minutes to reach the aircraft. Over multiple flights, a clear and uncomfortable pattern has emerged: routes serving certain countries are repeatedly assigned remote gates with bus boarding, while flights to other destinations receive jet bridges. When this happens again and again, it no longer feels like an operational coincidence — it feels like unequal treatment based on route, and by extension, the passengers traveling on it. Adding to the frustration is the behavior of some ground staff. Instead of empathy or professionalism, passengers are often met with impatience and dismissive attitudes, which only reinforces the feeling of being treated as less important.  Equal standards should apply to all passengers, regardless of where they are flying to. Respect, fairness, and consistency are not optional values.",1.0,2.0,2.0,2.0,1.0,1.0,1,no,Solo Leisure,Economy Class,Amsterdam to Iran via Dubai,December 2025,0,-0.1157
emirates,17th December 2025,John White,2,False,"Not Verified |    One of the worst customer service experiences I’ve ever had. I have been trying to have miles credited from a completed international trip for over five months. During this time, I have called the Emirates call centre at least five times. On every occasion, I was told the issue would be resolved within 48 hours. Not once did anything happen. Instead, I was repeatedly bounced between Emirates and Qantas, each airline claiming the other was responsible. No ownership. No accountability. No resolution. Just endless deflection. The call centre experience has been exceptionally poor. Agents provide scripted responses, make promises they clearly cannot keep, and then disappear behind another “48-hour” timeline that means absolutely nothing. Escalations go nowhere. Follow-ups are ignored. You are left feeling completely powerless as a customer. This level of incompetence is shocking for an airline that markets itself as premium. If this is how Emirates handles something as basic as loyalty points, I shudder to think how genuine operational issues are managed. To make matters worse, this experience comes on top of frustrating connecting-flight coordination and a total lack of joined-up service across partner airlines. The entire system feels fragmented, outdated, and indifferent to the customer. After months of wasted time, repeated calls, and zero progress, I have lost confidence not just in Emirates Skywards, but in Emirates as a brand. This is not a premium airline experience. It is bureaucracy, deflection, and silence. I would strongly caution anyone who values their time, loyalty, or sanity.",1.0,1.0,1.0,1.0,1.0,1.0,1,no,Family Leisure,Economy Class,Brisbane to MIlan via Dubai,July 2025,0,0.7737
emirates,16th December 2025,S Hales,6,True,"✅ Trip Verified | EK241 was a complete disaster from start to finish. My wife and I purchased companion seats with extra leg room (67H/J) only to have the experience ruined by an unruly tour group and kids who made going back and forth to the bathroom a group activity. When the issue was raised with the Cabin supervisor at the end of the flight, he placed the onus on us to communicate the issue, despite me countering that the cabin supervisor has a responsibility to manage the cabin by regularly walking around the cabin. Sorry Emirates, slick advertising does not translate into value added for the customer.",2.0,2.0,4.0,3.0,5.0,,2,no,Couple Leisure,Economy Class,Dubai to Toronto,December 2025,0,-0.8603
emirates,14th December 2025,Timothy Patrick,9,True,"✅ Trip Verified |   Hong Kong check in unfriendly and brusque. Staff added the dreaded SSSS to my ticket which got me enhanced check in Dubai - not fun. On board staff seemed frenetic and not super friendly. Cabin way too warm. Dubai stop all ok and then the long flight to Miami. The crew were wonderful. Food drinks super and seat great. Stop in Miami a bit stressful. You recollect bag and then add it to a special desk and do slow security. Flight to Bogotá great, quiet business class and lovely staff.",5.0,5.0,5.0,5.0,4.0,3.0,4,yes,Solo Leisure,Business Class,Hong Kong to Bogotá via Miami,December 2025,1,0.8138
emirates,5th December 2025,M Halsten,2,True,"✅ Trip Verified |   Emirates used to be a great Airline but that was many years ago. I always enjoyed flying with them and the service was great. Nowadays the airplanes are old, technical equipment is outdated and they are getting more strict with luggage. Every month I’m only traveling with hand luggage and a small backpack with laptop to save time when arriving. I have a tense timeline in dubai and cannot afford to lose time. Anyway, they told me to have my hand luggage being checked in and there was no chance to put it into the airplane - not even with extra payment. This doesn’t even happen with discount airlines but a premium airline is acting this way. Next time I’ll go with different airline to be sure not to miss any meetings.",2.0,3.0,3.0,2.0,1.0,2.0,1,no,Solo Leisure,Economy Class,Frankfurt to Dubai,December 2025,0,0.9832
emirates,5th December 2025,Ron Earnshaw,3,False,"Not Verified |  The worst flight I've been on. Poor service from the cabin crew, children screaming, and a terrible off duty Emirates employee on the flight being a real jerk. Their complaint system is onerous, and Emirates did nothing about the entire situation.",3.0,1.0,3.0,4.0,4.0,4.0,3,no,Couple Leisure,Economy Class,Toronto to Dubai,October 2025,0,-0.9477
emirates,4th December 2025,Mayanka Khetarpal,6,False,"Not Verified |  I was disappointed with the airline. The aircraft & seats from Bombay to Dubai were very uncomfortable. Food served on that sector was very average & disappointing. The service from Dubai to Nice was very slow, the first meal was served an hour and a half after take off and we barely finished the first meal and we were given the second meal in an hour after we finished the first . On the way back the food from Dubai to Bombay was very average. Overall I was not very satisfied with flying Emirates.",3.0,3.0,3.0,4.0,3.0,1.0,3,yes,Family Leisure,Economy Class,Bombay to Nice via Dubai,November 2025,1,-0.8483
emirates,25th November 2025,Hasantha Gunasekera,8,True,✅ Trip Verified |    New aircraft and good service for this short haul fllght. Seat was good and food not too bad. Service OK. Was able to access First Class Lounge as Oneworld Emerald - a huge lounge with multiple food and entertainment options.,4.0,4.0,4.0,,5.0,,4,yes,Solo Leisure,Business Class,Dubai to Bahrain,November 2025,1,0.9144
emirates,24th November 2025,Hasantha Gunasekera,10,True,"✅ Trip Verified |   This is truly a great experience and well worth using Frequent Flyer points to upgrade! With the Dom and Caviar and 5 minute shower in the air, it is the definition of luxury. The suite is spacious and there are multiple snack options right at your seat, without having to call anyone, while watching the huge selection of entertainment options. I couldnt find Ghosts (UK version) on this flight (but it was on the short haul route from Bahrain), so it seems the options vary by flight. The crew was exceptionally friendly and helpful - very different to the Emirates general Ground staff (other than the First Class Checkin and Lounge staff), who I have found to be rude and disinterested on multiple occasions over decades, including this trip. Sad, but at least the in flight crew are great.",5.0,5.0,4.0,4.0,1.0,4.0,3,yes,Solo Leisure,First Class,Dubai to Sydney,November 2025,1,0.9401
emirates,14th November 2025,N Barsal,3,True,✅ Trip Verified |    Horrible lounge at Miami with filthy bathrooms terrible food. Disappointing business class with inconsistent service and poor food selection. Small bathrooms and unclean at times.,3.0,1.0,1.0,4.0,4.0,1.0,1,no,Business,Business Class,Miami to Dubai,November 2025,0,-0.9169
emirates,11th November 2025,N Reddy,1,True,"✅ Trip Verified | I had the worst experience with the Emirates baggage customer care team. My luggage was lost during travel, and instead of proper support, the compensation process was extremely disappointing. I lost around 12 kg of personal items including clothes, shoes, and essential belongings. Emirates is asking for original purchase receipts for compensation, which is not realistic. No one travels assuming their luggage will be lost and keeps receipts for everything they pack. The compensation offered was very low and not even close to the value of what I lost. Even buying a single pair of good shoes with it is difficult. On top of that, the process is extremely slow. It took almost a month just to get an update, and now the compensation payment is said to take another month. This entire process has been stressful, time-consuming, and disappointing.",4.0,4.0,4.0,2.0,1.0,1.0,2,no,Solo Leisure,Economy Class,Kochi to Dubai,October 2025,0,-0.9054
emirates,9th November 2025,C Heale,4,True,"✅ Trip Verified |   The last leg from Dubai to Phuket was a very disappointing experience. Seats are narrow, recline was limited. Hospitality was nothing great so for us this was the last time flying Emirates. The premium price is not getting you any better service, seats or boarding service.",5.0,3.0,2.0,2.0,3.0,2.0,1,no,Couple Leisure,Economy Class,Amsterdam to Phuket via Dubai,November 2025,0,-0.6991
emirates,2nd November 2025,F Carter,3,True,"✅ Trip Verified |    They are not accommodating at all — especially when it comes to their call centre. I fly with Emirates around four times a year because I have to travel through Dubai, but if I could avoid them, I certainly would. I honestly don’t understand where their so-called good reputation comes from. I’m a frequent traveller, flying both economy and business class several times a year with airlines such as Thai Airways, Cathay Pacific, Turkish Airlines, Ethiopian Airlines, and Singapore Airlines — and all of them are better than Emirates. It’s hard to comprehend how Emirates is so overrated. And this opinion isn’t based on one bad experience — it has happened many times. Not to mention delays, cancellations (including one from Antananarivo), and overall poor service. Simply awful.",4.0,4.0,2.0,4.0,2.0,1.0,2,no,Business,Economy Class,Antananarivo to Dubai,September 2025,0,-0.3612
emirates,31st October 2025,Azqan Baig,2,False,"Not Verified | I travelled with Emirates on flight EK087 from Dubai to Zurich on 29 October 2025, and my experience has been extremely disappointing. My checked-in luggage was left behind in Dubai. The supervisor at Dubai Airport assured me it would be sent on the next available flight and delivered directly to my hotel in Zurich — but that promise was never fulfilled. This was an important business trip, and all my business suits, documents, and personal essentials were in my luggage. Because of the delay, I suffered serious inconvenience and financial loss, including the cancellation of a business meeting. It has now been three days, and I have still not received any update or information from Emirates. I have contacted customer service more than 20 times through calls and chats, and each time I was promised a follow-up — yet no one ever contacted me. The lack of responsibility, communication, and empathy from an airline of this reputation is truly unacceptable. I am now seeking compensation for the financial and personal losses I have suffered, and I sincerely hope Emirates handles this matter with the seriousness it deserves.",3.0,1.0,3.0,3.0,1.0,3.0,1,no,Business,Economy Class,Dubai to Zurich,October 2025,0,-0.9419
emirates,22nd October 2025,H massin-,2,True,"✅ Trip Verified |  While checking in from Dubai to Dhaka, I had one hand carry bag which had only 6 KG weight. The check in counter agent forcefully gave my carry bag to booking even though I had requested him not to because I had Laptop in it. He denied and he didn't even look at to my eyes while interacting, keep on looking to the monitor and said ""It is rule"" he can't do anything. I didn't expect this type of service from Emirates.",4.0,4.0,4.0,4.0,1.0,,1,no,Business,Economy Class,Barcelona to Dhaka via Dubai,September 2025,0,0.0772
emirates,10th October 2025,Stacey Del Socorro,4,False,"Not Verified | Our flight from London was delayed, and we were stranded in Dubai two days. The airline provided hotel accommodation and returned our checked luggage, which had already been weighed and confirmed within the baggage limit. The evening we were about to leave, during check-in for our flight to the Philippines, things took a negative turn. The baggage counter staff member or manager seemed surprised that I spoke fluent English and kept asking, “Are you Filipino? Where did you learn English?” The repeated questioning felt uncomfortable and unnecessary. When he checked our luggage again, he suddenly said it was overweight, even though it had been approved earlier. My mother was anxious about missing the flight, so we complied. But he kept lecturing “you need to understand the English ruels more on weight for bags.” Even when my bag showed 30.2 kg, well within the usual 1–2 kg leeway, he insisted I remove items. Some of my packed food from London was confiscated without clear explanation. Overall, it was an embarrassing and disappointing experience. The inconsistency in baggage handling made us feel disrespected.",3.0,3.0,4.0,4.0,3.0,1.0,3,no,Family Leisure,Economy Class,London to Cebu via Dubai,November 2024,0,-0.9558
emirates,5th October 2025,J Foster,5,True,"✅ Trip Verified | There was a long queue, even in business class — I was flying business. Boarding these enormous aircraft is always a challenge, as there are never enough ground staff or air bridges. Not to mention the economy passengers who must queue for nearly a hundred metres before reaching their seats. My previous flight was with Air Mauritius, a smaller airline, but there were only a handful of passengers in business class and I felt much more comfortable. Emirates, on the other hand, is really about the mass market. It doesn’t offer the same refined, intimate luxury experience I’ve had with some other airlines. The aircraft are always full, and overbooking is common — I’ve even been bumped to another flight before because of it. That said, the onboard service was perfectly fine. Emirates is widely praised — though not by me — and I find it somewhat overrated. It’s all about moving as many people as possible; the goal is clearly to fill those massive planes, and it shows. Unfortunately, this comes at the expense of true quality. I will fly with them again as I have to on some routes but I have not been impressed by Emirates since before Covid.",4.0,4.0,4.0,4.0,3.0,3.0,3,no,Business,Business Class,Mauritius to Dubai,October 2025,0,0.9773
emirates,1st October 2025,Wayne Good,10,False,"Not Verified |    Geneva to Dubai I was able to upgrade with points to Business. Newly refitted 777 with 1-2-1 seating. Very nice, although the armrests are fixed so narrows the sleeping position a bit. The screen is enormous. Food excellent and food very good. Lovely service. Being Skywards Gold I love how the purser always personally welcome me. Remote stand in Dubai. This puzzles me as there were plenty of air bridges available. Good 4 hour layover in Dubai lounge. Dubai to Auckland, plane packed, so no upgrades available. As far as economy goes, Emirates does it well, however they can’t help crying children. And there were 2 very near me. I was silly not having any ear plugs with me. I usually sleep, even in economy, but not really able to. A very long 16 hours, leaving me quite tired. Food was very good, good service. Was very pleased to get off in Auckland. Which leads me to something else. Why oh why does it take so long for the air bridge to be attached to the plane in Auckland. After such a long flight all you want to do is get off. A good 20 minutes! Happens all the time in Auckland. So good flights.",5.0,5.0,5.0,5.0,4.0,,5,yes,Business,Business Class,Geneva to Auckland via Dubai,September 2025,1,0.9854
emirates,29th September 2025,Hairil Fahmi Yusof,5,True,"✅ Trip Verified |  I recently flew with Emirates and had a mixed experience. The plane felt quite old and narrow compared to expectations, which made the journey less comfortable. Not very wheelchair-friendly overall, though some effort was made. The meals served were enjoyable, and the toilets were well maintained throughout the flight. The crew were friendly and patient, especially in accommodating my mother who was traveling in a wheelchair. However, their grooming standards could be improved — some did not appear as neat or polished, with hair not properly combed. Overall, while the food and cleanliness met expectations and the crew were kind, the aging aircraft, limited accessibility, and grooming standards left room for improvement.",5.0,2.0,2.0,5.0,5.0,2.0,3,yes,Family Leisure,Economy Class,kuala Lumpur to Jeddah via Dubai,September 2025,1,0.9462
emirates,18th September 2025,Ken Howie,10,False,"Not Verified | The Emirates chauffeur service is superb, and check-in was quick and easy. However it was quite a trek to the lounge, and not well signposted. Boarding was a breeze, direct from the lounge. The A380 cannot be faulted, and is matched by the attitude of the crew. Meal service was quite slow, particularly taking into account the time and duration of the flight. I decided I had to experience the onboard bar, a first time, which would be great on a long flight. In Dubai I had requested assistance, which was fortunate as it was a considerable distance to another terminal. Again boarding was direct from the lounge, and instead of the old 777 with 2x3x2 configuration, it was the new version with same seating as the A380. What an improvement. On arrival in Durban I was through passport control, had my luggage, met my chauffeur, and was on my way to the car within 30 minutes. All in all this was an excellent trip in both directions, the chauffeur service being the cherry on the top.",1.0,1.0,1.0,1.0,1.0,,1,yes,Solo Leisure,Business Class,London to Durban via Dubai,September 2025,1,0.971
emirates,8th September 2025,S Manhein,8,True,"✅ Trip Verified |   Entering the A380 give you that feeling wow. Stunning design, smiling cabin staff with a tray of drinks. The menu is out of quality paper and warm towels are served. Staff introduce themselves and are so attentive through the trip. My food is beautiful. I enjoyed Grey goose.",5.0,5.0,5.0,5.0,5.0,,5,yes,Couple Leisure,Business Class,Singapore to Dubai,September 2025,1,0.9595
emirates,7th September 2025,M Basari,1,True,"✅ Trip Verified |   I am extremely disappointed with Emirates. I entrusted my baggage to them, even paid an additional $230 for excess luggage, and yet they managed to lose it. It has now been 8 days, and my baggage is still missing with no concrete update. At Vancouver Airport, under the supervision of the airport information desk, I contacted Emirates. After spending a very long time on hold and explaining the situation to the first operator, I was transferred to a second person—only to repeat my story again—who then transferred me to a third representative. This last individual was shockingly rude and dismissive, completely unprofessional for an airline that promotes itself as “luxury.” He bluntly told me that he would not help me and that everything must be done online, despite the fact that I had already completed the online process multiple times. This experience has completely destroyed the positive image I once had of Emirates. For an airline that prides itself on premium service, their handling of my baggage situation and customer support has been nothing short of unacceptable. I will think twice before flying with Emirates again.",1.0,1.0,1.0,1.0,1.0,,1,no,Family Leisure,Economy Class,Tehran to Dubai,August 2025,0,-0.8832
emirates,7th September 2025,Franz Larsen,3,True,"✅ Trip Verified |  The service, the food even the cleaness of the planes has drastically degraded since cCovid. I used to look forward to fly with this company now I also try to find an alternative. Sad to see what used to be a prominent brand become just another common airline.",2.0,2.0,2.0,4.0,3.0,3.0,2,no,Solo Leisure,Economy Class,Geneva to Dubai,September 2025,0,-0.5574
emirates,4th September 2025,N Su,1,False,"Not Verified | This was my first time flying with Emirates, and I expected better. With all the hype around them being a world-class airline, I figured I was in good hands. Turns out, I was wrong. I flew from Bangkok to Dubai, then on to Amsterdam. Things got rocky during landing in Dubai—literally. The plane hit serious turbulence, and just seconds before touching down, the pilot suddenly pulled up and went around again. Total chaos onboard. People were panicking, and the woman next to me went into a full-blown panic attack. We were left in the dark for a while until the captain finally announced, 15 minutes later, that we couldn’t land due to strong winds. Fair enough but say something sooner. The silence made everything worse. When we finally landed, I had just 30 minutes to catch my next flight. There were zero ground staff around to help. No signs, no directions, nothing. I had to full-on sprint across Dubai airport just to barely make it. At the gate, staff casually told me, “You’re really late, we were about to leave.” I told them my flight was delayed and they just said, “But you made it!”  Zero accountability. On the next leg to Amsterdam, I pushed the call button because I needed water to take my meds (window seat, couldn’t easily get up). Nothing. I waited over two hours. Not a single crew member showed up. I only got water when food was finally served. Three hours in, someone came by and noticed the call light still on. I told them I pressed it ages ago. They just said, “Okay, please turn it off then.” That’s it. No apology, no acknowledgment, nothing. Honestly, no one gave a damn. I’ve flown with over 20 airlines (yes, mostly economy), and this was hands down one of the worst experiences I’ve had. Not because of the turbulence, that happens. But the way Emirates handled everything? A complete joke.",1.0,1.0,1.0,3.0,1.0,1.0,1,no,Solo Leisure,Economy Class,Bangkok to Amsterdam via Dubai,September 2025,0,-0.5243
emirates,2nd September 2025,Val Marques,3,True,"✅ Trip Verified |   The flight was good, no problems, however, they damaged my baggage. When I filed the complaint, the customer service representative tried to wiggle out every single possible reason not to assume the responsibilty. First he claimed I didn't lodge the claim within specified timeslot. Overturned. I proved to him I did lodge it on time. Then he claimed that I didn't pack the luggage correctly. Overturned - if they accepted it to be carried as check in luggage, then it was packed to their standards. When he run out of options, he just stated that he considers this matter closed and no furter action will be taken. That's it. No dispute resolution process. So effectively, I left with crushed luggage and no compensation. Take your luggage with you if you don't want it to be used as a trampoline by the baggage handlers",3.0,3.0,4.0,4.0,1.0,,2,no,Solo Leisure,Business Class,Dubai to Melbourne,July 2025,0,0.2168
emirates,1st September 2025,Virginia Bolton,8,True,"✅ Trip Verified |   Recently flew Emirates Business class for the first time. The crew between Melbourne and Dubai is the best crew I have experienced, and the crew between Dubai to Munich were excellent as well. The flights were comfortable on the A380, my favourite aircraft. However the fit out is starting to look a bit tired, but the seats were reasonably comfortable (although have travelled in better on other airlines). The armrests seem to be the wrong height. It was different but I got used to it The meals and service were fantastic. And the wifi worked. The entertainment system is excellent - caught up on some movies. Landing in Munich, I was through customs and had collected my bag within 15 minutes.. that’s a record for me. Also enjoyed the chauffeur service.",3.0,5.0,5.0,5.0,5.0,5.0,4,yes,Solo Leisure,Business Class,Melbourne to Dubai,August 2025,1,0.9844
emirates,30th August 2025,Frederik Botha,10,True,"✅ Trip Verified |  Cairo to Bangkok via Dubai to Bangkok. What is usually a very taxing and boring flight, was made immensely more enjoyable on Emirates! The staff pay diligent attention to passengers, the cleanliness of the plane and WC's, the nice touch of supplying a snack or two when asking for water, all this makes this a very enjoyable flight. And of course the in-flight Entertainment System is top-notch. A Flight Attendant came round offering to take an instant photo as a memento of my flight, haven't ever experienced this.",5.0,5.0,5.0,5.0,5.0,,5,yes,Solo Leisure,Economy Class,Cairo to Bangkok via Dubai,August 2025,1,0.8524
emirates,21st August 2025,S Yan,1,True,"✅ Trip Verified |  I am utterly disappointed with Emirates and feel completely misled after two consecutive nightmare experiences. My first flight was booked from Hong Kong to NYC with a stated layover in Dubai. Upon checking in, I was shocked to discover an additional layover in Milan. This was never mentioned at any point during the booking process. I specifically paid a premium for a one-stop flight, not two. Other two-stop flights were cheaper, but Emirates charged me more and delivered an inferior, longer product. The return trip from Rio to HK was even worse. After Dubai, the plane landed in Bangkok for 1.5 hours. We were held on the hot aircraft without being allowed to disembark. When I politely asked to get off to use the WiFi and stretch my legs, I was refused. Upon returning to my seat after this ordeal, I discovered that the cleaning crew had already removed all my personal belongings. While the staff retrieved my jacket, my wash bag and original cables were lost forever. Their ""solution"" was to hand me a bunch of random, mismatched cables. I strongly advise anyone booking a flight to avoid Emirates unless you enjoy paying for a premium product and receiving a substandard, deceptive service.",3.0,1.0,3.0,2.0,1.0,3.0,1,no,Solo Leisure,Economy Class,Rio De Janeiro to Hong Kong via Dubai / Bangkok,August 2025,0,-0.4848
emirates,13th August 2025,James Saks,1,True,"✅ Trip Verified | We pre-booked a bassinet with Emirates well in advance, specifically for our one-year-old, only to be told onboard that he could not fit in it. Instead of offering a practical solution, the staff’s response was to push us into paying for an upgrade to a larger seat — while my wife was forced to sit with the baby strapped to her for the entire flight. At no point during booking or pre-departure was the bassinet’s actual size or weight limit communicated. Had we known, we would have booked our child his own seat with a car seat from the start. This lack of transparency caused unnecessary stress and discomfort on a long-haul journey. To make matters worse, the crew we dealt with were rude, dismissive, and showed no genuine willingness to help a family traveling with an infant. Their attitude made a difficult situation even more unpleasant. Strongly advise against flying with Emirates if you’re traveling with a baby — especially if you’re relying on their bassinets. Other airlines, like Singapore Airlines and Virgin Australia, provide larger bassinets that go up to 16–18 kg, and their crews are far more accommodating to families. Verdict: Misleading information, zero empathy, and unhelpful staff. Not a family-friendly airline.",1.0,1.0,1.0,1.0,1.0,2.0,1,no,Family Leisure,Economy Class,Johannesburg to Dubai,August 2025,0,-0.9616
emirates,12th August 2025,Ken Howie,9,False,"Not Verified | Business class flight from Durban to London via Dubai. Used the chauffeur service which was excellent. Check in and formalities were very quick, and I was in the lounge within 15 minutes of arrival. The 777 shows signs of its age, especially with the 232 seating, but this was not a problem, as with only 4 passengers in the forward cabin everybody had a double seat. The seats are angle flat, which was not really an issue. I was quickly offered a glass of champagne, the start of excellent service throughout the flight. Drinks and snacks were served after take off, with the meal following a hour later. I opted for soup, which was superb, followed by lamb wellington which was disappointing, finishing with a nice selection of cheese with a glass of port. The selection of wines was good. It was noticeable how noisy the 777 was, compared with more modern aircraft. The seat despite not being fully flat was comfortable, permitting a few hours sleep before arrival in Dubai. Any shortcomings in the aircraft were made up for by the superb service throughout the flight. The second leg was on the A380, which lived up to the promises of the adverts. Lots of space, lots of storage, and a fully lie flat bed with good leg/foot space. The high standard of service continued.. I slept for a few hours after take off, giving breakfast a miss. The onboard bar seemed popular, and whilst not using it, passed through on the way to the toilets, which are right at the back beyond the bar. These are the only toilets, which are some distance if sitting at the front of the cabin. Service is from a galley beyond the bar, so there is a fair amount of traffic up the aisle. Lunch was served about 2 hour’s before landing. Again a superb soup starter, disappointing main course, and excellent wines. In London I used the chauffeur service, which was excellent. All in all this was an excellent trip, marked by superb service.",4.0,5.0,4.0,,4.0,,4,yes,Solo Leisure,Business Class,Durban to London via Dubai,August 2025,1,0.9973
emirates,12th August 2025,S Gan,2,True,"✅ Trip Verified |   My Samsonite was damage on the flight Melbourne to London 26 June. The damage was reported the next day. Dina from Emirates Customer Care wrote back to say it must be reported at the airport although the law allows 7 days for filing a report. I emailed photos of the damage and also advised that I was leaving UK on the 4 Jul. Dina emailed on the 4 Jul that the suitcase would be collected to be repaired. I had left the suitcase with my mother in the UK. Failed collection over 3 days as Emirates had given the incorrect address. 28 Jul Emirates emailed to say Samsonite has been repaired and will be dropped off where it was collected in UK. Bear in mind, I had been emailing constantly to chase up and to find out what was going. The Montreal Convention - which Emirates is part of - states that the repaired suitcase has to be delivered to the passenger. Emirates refuses to do so. Very disappointing service - Emirates dragged their feet responding to emails and when finally had to act, took so long that by the time they fixed the suitcase I was back in Australia. Emirates refuses to send the repaired suitcase back. Utterly disgraceful behaviour.",3.0,3.0,,,1.0,,1,no,Family Leisure,Economy Class,Melbourne to London via Dubai,June 2025,0,-0.9245
emirates,6th August 2025,Stephen Hesketh,4,False,"Not Verified |   Seat 57g aisle seat must have been one of the most threadbare and uncomfortable seats I have ever had the misfortune to be seated on (an A380-800, a very old one). Food was way below par from what it once was. Boeing 777 was a very old one, also noisy and not been updated, not comfortable.",1.0,4.0,4.0,3.0,2.0,2.0,3,no,Couple Leisure,Economy Class,,August 2025,0,-0.7404
emirates,28th July 2025,Liz Wahlen,1,False,"Not Verified |   I flew on Emirates for the first time last month and was extremely disappointed. They did not follow through with their promised services, so don't be fooled. They offer a fancy, glossy package of business class, but the reality is they don't meet what's advertised. My flight was delayed landing in Dubai, but rather than drive me to my next flight as promised, they decided I wouldn't be able to make it and cancelled my ticket before I even tried. I asked the drivers at the gate if they would kindly take me, and I was denied. I ran 20 minutes across the airport, and arrived on time but was told they had made the decision for me. My baggage was delayed by 2.5 days - they couldn't explain why it wasn't loaded on the next two flights. My meal was also no longer available since they had taken me off the flight. I was also promised reimbursement of expenses upon arrival. I had a large presentation the following day, and none of my expenses for that meeting were covered. I also had a very rude driver getting to the airport. Don't trust the airline, and definitely don't trust their layovers. It's really too bad - I was looking for a new primary airline for business travel, and it certainly won't be Emirates.",5.0,5.0,4.0,4.0,1.0,4.0,1,no,Business,Business Class,Amsterdam to Tokyo via Dubai,June 2025,0,-0.9159
emirates,25th July 2025,Jeena Thomas,4,False,"Not Verified |    I was on flight EK344 from Dubai to Malaysia on [07/07/2025]. Despite the 7-hour flight duration, the second meal service was skipped entirely. No announcement or explanation was provided by the crew. I would appreciate an explanation and appropriate compensation.",3.0,1.0,1.0,3.0,3.0,3.0,2,yes,Solo Leisure,Economy Class,Dubai to Kuala Lumpur,July 2025,1,0.0534
emirates,14th July 2025,Axel Lorsold,1,True,"✅ Trip Verified | I contacted Emirate to make sure my 74 year old mom who has difficulties to walk would get wheel chair assistance. The service was not provided in Dubai, both ways. I sent a complaint and the staff had the audacity to answer me that they checked with the staff and that my mom received assistance. Basically calling her a liar. She wrote back, stating the detail of her experience. I additionally required to check the CCTV to confirm what my mom experienced. The response I received was that they would basically only take in consideration the staff version of the story and give 15000 complimentary skywards miles as a “gesture of goodwill”. Emirates never acknowledged their mistake. And they have the audacity to give my mother miles, in case she wants to experience their pathetic service again. The audacity has no limit.",2.0,4.0,1.0,3.0,1.0,,1,no,Solo Leisure,Economy Class,Lyon to Singapore via Dubai,May 2025,0,-0.7479
emirates,6th July 2025,Darrell Parsons,2,False,"Not Verified |  Travelled with Emirates in April 2024. Baggage was lost / delayed for 5 days on arrival at MUC. Submitted claim for emergency essentials totalling €716.13, all receipts provided. Emirates agreed to pay €219 which I rejected and after numerous ongoing emails to them, no communication at all apart from from an auto reply stating it’s on review and I will be contacted in 14 days, over a year now and nothing and I will continue to take this further until full reimbursement of a legitimate claim is settled. Disgraceful service from Emirates, of which I was once a Gold member. Would not recommend Emirates Airlines to anyone anymore, worst service ever experienced!",2.0,4.0,3.0,3.0,1.0,4.0,2,no,Business,Economy Class,Dubai to Munich,August 2024,0,-0.9442
emirates,5th July 2025,H Varish,2,True,"✅ Trip Verified |   My father expired on Jun 17th 2025 and I had to attend funeral, this is emergency travel on June 18th 2025. I had almost no time to convince my manager at work and get emergency passport renewal. When I checked their fares, they were very high. Normally it should be around 1300 CAD in their Economy class one way but it shows 2400 CAD ( 4 seats left ) while checking their fares on their web site. While booking I got a call from my boss, after 10 minutes it shows the fare increased to 2700 CAD and shows only 2 seats left. I was worried and booked it. I cannot select seat due to last minute booking. When I reached airport the check in lady said only aisle seats available but the 3 seats next to me will be empty, if they assign someone there ask them to give you another seat. Not sure what this makes. I cannot sleep on those empty seats, just can stretch my legs. They did not assign anyone in those seats but Emirates air hostess and staff on flight keep looking at me strangely. When I checked the other seats I see other passengers have empty seats in Economy class next to my row and they were sleeping on them. I paid double the normal fare and it is not a last minute pleasure trip. I see more than 30 empty seats on the flight within the 4 rows front and behind my row in economy class. I was not assigned a seat in Dubai to Hyderabad flight but issued boarding pass in Toronto. Eventually they gave me Business class aisle seat, that flight is only 3.5 hours and I could not sleep in that short period. The food and drinks they offered in business class is same as in economy class. Their food is Indian cuisine which was ok to me. Shame on Emirates with this type of wrong news about availability of seats and impersistent seat allocation. Decided never travel on Emirates flights in future. Advise other travelers never fly on Emirates. Though food was good but all the free beers, vodka, or scotch whiskey is not worth the price you pay. Very bad experience.",2.0,3.0,2.0,1.0,2.0,,1,no,Solo Leisure,Economy Class,Toronto to Hyderabad via Dubai,June 2025,0,-0.9048
emirates,1st July 2025,Maryam Sadeghi,1,True,"✅ Trip Verified |   Emirates is the worst experience I have ever had.  Bad food, rude staff, awful airport and the worst service. They did not dispatch my luggage. I am waiting for it for days. Every day, they were calling me that your luggage will be delivered today and I had to stay at home. But they did not. The airport was the worst. Tap water was warm. There was not enough seats for people in front of gates. While Qatar Airways airport in Doha has separate spacious room with comfortable seats for ladies, there was not such a thing in Emirates airport. You had to pay for every single basic single. I never will fly with Emirates again.",1.0,1.0,1.0,1.0,1.0,1.0,1,no,Solo Leisure,Economy Class,Sydney to London via Dubai,June 2025,0,-0.8689
emirates,30th June 2025,Mark Zambelli,7,False,Not Verified |  Very comfortable flight and good service. Seat was comfortable. Entertainment system wasn’t that great and not many good movies. The food was disappointing bland and lacking flavour.,5.0,5.0,2.0,3.0,5.0,,5,yes,Solo Leisure,Economy Class,Dubai to Paris,June 2025,1,0.9019
emirates,25th June 2025,Christian Prade,1,True,"✅ Trip Verified |   Economy class, Zurich to Dubai was a nightmare! Delayed departure, 380 people standing (very few seats occupied), crowded in a hot room with no air or window. The A380 was old and not upgraded. The TV screen broke after 30 minutes flight. My wife called 2 times. 2 different annoyed crew responded ""I'll come back to fix it"". They never come back and no ICE system available during the entire flight. Worse, I ordered a $600 watch. The steward told me ""I ll bring to you"" 4 hours later, just before landing, he was taking pictures of passenger. I told him ""What about my watch"" He mumbled ""sorry I have forgotten"". I complained to his chief and of course cancelled my order. Return in their new Premium Economy class. Again a nightmare with no dedicated check in counter contrary to what they advertise, I have to wait 20 minutes. The flight was OK but at the level of other premium economy class. Emirates is expensive compared to other airlines but the huge price difference was once warranted by clean new aircrafts, Top entertainment, caring to passengers, and good service - but no more! I really prefer Etihad that flight out of nearby new Abu Dhabi airport. In comparison Dubai DXB looks now old.",2.0,1.0,2.0,1.0,1.0,,1,no,Family Leisure,Premium Economy,Zurich to Dubai,June 2025,0,0.881
emirates,24th June 2025,Muhamad Mostafa,3,False,"Not Verified |  The cabin service was horrible. Imagine seating aisle side and the push cart being ramp straight to your knee.  No apologies what so ever.  Similar things seem to happen to other passengers but the crew didn't seem to care that much. Aside from that, they just chug the food tray to you without even asking what meal you would like. I don't know what's their deal or if the  crew is having a bad moody day. But may I suggest not taking it out on the passengers who have earnestly paid for their flight.",2.0,1.0,2.0,4.0,1.0,1.0,2,no,Business,Economy Class,Singapore to Dubai,April 2025,0,-0.8908
emirates,15th June 2025,Loay Osman,10,True,✅ Trip Verified |   First leg DXB-BKK was on the A380 the crew were very nice and welcoming. I managed to sleep the entire flight with comfy bedding and lovely amenities kit. The return flight CGK-DXB was a lovely flight with amazing crew who came to check on me several times specially the business class supervisor who was from Uzbekistan. The meal service was also great and managed to sleep for few hours. After landing we were escorted to our bus to arrivals and in few minutes was out and my luggage were waiting for me et the belt and the chauffeur service was also excellent.,5.0,5.0,5.0,4.0,5.0,3.0,5,yes,Solo Leisure,Business Class,Dubai to Bangkok,June 2025,1,0.9787
emirates,15th June 2025,Wayne Good,10,False,"Not Verified | Amsterdam to Dubai in economy. Premium Economy not available on this sector. Paid extra for bulk head seat. Good flight, meal, service etc. Due to Emirates status, used lounge in Amsterdam. It’s a contract lounge and is awful. Over crowded and just unpleasant. Total contrast in Dubai. Terminal A lounge is vast and very well appointed. Dubai to Auckland departing 13th June in Premium Economy. Seat 34J. I’m writing this because I had the best flight attendant and service I have ever had with Emirates including my experiences in Business. She went over and beyond and was totally charming. I wish I could remember her name, she was from Argentina. I actually spoke to the Cabin Manager about her. An absolute star. Again good food and I do find the seat very comfortable. Always manage a good sleep. I like Emirates and they are my long haul airline of choice.",5.0,5.0,5.0,5.0,4.0,5.0,4,yes,Solo Leisure,Premium Economy,Amsterdam to Auckland via Dubai,June 2025,1,0.9696
emirates,29th May 2025,Brian Ohame,3,True,"✅ Trip Verified |   What a horrible flight experience on Flight EK730, B777-300 on 28.05.2025. hecked in well, and then proceeded to board B777 - 300 where I found a Tired, Stressed or rather irritated crew member - my partner and i were seated on 47A/47B which she was shocked with that came with a loud question ""are you staff?"" My partner looking at me in wonder and bothered. We responded No we are not. She then demanded our boarding pass which indicated our seat numbers. She still looked puzzled like we were seated in a wrong place or on a wrong flight as she returned the passes to us. All our smiles and warmth were shuttered by this staff hardly taking off. We then got worried of if she will be the one attending to us and it turned out we were right to worry. As if that wasn't enough, time for our long waited meal came and  the crew to serve was the same. She tells us she only has Chicken for main  like there was no Menu that was issued prior to our meal - my partner doesn't eat chicken, mushrooms but not allergic and I don't fancy them either. We politely told her we want 2 beef. And she was like only chicken available. I repeated we want 2 beef as we don't eat chicken. Said since you don't want to eat chicken I can only give you the plate with a starter and Desert without the main. As I got shocked with how much I paid for our ticket with no discount or promotion. But we are being served like we are being done a favour. A huge thanks to her colleague who was so lively, sweet and professional. I guess she noticed how un happy we were.",5.0,1.0,1.0,3.0,2.0,1.0,2,no,Couple Leisure,Economy Class,Entebbe to Dubai,May 2025,0,0.9716
emirates,19th May 2025,Wayne Good,8,False,"Not Verified |  Auckland to Dubai Premium Economy. Comfortable seat with good recline. Slept a good solid 7 hours. Food good, service not so good. Definitely had better crews in the past. Service was slow, dinner trays left for a long time. Had to alert a cabin attendant to take mine away. Dubai to Paris economy. Seat ok, service quite good and very good food. There is no other airline for me.",5.0,3.0,5.0,5.0,5.0,,4,yes,Business,Premium Economy,Auckland to Paris via Dubai,May 2025,1,0.9468
emirates,2nd May 2025,Graham Henrickson,10,True,"✅ Trip Verified |   I guess I didn’t fit the mould of a typical Emirates first class passenger, because despite presenting my boarding pass, I was directed to the first seat on my right and found myself in business class at seat 7A. There were a few red faces when I came back and said that’s not the seat on my boarding pass – 1A. I was whisked away by the Purser amid a hail of apologies and the promise they would make up for it, and they certainly did. When it comes to typical flight times for an Airbus A380, at around 3 hours, the trip from Christchurch to Sydney is just a blip. Thanks to the great crew, I had the opportunity to enjoy the full first class experience. Dom Perignon was being poured within minutes of entering my suite and I was presented with the first-class menu. Before take-off I was given a set of PJ’s and fabric carry bag to take them home in. Then as the aircraft levelled out the meal service started with an enormous serving of caviar with the offer of more, followed by a melody of dishes that were to die for. After dinner, I accepted the bed turndown service. In addition to the luxurious padded seat, they attach a mattress along with a white sheet and a big fluffy pillow. Without ear plugs or a sleeping mask, I was asleep in less than 10 minutes and slept soundly for over an hour surrounded by the twinkling lights installed in the ceiling overhead as well as the floor. Tempted as I was to accept the invitation to try out the onboard shower, I felt that might be just a little too decadent for a 3-hour flight.  When I returned after changing from PJ’s back to my travel clothes the bed had returned to being a seat and my jacket and shoes were neatly arranged. We landed into Sydney 20min ahead of schedule and on a Friday night.",5.0,5.0,5.0,5.0,4.0,,4,yes,Solo Leisure,First Class,Christchurch to Sydney,May 2025,1,0.9712
emirates,22nd April 2025,G Miller,1,True,"✅ Trip Verified | I had the worst experience at Miami on April 12, 2025. My trip was MIA-BOG. The people at the counter were very rude. I always use a small luggage as a personal item (under seat cabin bag), accepted at ALL airlines, but Emirates didn't accept it. When I told the counter agent that this baggage is accepted on all airlines as a personal item, he rudely told me that those were Emirates's rules and that in ""someone else's home, the rules must be obey.” He also criticized me for traveling in economy class. Also, when I tried to buy in the app the extra baggage, I choose the extra baggage for the route MIA-BOG, but when I clicked ""continue"" the site changed the route to BOG-MIA. I noted the mistake when I receive the confirmation by email. Inmediatelly I called Emirates Customer Service but they refused to made me a refund. Now, I had to pay $100 at the counter and I lost the $130 that I paid in the app, because I don't need any extra bagagge for the route BOG-MIA. In addition to the unexpected expense, this experience ruined my trip.",1.0,3.0,1.0,1.0,1.0,1.0,1,no,Couple Leisure,Economy Class,Miami to Bogota,April 2025,0,-0.9762
emirates,21st April 2025,Franck Janet,3,True,"✅ Trip Verified |   In my opinion, Emirates is highly overrated. It is often promoted as a top-tier airline, but my experience tells a different story. In economy class, the service is underwhelming at best. On this flight to Paris, I was nearly bumped to a later flight due to overbooking, and I had to insist firmly in order to be accommodated. The in-flight experience left much to be desired. The food was disappointing, the service was average, and the cabin felt overcrowded. I requested a glass of water which never arrived. I pressed the call button, but no one responded. Between Dubai and Paris, not once did the crew proactively offer water. As for business class – although I wasn’t flying in that cabin on this occasion, I have done so in the past – Emirates often charges a premium that is difficult to justify given the level of service compared to competitors. I also purchased a Wi-Fi session, which was advertised as high-speed internet. In reality, the download speed was just 2.82 Mbps and the upload speed only 1.78 Mbps – simply unacceptable. To add to the poor impression, the crew announced the wrong time upon arrival in Paris, a basic error that speaks to a lack of attention to detail. The cabin crew, for the most part, were unsmiling and disengaged. Overall, Emirates is no longer the exceptional airline it once was. In economy class, it feels more like a cattle car in the sky than a premium travel experience.",3.0,2.0,3.0,4.0,1.0,1.0,2,no,Business,Economy Class,Dubai to Paris,April 2025,0,-0.9643
emirates,16th April 2025,S Peale,5,True,"✅ Trip Verified |   Having paid to choose our seats on this flight there was an aircraft change and we did not get the seats that we paid for. Despite several email and telephone calls Emirates have refused to refund what is a relatively small amount of money quoting ‘terms and conditions’, although their terms and conditions state that we are entitled to a refund. They used to be a good airline and we have flown with them fairly often. However we will not be using them again.",3.0,3.0,3.0,3.0,3.0,2.0,3,no,Couple Leisure,Economy Class,Zurich to Dubai,March 2025,0,0.4215
emirates,1st April 2025,Berton,7,True,"✅ Trip Verified |   An uneventful flight to Amsterdam. Catering was not the best this time: bland food and sides. We were served twice, it filled our stomach but that was it. Service provided by the staff was friendly and speedy despite a full plane. Seats were comfortable. We landed 30 min earlier in Amsterdam.",5.0,5.0,3.0,4.0,5.0,3.0,5,yes,Couple Leisure,Economy Class,Dubai to Amsterdam,March 2025,1,0.8208
emirates,25th March 2025,B Koslov,1,True,"✅ Trip Verified | The most unprofessional staff I’ve ever seen. Had to use Emirates as backup because Cathay Pacific delayed our flight. Maybe because of that seat selection was not available for us. That one I do not blame this airline on. But: We got two seats way back at the end of 777. Behind me was a man in his 50s. At the altitude I reclined my seat (not all the way back) and was prepared to get some sleep in this 6 hr flight. Immidiately I feel tap on my shoulder and some arguing that I have to raise my seat. He was arguing that he could not eat with my seat reclined. I tried to explain that my seat does not affect his table position, but really I feel like he just wanted more space. He was really unpleasant to talk to, it felt like there was only his needs and everyone around should just obey to that. English is not my native languge, so I finished the argument with ""ask the flight attendant"", I was sure that she can explain everything better than me. The man catches flight attendant, explains that he want me to raise my seat. She does not ask any questions, just stands up near me and commands ""raise your seat"" and proceeds with taking back of my seat and tries to raise it with force. No questions asked. With flight attendant fully on his side I even did not even try to argue. It felt really dengerous to even talk back to these people. Food was given 2 hours (!) after take off. After food serving nobody did not even try to provide us with any sort of bevereges. Again, that is on 6 hrs flight. Is that even legal? We had to catch flight attendant to ask for any water-like substance. How dare you to ask me about upgrades to premium economy or business if you fail to provide any basic service for economy? Or does Emirates starts to provide basic service starting from business? It is logical to just use better airlines instead. It is a level lower than any low-cost airline in the Eastern Europe. I am a frequent flyer and did not expect something like that at the price that I paid. It is by far my worst flight expirience. My family and friends will never use Emirates ever again.",1.0,1.0,1.0,3.0,2.0,1.0,1,no,Couple Leisure,Economy Class,Phuket to Dubai,March 2025,0,-0.947
emirates,15th March 2025,Yu-Hsiu Chang,9,True,✅ Trip Verified |   The cabin is clean. Flight attendants are friendly and polite. Seats are comfortable and can be reclined easily. The food is delicious. Flights departed on time.,5.0,5.0,5.0,5.0,5.0,,5,yes,Solo Leisure,Economy Class,Taipei to Rome via Dubai,February 2025,1,0.936
emirates,12th March 2025,N Sabetian,1,False,"Not Verified |  I will never fly with them again, they have poor customer care. Long-story short, our flight was cancelled after waiting on the plane for several hours, at 2 AM and under the rain, with two young children we had to find a hotel, catch a taxi and recheck everything out of the airport and then back in. Our luggage had been mishandled and all clothes wet. They wouldnt reimburse for costs incurred as they are counting dollars and cents at present. I wouldnt touch them again, they charge a very large sum of money and their after sale services are very poor",1.0,1.0,1.0,,1.0,,1,no,Family Leisure,Economy Class,Singapore to Dubai,January 2025,0,-0.6478
emirates,10th March 2025,Yvonne Weston,7,False,"Not Verified |  I dashed across Dubai airport, having an hour and a half transit time since my connecting flight from Bangkok. There was no time to get a drink. I was relieved to get my flight to Birmingham. I was hot and thirsty. Unfortunately, for a torturous 2 hours and 50 minutes, there wasn't a drop of liquid served, although I did ask for a glass of water, which never transpired. Apart from that, which, when you're tired and thirsty, seems a massive problem.",4.0,2.0,3.0,4.0,4.0,,4,yes,Couple Leisure,Economy Class,Dubai to Birmingham,March 2025,1,-0.8586
emirates,28th February 2025,George Stainton,1,False,"Not Verified |  Emirates lost my luggage 9 months ago and have still not dealt with the complaint. No PIR number was provided as the team at Manchester airport were very unorganised. All they asked me to do was fill out an online form, through GBS Enquiries which I did. I have been back and fourth and had multiple phone calls with the team but the complaint still has not been dealt with. The customer service has been extremely poor. I'm very disappointed with Emirates.",1.0,1.0,1.0,1.0,1.0,1.0,1,no,Couple Leisure,Business Class,Dubai to Manchester,January 2025,0,-0.9427
emirates,17th February 2025,Denis Mbanga,2,False,"Not Verified | Emirates delayed flight from Washington D.C to Dubai, then me and my group missed our flight to Dar. Emirates gave us a hotel booking and an alternative flight for the next day. But it is so weired we have never get any support into getting to the hotel. Its so sad that Emirates has started being a Zero Star Airline.",1.0,3.0,,,1.0,,1,no,Business,Business Class,Washington D.C to Dar es Salaam via Dubai,February 2025,0,-0.8866
emirates,13th February 2025,E Baile,1,True,"✅ Trip Verified |   We were excited to fly with this airline for the first time. There were four of us (my husband, my two kids, and myself). We used points for three tickets and paid in full cash for the four ticket. We have business class one way. Not only was the cabin crew horrible from Miami to Dubai (they disappeared shortly into the flight and didn't resurface till the end of the flight. They left a table of snacks and wine and water by the bathroom), but they badly damaged my bag. My bag was just two weeks old and has tears and rips in it. The only way to file a complaint or notify them of your damage bag is to fill out an online complete form. It's the worst way of communication. They take weeks to get back to you and then will give you different excuses every time. They are the most unprofessional Employees I have ever worked with in my life. I feel like I was cheated and robbed from them. We spent over 450,000 points, and 7000 in cash in fees for one way tickets all to have horrible customer service, a damaged bag, and bad flight crew. Avoid this airline like the plague.",4.0,1.0,3.0,5.0,1.0,3.0,1,no,Family Leisure,Business Class,Miami to Bangkok via Dubai,November 2024,0,-0.9932
emirates,7th February 2025,Shadi Alkasim,10,True,"✅ Trip Verified |   Boarding an A380 was a unique experience and you will enjoy a pleasant flight thanks to the spaciousness and comfort. The cabin crew were admirable and friendly, the food was good and delicious. Highly recommended!",5.0,5.0,5.0,5.0,5.0,5.0,5,yes,Family Leisure,Economy Class,Hong Kong to Dubai,January 2025,1,0.9792
emirates,30th January 2025,C Hewett,1,True,✅ Trip Verified |   Bitterly disappointed in Emirates. I was promised that I will get A Dubai Connect option in Dubai with my flight only to be told that I won’t. I have a layover of 20 hours and my husband is on the same journey with the shorter layover yet he received Dubai Connect. Never traveling with Emirates again.,2.0,2.0,2.0,3.0,1.0,1.0,1,no,Family Leisure,Economy Class,Cape Town to Sydney via Dubai,January 2025,0,-0.5574
emirates,26th January 2025,Franck Janet,3,True,"✅ Trip Verified | The flight was scheduled for 9:30 AM but was delayed by more than 5 hours. Nearly every hour, we received announcements that the flight was being delayed by yet another hour or two. Such a delay, coupled with the treatment of passengers, is unacceptable. I am deeply disappointed with Emirates.",3.0,3.0,,,2.0,,3,no,Solo Leisure,Economy Class,Bangkok to Dubai,January 2025,0,-0.9454
emirates,19th January 2025,Stuart Ballantyne,3,False,"Not Verified | Flights from Australia to Europe return went mostly OK. The larger issue I had was with FF miles. It was not allocated to my account when flights were booked. Eventually I found this out. Due to an ongoing software issue with Emirates website I was unable to log into my account. After multiple calls and emails they said they were ""working on it"". I was finally able to log in after 6 months, now points have expired. Emirates refused to credit these due to policy. Booking several flights (work and personal) shortly to Europe and USA but not with Emirates.",2.0,2.0,3.0,4.0,4.0,,3,no,Couple Leisure,Premium Economy,Melbourne to Athens via Dubai,April 2024,0,0.3541
emirates,18th January 2025,Graeme Lowther,4,False,"Not Verified | Wow! Ever since the the Aussie exec management left the airline, Emirates had been in a quality nose dive. It has gone from being a luxury carrier to being more like a low cost airline. Flying in business class now feels like economy used to be. Here is how the quality has collapsed IMO You no longer get an amenities bag unless you are overnight. The quality of the wine in business class has been reduced from nice Loire, South African or Aussie quality wines, to cheap plonk. Makes no sense. The quality of the food is utterly disgusting. I'm not kidding here. Check the photo of the business class vegetarian meal that I uploaded with this review. Twice they have served me this POW camp slop in business class. Defies all expectations. No accompaniments, no chutney, or sauces. Just brown slop in white rice. What I don't understand is why they are so gung-ho on cost cutting while passenger numbers and revenue are at an all time high. They are cutting their own throats because carriers like Qatar are still offering really great quality service. In fact (and I never thought I would think this) Saudia business class beats Emirates on food quality. (Actually, if you look at the photo of my business class meal, everyone beats that). Emirates customer service is now more concerned with revenue retention than with fulfilling the ticket terms, and can be quite combative. I have noticed that changing a ""Flex Plus"" ticket, despite being fully changeable always attracts a fare change, even when the original class of ticket if still available to buy in Emirates.com. I had such a fight with them I refunded the entire Flex Plus ticket and rebought the travel in my new date at the lower price I don't know what happening, I have a real soft spot for Emirates. At one time they set the bar for quality, but that's not true anymore and it makes me really sad.",3.0,4.0,1.0,3.0,4.0,2.0,2,no,Solo Leisure,Business Class,Glasgow to Dubai,January 2025,0,-0.8509
emirates,26th December 2024,Esther Novukela,2,True,"✅ Trip Verified |   I had a flight from Cairo to Dubai on 25 December at 12h30. The flight was initially delayed and we only boarded at 2pm. We then sat in the aircraft until just before 5pm until they eventually told us to disembark. We then went to baggage collection where most of us waited at least 2 hours for our luggage to arrive. I then waited in a line for another 1 and a half hours to book a new ticket. When booking the new ticket I then informed them my previous flight I had booked the vegan option as I've been strictly vegan for 5 years. They couldn't promise me anything but they said they'd try put the request in as I couldn't adjust it on my app with the flight being canceled. On the flight there were zero vegan options and all I could eat after 20+ hours of travel stress was black tea and some fruit pieces. Furthermore, my skyrewards number never works and I have been unable to accumulate points every time I fly. In addition, I had to purchase my own wifi plan to let friends and family know I finally was safely on my way to Dubai. This has been the worst travel experience for me. Hungry, tired and severely inconvenienced.",3.0,4.0,1.0,3.0,2.0,1.0,2,no,Solo Leisure,Economy Class,Cairo to Dubai,December 2024,0,-0.8815
emirates,20th December 2024,Judy Godlieb,2,False,Not Verified |  I had the most horrible experience on Emirates Flight # EK 27 . I had already arrived from Colombo to Dubai on EK649 at least they were courteous and friendly. My connecting flight from Dubai to Glasgow was a nightmare. I had booked a diabetic meal and imagine I got the meal minus water. I needed to take my meds and numerous requests were ignored by very arrogant flight attendants specially one of them on this particular flight. After two and a half hours I received 1 cup of water . I was extremely thirsty and dehydrated and when I asked if I could have a bottle of water she curtly replied they do not have bottled water. She took off before I could ask for another cup of water. However passengers seated in front of me were served with water and juice . This didn't solve my problem as I just couldn't get a juice or water at that moment. After about another hour I kept buzzing for a flight attendant and no one came . When the 2nd meal was served I received a small bottle of water and by then I was feeling dehydrated. I'm 63 and not in the best of health . Is this fair? I have lodged a complaint with Emirates and I'm waiting for the response they say they will send me.  Unfortunately I have a return flight from Glasgow to Dubai and Dubai to Colombo and I feel violated and traumatized to think of what to expect . One thing for sure is I will never fly Emirates again. I'm just disgusted. That long walk from terminal to terminal and then taking a bus or the train is equally insane. I paid for Marhaba meet and greet service since I know with mobility issues I would miss the flight. Thankfully the Marhaba service lady was an Angel and so helpful something that the arrogant flight stewardess could learn. It doesn't cost anything to be nice. This was a long haul flight and I would have expected water to be provided in unlimited quantity. Shame on you Emirates. So much for your so called service you boast about. I'm done. I was going to see my 6 year old grandson after 5 years in Scotland and what should have been a happy journey was a nightmare. Unfortunately I have to go again via the same route on this heartless airline. Never again will I take that risk. I have flown Emirates prior and those short flights were so delightful. Not anymore .,1.0,1.0,,,1.0,,1,no,Solo Leisure,Economy Class,Dubai to Glasgow,December 2024,0,-0.9087
emirates,15th December 2024,L Almulla,6,True,"✅ Trip Verified | As a frequent flyer with Emirates, I’ve always admired the airline's reputation for exceptional service, but my recent experience in Economy has left me deeply disheartened by the stark disparity in treatment between Business and Economy class passengers. Throughout the flight, it felt as though Economy passengers were treated as an afterthought. It took an excessive amount of time to receive any service, even something as simple as water, despite pressing the call button multiple times. On one occasion, I got up to stretch my legs and was approached by a flight attendant asking if I needed help. When I explained I was just trying to get some movement, I was told to return to my seat and wait for 10 minutes until service was completed. The tone and response felt dismissive and unnecessary. Another unsettling moment occurred when I pressed the service button. A flight attendant walked past me, nodded in acknowledgment, but didn’t stop. When she finally returned, she explained she had been “counting.” While I appreciate that tasks need to be completed, ignoring a passenger’s request and providing such a response felt dismissive and unprofessional. The final incident left me utterly shocked. While refilling my water bottle, another flight attendant accidentally spilled water all over my leg. Instead of a genuine apology or assistance, his response was, “I couldn’t see.” It’s difficult to understand how such carelessness and lack of attentiveness can happen on an airline that prides itself on excellence. As someone who has experienced the polished and attentive service in Business Class, the treatment in Economy was a glaring contrast. It felt as though Economy passengers were not afforded the basic courtesy or care expected from Emirates. While I understand there are differences in service levels between classes, this experience lacked the professionalism and warmth that should be standard across all cabins. I sincerely hope Emirates addresses these inconsistencies. Loyal customers, regardless of class, deserve better treatment and respect.",1.0,1.0,,,2.0,3.0,3,yes,Solo Leisure,Economy Class,Dubai to London Heathrow,September 2024,1,0.9557
emirates,14th December 2024,N Siotto,10,True,"✅ Trip Verified |   Outbound I flew Business and inbound was Economy. In comparison with other airlines I have enjoyed the Economy class more than the Business. I was lucky that no one was sitting next to me. The A380 passenger experience is awesome. Nice inflight crew. Decent catering. Unparalleled entertainment. Good comfort. When flying Economy Class, Emirates for me is my preferred choice.",4.0,5.0,5.0,5.0,5.0,3.0,4,yes,Solo Leisure,Economy Class,Milan to Dubai,December 2024,1,0.9584
emirates,2nd December 2024,Sanjeev Pinjala,1,False,Not Verified |  Worst experience I had with Emirates. I wasn't able to recline my seat on my final flight with Emirates. The airline is declining year over year. Never again Emirates.,1.0,1.0,1.0,1.0,1.0,1.0,1,no,Family Leisure,Economy Class,Washington to Hyderabad via Dubai,February 2024,0,0.5096
emirates,1st December 2024,M Mahrun,4,True,"✅ Trip Verified |   Travelled home on Emirates from Bangkok to Manchester via Dubai, and both these flights had some issues. EK 377 from BKK to DXB  was ok overall. However the standard of the 1st meal served from BKK was very disappointing. Whilst I appreciate this was a 0200 departure from BKK, something a little more substantial in terms of meal would have been appreciated. A little bag of caramel popcorn (as nice as it was) and a drink is simply unacceptable for the high price of the ticket paid. The french toast on the second meal service was soggy and more like a bread pudding, and the Pineapple and Papaya Compote did not taste either, and just looked like pureed fruit slapped onto the dish. Otherwise, no other comments, as the service was ok, and the flight into Dubai was on time. EK21 from DXB to MAN on time but main issue is around meals. Once the cabin crew came to serve breakfast, they already had ran out of the main Omelette dish stating 'everyone wanted this' - how can this always happen? This is very disappointing. Otherwise as from BKK, service ok - but nothing to write home about. Baggage reclaim at MAN was very slow - again reinforces the need to urgently close Terminal 1 ASAP and move to new terminal. I like Emirates - but they have a rival in Qatar Airways that I may consider the next time I fly to Thailand.",2.0,2.0,1.0,3.0,2.0,3.0,2,yes,Couple Leisure,Economy Class,Bangkok to Manchester via Dubai,November 2024,1,0.6146
emirates,1st December 2024,Mo Ghoorun,6,True,"✅ Trip Verified | Travelled from Manchester to Kuala Lumpur with Emirates. The check in process at Manchester was ok - but could be smoother (Self-Check In was ok, but could not print boarding pass). The experience at Manchester Airport however was very chaotic with boarding taking place from Gate 20 as the plane was on a Remote Stand and needed bus transfer to the aircraft. Poor communication between ground staff noted, and passengers were just choosing to board when they desired - not taking notice of staff. Flight delayed for one hour from Manchester - they need to close Terminal 1 ASAP as it is chaotic! The flights themselves were ok. Food was good, and the cabin crew appeared rather lacklustre and not very friendly on the MAN-DXB Sector. This was much improved from DXB - KUL Seats ok - but passengers pushing seats right back when eating is a concern.",3.0,2.0,3.0,3.0,1.0,2.0,3,yes,Couple Leisure,Economy Class,Manchester to Kuala Lumpur via Dubai,November 2024,1,-0.7614
emirates,1st December 2024,C Hoffmann,7,True,"✅ Trip Verified | Given all the hype about their first class it was not worth the cost over business class. Service was good but the second leg was somewhat ruined by two kids running up and down the aisle and showering the floor with pop corn. Yes this is the responsibility of the parents but aircrew should have said something. Overall staff were more consistent and visible than when flying business but polish was lacking, example when asking for a glass of the white Burgundy by name you had to show them the picture on the wine list. Yes it’s the little things but that’s what you fly first. Same goes for the quality of food which other than the caviar was ok but lacked the extra that you expect. Airport transfer to the airport in Singapore went well, however Emirates cancelled it for Munich which led to a long wait at the airport until they eventually sorted it by reimbursing the cost of a Taxi. This was a once in a lifetime treat and it failed to deliver. In business on the A380 the offer a good product let’s see how they do when they reconfigure the 777 but we won’t do first again.",5.0,4.0,4.0,4.0,4.0,,3,yes,Family Leisure,First Class,Singapore to Munich via Dubai,July 2024,1,0.8722
emirates,27th November 2024,Said Rouini,1,False,"Not Verified | I would like to share my negative experience with Emirates, as I believe they are scammers. I requested a refund for my return ticket from China to Tunis, dated December 29, 2022. Despite sending several emails, I have not received any response. Recently, I visited the Emirates Airlines office in Shanghai. The lady working there was very kind and promised to try contacting the Dubai office to process my refund. Indeed, I received an email (from a no-reply address) after 15 days stating that they had refunded me an amount of 100 Tunisian dinars, which is roughly $35. I sent another inquiry through their website (as no email address was available), filing a complaint on November 15, 2024. I explained that I paid more than 6,300 Tunisian dinars for two one-way tickets and one return ticket. Today, November 27, 2024, I received a system-generated email (from a no-reply address) stating the following: “After reviewing your ticket, we found that it has already been refunded, and no further refund is due. If you require further information or assistance regarding this refund, please visit the website to check our Help section, where you can find contact details for your local Emirates office or fill out a support request form.",2.0,2.0,1.0,1.0,2.0,1.0,1,no,Couple Leisure,Economy Class,Tunis to Shanghai via Dubai,December 2023,0,0.8204
emirates,27th November 2024,T Hoyle,6,True,"✅ Trip Verified |   I’ve written a separate review of the excellent seat 68K but the same cannot really be said of the airline. Economy was pretty crammed and crew made little to no effort to go out of their way. No regular trolley service. No attention to detail. The most shocking thing was the airline’s refusal to board parents with young children first: in fact they actually sent one couple with a baby and toddler to the back of the line. In 50 years of flying I’ve never seen any airline do that, even the rubbish ones. I fly with Qatar and Singapore and there is no way Emirates are anywhere near their standard.",5.0,2.0,2.0,2.0,2.0,1.0,4,yes,Solo Leisure,Economy Class,London to Singapore via Dubai,November 2024,1,-0.7976
emirates,23rd November 2024,Ross Clark,8,False,"Not Verified | Basically, what wasn't to like? Positives include the A380 for three of the sectors, and on the return leg, Premium Economy between AKL and DXB, which was excellent. The extra room it added was well worth the additional expense, and top marks for both the seating and the customer service. On the DXB-AKL and DXB-GLA legs (GLA used because EDI not convenient; no extra cost), the economy product on the A380 was well worth it. Could do better: the B777 product is quite cramped by comparison (10-across, not recommended, but only on one shorter leg) and its IFE is tired, even before it is compared with the equivalent service on the A380. EK is working towards introducing A350s on the EDI sector and they can't come soon enough. Finally, the checkins at both EDI and AKL were very quick; opening ""early"" (four hours or so) does make life a lot easier.",4.0,5.0,5.0,5.0,5.0,,4,yes,Solo Leisure,Economy Class,Edinburgh to Auckland via Dubai,November 2024,1,0.7828
emirates,19th November 2024,Maxim Raya,1,True,"✅ Trip Verified |   My girlfriend and I boarded the flight EK085 as planned. As my girlfriend had indigestion problems in the morning, we asked for an extra waste bag just in case. The crew then told us we need her to get checked by a doctor at the plane's entrance to make sure she can fly, but instead they offboarded us without actually doing the professional medical checkup by the doctors that they called to the plane. We had then to get a certificate that she's clear to fly, which the doctor gave right away because her condition was absolutely fine. As a result, we wasted a work day each and had to pay the hotel at Dubai airport out of our pocket. I had never experienced this level of deceit, disrespect and mistreatment from any airline before. This is not the behavior I would expect from a respectable business. My girlfriend was fit to fly, as confirmed by the doctor literally 10 mins after we had been deplaned.  I'll never fly this airline again.",1.0,1.0,,,1.0,,1,no,Couple Leisure,Economy Class,Dubai to Zurich,November 2024,0,-0.3737
emirates,13th November 2024,B Mendy,1,True,"✅ Trip Verified | We travelled back from Dubai to Birmingham, due to weather conditions the flight took us to Manchester airport. In Manchester they made us to wait more than 5 hours without providing proper infomration. After waiting 5 hours they asked to exit in Manchester airport. They arranged bus service and asked people to take a private taxi and submit for reimburse. We were waiting in queue for bus, but their staff came to us and asked us to take a cab and submit for reimburment as we had a 1 year old baby and it was raining. I showed them putting my destination price it is costing. They told yes it will be reimburse, you just need to submit a complaint. We raised a complaint and now they are not returing money. They are straight away declaing and they dont have proper call service or any other way to reach out to them. Now I am realizing they lied us to reduce the crowd. If something happens ever with anyone, please dont listen them else you will not get your money back. Better take a email confirmation or video recording as proof. Not sure if that even works to get the refund.",3.0,3.0,3.0,3.0,1.0,1.0,1,no,Family Leisure,Economy Class,Dubai to Birmingham,October 2024,0,0.3415
emirates,13th November 2024,L Nair,6,True,"✅ Trip Verified | The boarding process quite lengthy and felt that it could have been more efficient. The crew member seems not willing to assist me even on small issues and requests. I found this to be quite disappointing, as the level of service I received did not meet my expectations. I understand that cabin crew members have many responsibilities during a flight, but I believe that it's important for them to be approachable and willing to help passengers when possible. One aspect of the flight that I particularly enjoyed was the food. I found the meal options to be varied and flavorful, and the presentation was attractive and appealing.",4.0,2.0,2.0,4.0,3.0,5.0,3,yes,Solo Leisure,Economy Class,Lahore to Dubai,November 2024,1,0.9359
emirates,6th November 2024,Marie Menere,1,True,"✅ Trip Verified | Very disappointing service - I found the staff very unfriendly, incompetent and rude. Apart from the air hostess dropping a carton of orange juice on me, the air steward shouted aggressively for me to ‘SIT DOWN’ while I was in the toilet queue - while some were allowed to go through. There is a massive drop in the service standard. Compared to other airline's the service on Emirates is very poor, Better options out there.",3.0,1.0,3.0,3.0,2.0,1.0,1,no,Solo Leisure,Economy Class,Lisbon to Dubai,November 2024,0,-0.9458
emirates,1st November 2024,E Waldenai,10,True,"✅ Trip Verified |   Emirates offers an entertainment system that is unmatched with an extensive selection of movies, TV shows, and music. The high-definition screens and user-friendly interface made for a very enjoyable viewing experience. The crew was attentive, professional, and genuinely friendly. The food on Emirates was excellent, exceeding my expectations.  Beverage options were abundant, with a fine selection of juices, soft drinks, wines, and other choices. One particular crew member stood out to me during this journey. Although she is relatively new to her role, her level of professionalism and service was outstanding. Her attention to detail, efficiency, and positive energy set her apart.  I look forward to flying with Emirates again, and I highly recommend this airline.",5.0,5.0,5.0,5.0,5.0,,5,yes,Solo Leisure,Economy Class,Dubai to Thiruvananthapuram,October 2024,1,0.9806
emirates,31st October 2024,Travis Myoba,2,False,"Not Verified | Emirates Airlines is ""Mr. Has-Been"" Many factors can influence one's satisfaction with an airline, e.g. cabin staff service, seat comfort, food, inflight entertainment, etc. But for me there's one primary factor that determines my satisfaction - on-time arrival. If the flight is 3 or 5 hour late, no food service and no inflight entertainment system would make up for it. When I fly somewhere, I have people waiting for me on the other side, or I have meetings to attend. And when the airline fails to arrive on time, as is nowadays usually the case with Emirates, no smile with ""I'm sorry"" from the air hostess makes up for it. Over the past few years, Emirates has had an amazing record of disappointing me in the punctuality aspect. Once a great airline, Emirates has been in decline over the past ten (or so) years. This, I suspect, started when they entered into an alliance with Qantas in 2013. Instead of helping the declining and money-losing Aussie carrier, Emirates Airlines has been contaminated by Qantas' monopoly attitude and public service mentality. As I am not seeing any prospects of improvement at Emirates, I will now have to change carriers. My advice to other passengers is: if inflight entertainment is your top priority - fly Emirates. If you want to arrive on time - don't.",3.0,3.0,2.0,4.0,2.0,,1,no,Solo Leisure,Economy Class,Vienna to Manila via Dubai,October 2024,0,0.8626
emirates,23rd October 2024,Justin Curtis,5,False,"Not Verified | This past week we flew from JFK to Tanzania by way of Dubai. The first leg of the trip we upgraded to premium economy, which was great. On the way home, we flew economy. We had requested gluten free food and were provided it on the way to Tanzania, but only 1/2 of us received it on the way home. At Dubai during our 5 hour layover, we attempted to speak to customer service, but the agent on site was not helpful. In fact, airline security was at the help desk and seemingly tried to prevent us from even speaking with the agent regarding upgrading and the issue with our food. After speaking with the help desk, we were advised we likely would not be receiving gluten free food on the 14 hour flight back to JFK despite the multi hour layover. Additionally, we were advised no additional premium economy seats were available for upgrade. While boarding, multiple other guests upgraded at the gate before us, so there were additional upgrades available, or at least so it seemed. We were not happy with our experience with this airline.",2.0,4.0,2.0,4.0,2.0,2.0,3,no,Couple Leisure,Economy Class,New York to Dar es Salaam via Dubai,October 2024,0,0.8659
emirates,23rd October 2024,D Hayes,3,True,"✅ Trip Verified |   The service of cabin crew is extremely hit and miss, with some staff being fantastic and others barely making an effort to serve food and snacks to passengers - we had family sitting on one side of the cabin offered way more choices than family sitting on the other side of the cabin, sometimes having to flag down cabin crew just to be served. Also, Emirates has no clue how to organise passenger seating, with our underaged child separated from the rest of the family and placed in an aisle seat several rows away from us purely because another passenger had paid to have an aisle seat, and ground staff said they couldn't change the other passenger to the aisle seat our child was assigned. We had to depend on the kindness of the other passenger, who when told the situation by us, agreed to the swap as it was essentially for the same seat she had paid for. And we were not the only family this happened to, multiple families were separated from underage children. Finally, Emirates damaged one of our suitcases beyond repair or use, and it has taken them 9 months to process compensation. The compensation they have offered is ridiculous - $100 for a suitcase that cost $400 to purchase because product costs ""depreciate"". We are really unhappy with Emirates and will not be flying with them ever again.",2.0,3.0,3.0,4.0,2.0,,3,no,Family Leisure,Economy Class,London to Melbourne via Dubai,January 2024,0,-0.4323
emirates,22nd October 2024,Ranjit Mander,2,False,"Not Verified | WIFI enabled but just didn't work. Awful experience both ways LHR to Dubai on their A380. Rung up customer services 2 days before departure to get an idea of how full the flight was and was informed it was only 50% full. Called again a few hours before departure and again told the same. Got on the flight and it was full! I mean why would they need to lie? Then WIFI was not working so couldn't even use that. A new A380 plane and WIFI not working?  To top it off the plane was over an hour late departing. Then on return again plane late and again WIFI not working - but took my money as I paid for the full WIFI. And the flight again delayed! Been checking historical flights and for some reason all the Emirates flights to and from London over the last week or so have all been delayed for over an hour. Be careful, they encourage you to become a Sky Rewards Member and you can benefit from free WIFI! Why when it doesn't even work? And the complimentary WIFI is only for messaging, not for general Internet which is $16 for the full flight Dubai to London. Rubbish airline and missed 2 full days of work because of no WIFI. As someone who frequently travels on business I need to find an airline that I can do work on and has reliable WIFI long haul - Emirates is useless and doesn't work at all. Won't be using Emirates again. The air stewardess was awesome, very apologetic - I mean it's not her fault but she handled it very well.",4.0,5.0,5.0,5.0,1.0,1.0,2,no,Business,Economy Class,Dubai to London,October 2024,0,0.9802
emirates,22nd October 2024,Sanjeev Pinjala,1,True,"✅ Trip Verified |   I flew with Emirates from Hyderabad to Washington Dulles via Dubai. I didn't have a great time, legroom wasn't great, and my recliner wasn't functioning. Hyderabad was a pain as there was a crowd at the Emirates gate. I can see that this airline is declining year over year. It is time to move onto another airline.",1.0,1.0,1.0,1.0,2.0,1.0,1,no,Family Leisure,Economy Class,Hyderabad to Dulles via Dubai,February 2024,0,-0.8717
emirates,27th September 2024,Chris Campbell,9,False,"Not Verified | My parents and I travelled to Lisbon via Dubai on the A380 and 777-300ER and service was very good, food was tasty and economy on the A380 and 777-300er and 777-200er was pretty good. And we travelled home from Barcelona via Dubai to Perth on 777-200LR and A380 and service was the same. My overall experience with Emirates being my first time was great and I would recommend them for overseas travel. This was my first time travelling on the amazing A380 and it was great to fly on.",5.0,4.0,5.0,5.0,5.0,,5,yes,Family Leisure,Economy Class,Perth to Lisbon via Dubai,September 2024,1,0.9744
emirates,25th September 2024,S Baines,4,True,"✅ Trip Verified |   I've done 4 very long distance flights with Emirates and I have to say I'm the most disappointed with the cabin staff service. Many of them appeared really moody or even mean on all 4 flights. They always seemed annoyed and unimpressed when requesting their service for anything. I assume they're just taught to be lovely to business and first class customers and economy doesn't matter? It's just so odd. Are they extremely stressed or something? Even the cheapest airline staff has been much nicer to me every single time. I really wouldn't call myself a difficult customer - one time I asked if the staff could turn down the fan a few rows down mine because I couldn't reach and the air was making me freezing cold to which the cabin crew replied ""Okay but I can't reach it so I have to ask the people in that row, next time just ask them yourself"". What's that about? Then they also forgot to take my partners food tray and when they were coming around I told them about it and was met with ""Oh... okay"". Not a sorry or anything at all. I thought they would be trained to provide an overall better experience and interaction. Also I haven't pressed the button for staff service many times, but out of the times I have, they responded in only about 30% of the cases. Overall I'm absolutely disappointed with the cabin crew. Otherwise, the food was quite nice, the Internet was unreachable most of the time, plane relatively clean.",3.0,1.0,4.0,4.0,3.0,1.0,3,no,Couple Leisure,Economy Class,Newcastle to Tokyo via Dubai,September 2024,0,0.723
emirates,25th September 2024,Sanjeev Pinjala,1,False,"Not Verified |  I had a horrible experience with Emirates as they mistreated me aboard all 4 flights. I was yelled by a flight attendant on my first flight just for waiting to use the restroom. I also had a bad time in Dubai during a layover. It was so cold inside the cabin, I never felt that cold in a plane before. I see that Emirates is declining in their service. It is time to move onto another airline.",1.0,1.0,1.0,1.0,2.0,1.0,1,no,Family Leisure,Economy Class,Washington Dulles to Hyderabad via Dubai,February 2024,0,-0.7845
emirates,22nd September 2024,Wayne Good,10,False,"Not Verified |   Business Class from Barcelona (using miles) to Dubai and Premium Economy to Auckland. Lounge in Barcelona busy, however a good selection of food and beverages, and most importantly a good shower. Business class very comfortable, good food and attentive service. I do like the bar area. A nice place to stretch one’s legs. 4 hour layover in Dubai, spent in lounge in Terminal c then Terminal b, which is the better lounge. Premium Economy to Auckland. Wonderful service, from a charming young lady on my aisle. I like that my status with Emirates is always acknowledged by the crew. A nice touch. Good food, and I found plenty to watch on the entertainment. Delayed by 1 hour in Dubai, so arrived an hour late into Auckland. Emirates is my airline of choice.",5.0,5.0,5.0,5.0,4.0,,5,yes,Solo Leisure,Business Class,Barcelona to Auckland via Dubai,September 2024,1,0.99
emirates,11th September 2024,S Meade,1,True,"✅ Trip Verified |   Mistreat unaccompanied minor passengers. Travellers can only obtain VISAS through only one visa provider. We followed correct process for visa application and at the airport confirmed with departures that visa was valid. The unaccompanied child was permitted to board the Emirates flight, I still paid $100 additional for unaccompanied minor service. The entire time I checked with all stakeholders could this child travel unaccompanied to Dubai on her own. Every single time I was told yes. Emirates sold me the ticket, Emirates sold me the unaccompanied minor package but now are not accepting responsibility! Upon arrival in Dubai the minor was aggressively treated by immigration, detained for 24 hours and deported back home. The child was not permitted to cross the border to visit her grandmother residing in Dubai. Now the airline claims that the grandmother could have applied for a different visa at the Dubai airport. So they won't allow the child to leave with the grandmother but they will allow the grandmother to apply for another visa? Flawed policy. That is all these greedy airlines care about. The child was detained and while her physical needs were taken care of, she has been left psychologically traumatized. Received few meal vouchers while detained.",,,,,1.0,,1,no,Solo Leisure,Economy Class,Johannesburg to Dubai,August 2024,0,-0.9532
emirates,6th September 2024,Ted Thacker,3,True,"✅ Trip Verified |   I got off my flight and immediately realised i had left behind my wireless headphones. I tried to go back but was denied. I went straight to Emirates lost and found hoing to get some service as a premium customer. Instead i got send us an email. I held my ground and was fobbed off by being assured plane would be cleaned within four hours and they would send them on to me in Singapore my next stop. Guess what not found even though i gave them my exact seat and they could not care less. This is now a number of poor Emirates customer service experiences for me, so never again will I fly Emirates unless i have no other options.",4.0,4.0,3.0,4.0,1.0,,3,no,Business,Business Class,Stansted to Dubai,September 2024,0,-0.9318
emirates,5th September 2024,Dinesh Navaratne,10,True,✅ Trip Verified |   This was my first time with the airline. Emirates food was amazing! The staff was very professional and helpful. I would fly again with them—I have no regrets about the money we spent.,5.0,5.0,5.0,5.0,5.0,,5,yes,Family Leisure,Economy Class,Toronto to Colombo via Dubai,August 2024,1,0.8506
emirates,2nd September 2024,Wayne Good,9,False,"Not Verified | Travel does not get any better than Emirates A380, especially on a 17 hour flight. Premium Economy Auckland to Dubai. Really comfortable seat, good food and service. Had a good solid 8 1/2 hours sleep. Although the IFE is vast, I find the choice for me is limited. I’m just being picky I guess. The Business lounge in Terminal C is woeful. I will do a separate review. Dubai to Barcelona I used points to upgrade to Business. Fabulous. Very comfortable seat, charming service and good food. I love the bar area. I fly to Europe 2 to 3 times a year and always use Emirates. They slightly more expensive, but worth it.",5.0,5.0,5.0,4.0,5.0,2.0,5,yes,Solo Leisure,Premium Economy,Auckland to Barcelona via Dubai,August 2024,1,0.9306
emirates,28th August 2024,Suhail Kazim,7,True,"✅ Trip Verified |   The flight was choc a bloc full in every class. The cabin manager Mohamed was very efficient but the lady serving my section was definitely not in her right mood. Meals were very disappointing, to say the least. Service from Mpohamed was exceptional!",1.0,3.0,3.0,2.0,1.0,2.0,2,no,Family Leisure,Business Class,Dubai to Bangkok,August 2024,0,-0.1116
emirates,27th August 2024,Suhail Kazim,5,True,"✅ Trip Verified | The check-in staff was terribly slow and repetitive in her questions. We spent over an hour completing it. The Emirates lounge was very good and in fact that was the only proper meal we had. The male staff at the reception was very very helpful. In flight, it was an AWFUL experience. The staff could not cope with the full flight and dinner was served 2.5 hours after take off. Food was appalling!! Emirates catering leaves a lot to desire.",1.0,3.0,4.0,,2.0,,3,no,Family Leisure,Business Class,Singapore to Dubai,August 2024,0,-0.4858
emirates,22nd August 2024,Mehdi Benali,2,False,"Not Verified | Emirates used to be good. Their standards have clearly dropped while their prices have increased. I have been flying with them for 10 years and never did I get upgraded! I did not mind flying economy but now, the food is really bad, customer service is terrible. Not the best company out there anymore.",2.0,1.0,2.0,4.0,3.0,1.0,1,no,Business,Economy Class,Barcelona to Dubai,July 2024,0,-0.9158
emirates,20th August 2024,Z Khizer,7,True,"✅ Trip Verified |   Boarding was a mess, I blame Lisbon Airport for such a disastrous management. Plane was clean though seats were showing the age (old faded fabric). Took-off on time. IFE was ok nothing too impressive the way they advertise it. Emirates meal portion and quality is the best. I had the best beef lasagna. Dessert, bread, etc were also excellent. Generous with the drinks. Snack was served before landing, just a simple cheese sandwich. The crew on board wasn't too interactive. Only saw them during the meal services and that's about it.",3.0,2.0,4.0,2.0,5.0,,4,yes,Solo Leisure,Economy Class,Lisbon to Dubai,August 2024,1,0.8689
emirates,19th August 2024,V Eni,6,True,"✅ Trip Verified |   Emirates did not live up to its reputation. On two of the four legs they ran out of food options. The meals were only served 2-3 hours into the flight. The worst happened on the last leg between DXB and JHB. We were seated between 4 drunk passengers (2 unrelated to the other 2) who’s behavior was shocking and filthy to say the least. The staff didn’t really handle the situation well and it seemed like they rather chose not to have any confrontation. Quite frankly, we were surprised those passengers were even allowed to board since they were already clearly drunk at the airport. In fact, 2 of them seemed to be somewhat drugged as well. The other two drunk passengers made the flight really uncomfortable for those around them, even indecently exposing themselves. We were just grateful that they did not become aggressive, posing a risk to smooth flight operations. The cabin supervisor’s judgement was poor and the cabin crew did nothing to rectify the situation, even after being alerted to the problem. In fact, they served 2 of them more alcohol which was absolutely the wrong thing to do. We have to say that we have never experienced such poor service and unprofessionalism before.  Emirates need to up their game. At the moment, Qatar Airways definitely have the upper hand.",3.0,1.0,1.0,4.0,2.0,1.0,2,no,Couple Leisure,Economy Class,Frankfurt to Johannesburg via Dubai,August 2024,0,-0.8637
emirates,12th August 2024,Loay Osman,10,True,"✅ Trip Verified |   I flew a return trip DXB-LIS-DXB I used my miles to upgrade to business class on the outbound journey which was a very nice experience a morning flight with flat bed seat lovely crew and amazing service . On the return they surprised me on boarding with an upgrade to business class. Even though it was the middle seat, it didn’t bother me. They provided bulgari amenities kit and mattress and cover. After a delicious meal I had a 5 hrs sleep as it was an over night flight.",5.0,5.0,5.0,5.0,5.0,5.0,5,yes,Solo Leisure,Business Class,Dubai to Lisbon,August 2024,1,0.9312
emirates,11th August 2024,Vishesh Tyagi,4,True,"✅ Trip Verified |   We were 2 people travelling together and on the Dubai-Boston sector, the armrests on the seats allotted just wouldn’t stay up. We highlighted it to the crew before takeoff and they sent a technician to check. The technician came, saw it from a distance and went back saying he’ll send someone else. The flight took off, no one came. Highlighted to the crew again - they said, “Our technician came but you refused to get up from your seat and let him check. And we can’t help you now”.  It was a 14 hour horrendous experience and deficiency in service, coupled with a lie and blaming it on us. It was physically painful with the armrest pushing on the shoulder for 14 hours and a mental agony at such service and behaviour by the crew.",1.0,1.0,3.0,3.0,3.0,2.0,2,no,Couple Leisure,Economy Class,Delhi to Boston via Dubai,August 2024,0,-0.9578
emirates,29th July 2024,Rolf Welgraven,5,False,"Not Verified |   First time flying Emirates, was expecting a lot because this airline has a good name. Unfortunately the facts are different. Attendants on 3 of the 4 legs a have flown with them look as they are very tired. Making eye contact, heads are turned away, being in the aisle for a short moment, I was literally pushed aside by a staff member walking up and down the aisle. Meal time was too short, 1 time I got my breakfast 30 minutes before landing, 5 minutes later they tried to collect my meal again. The meals itself were overall good and the food was enjoyable. Ground services in Amsterdam and Dubai were accurate and friendly. Overall I booked my next vacation in December and avoided this airline. The feeling I got from Emirates was that I am not welcome and passengers are a burden.",2.0,1.0,4.0,2.0,3.0,3.0,2,no,Solo Leisure,Economy Class,Amsterdam to Phuket via Dubai,June 2024,0,0.007
emirates,18th July 2024,T Balmon,1,True,"✅ Trip Verified |  Ground Staff and Service Failures on Flight EK 354. My carefully planned return trip from UK, with EMIRATES turned into a nightmare due to issues caused by their Dubai ground staff.  Upon checking in Manchester, I was issued a boarding pass for the MAN-DXB and DXB-SIN legs of my journey, with seats allocated according to my pre booking. However, upon reaching Dubai and during check-in, the counter staff took my boarding pass and issued a new one. Initially, I presumed new boarding pass was due to a soiled document and did not notice the seat change as there is no change in flight. To my disappointment, the new seat I was assigned turned out to be directly in front of the toilet onboard. I also sought assistance from cabin crew and online chat services before take-off, but unfortunately, no one helped me. I had specifically opted for an Economy Flex Plus ticket, solely to secure a seat reservation that would allow for a more comfortable journey. The proximity to the restroom doors, with their associated noise, significantly hindered my ability to rest or enjoy the flight services as intended. Furthermore, crew members accessing the overhead luggage bins above my seat at regular intervals further disrupted any chance of relaxation. Additionally, during the meal service, crew members did not lock the lavatory door, causing passengers to enter and exit while I was eating. This forced me to stop my meal. At the end of the journey, the crew sarcastically asked me about my flight experience, despite being well aware of the difficulties I had faced. Emirates' service in 2024 should be considered among the worst. Until today I have not received any reply on my compliant placed with Emirates and their customer service reminded me that it requires 60 days to send a reply. I must tell that compare to past, Emirates service quality are highly deteriorated and no one care of it there.",1.0,1.0,2.0,,1.0,,1,no,Business,Economy Class,Manchester to Singapore via Dubai,July 2024,0,-0.8961
emirates,13th July 2024,Pak yin Leung,10,False,"Not Verified |  The staff are friendly and the seat is comfortable. The air ticket is cheap. There's TV and wifi, there are also a gift for kids too. The services are very great. There are many delicious foods to eat too.",5.0,5.0,5.0,5.0,5.0,4.0,5,yes,Family Leisure,Economy Class,Bangkok to Hong Kong,August 2023,1,0.9552
emirates,12th July 2024,Manik Joshi,2,False,Not Verified |   I had a flight in April from Mumbai to Dubai to London. Due to the rains / flood in Dubai flights were getting canceled but Emirates never bothered to inform the passengers. I had to spend 6k (back and forth) on Uber coming from Pune to Mumbai to catch the flight. After I got to the gate they told me the flight was canceled. I was so furious. I asked them why I never got any text or email update and they blamed it on the passengers. So I asked her to verify my phone number. When I got to the airport I checked on the app about the flight details and till that time it showed on time. They never even bothered to change that. Now that I am asking for my refund they are not taking responsibility and returning my money.,,,,,2.0,,1,no,Family Leisure,Economy Class,Mumbai to London via Dubai,May 2024,0,-0.8139
emirates,8th July 2024,R Vines,8,True,"✅ Trip Verified |  It was my first time flying premium economy on Emirates, and I'd happily do it again. The seats were wide, with plenty of legroom, and the food was quite good. Service was also fine. Shame they serve Prosecco and there is very limited choice on wines, but let's skip right past that. Obviously, I'd much rather fly business or first on Emirates, but this was better than the old business class on BA and worth paying to avoid economy.",4.0,4.0,4.0,4.0,4.0,,4,yes,Solo Leisure,Premium Economy,London to Dubai,July 2024,1,0.6757
emirates,5th July 2024,D Mahrin,2,True,"✅ Trip Verified |  The services on the mentioned sector was pathetic. Dirty Toilets, tissue all around the floor. The meal asked for at the time of booking and paying at least 25% more than other airlines, was not provided. A simple service for lukewarm water was not provided. In flight movies were nothing new or trendy. Overall a very poor performance.",3.0,1.0,1.0,1.0,3.0,,1,no,Couple Leisure,Economy Class,Dubai to Toronto,June 2024,0,-0.8748
emirates,4th July 2024,H Madasan,3,True,"✅ Trip Verified |  I have always been flying in Emirates because of their good services but this time we had a very bad experience! The cabin crews were terrible to say the least especially from Dhaka to Dubai. We asked for a Bassinet for the baby a few times but didn't get one. The baby fell asleep and I was holding for about half an hour watering a bassinet still did not get one then I had to speak to one of the cabin crews with a firm tone to get one! They didn't even offer lunch to one of my daughters. When asked, the lady said oh do you want lunch? What do you mean? She is 11 years old and needs food to eat on board, doesn't she? They also didn't give us any baby food either. My boy was hungry and crying. The lady next to me with infants had to share one of her babies food with my boy. When I fed that food to my son, one cabin crew came with some baby food which we didn't ask for saying we ran out of what you asked for. Just terrible! We also noticed in general the cabin crews were unprofessional, careless and ignoring the passengers' requests. It was a terrible experience this time. Hope Emirates read these reviews and take serious actions to improve their services.",3.0,1.0,1.0,1.0,2.0,1.0,3,no,Family Leisure,Economy Class,Dhaka to Birmingham via Dubai,July 2024,0,-0.9776
emirates,27th June 2024,Patricia Achami,1,False,"Not Verified |   I am writing this review to express my profound disappointment and frustration with the service provided by various departments, particularly customer support, following the cancellation of my flight from Vienna to Male last April due to the recent floods in Dubai. While I understand the circumstances surrounding the flight cancellation, the issue lies with the abysmal customer support I have encountered since then. Upon requesting a certificate for insurance purposes, I was informed that I would need to wait 30 days for processing, which I accepted as part of the procedures. However, upon receiving the certificate after the specified period, it was found to be incorrect for both myself and my travel companion. Subsequent attempts to rectify this error have been met with further delays and inefficiencies. Despite being advised to fill out another form for follow-up, it has now been two months since my initial request, and I am still awaiting the correct certificates. The lack of assistance and communication from customer support has been appalling, with promises to escalate the issue to the relevant department unfulfilled and no resolution in sight. As a loyal customer of Emirates, I am deeply dismayed by the subpar level of customer support and service provided in this instance. The unresolved issue with the certificates has also led to a delay in processing my insurance claim, further exacerbating the situation. It is truly disheartening to experience such incompetence and negligence. The disparity between the exceptional flight services and the inadequate customer support is not only disappointing but also unacceptable.",,,,,1.0,,1,no,Couple Leisure,Economy Class,Vienna to Male via Dubai,April 2024,0,-0.8464
emirates,20th June 2024,M. LaPrairie,9,False,"Not Verified | Having flown almost exclusely in business class for work travel paid for by my employer, the thought of 19+ hours in economy class from Delhi to Washington via Dubai filled me with dread. I was pleasantly surprised, however, by EK's economy product. While it is still economy and you can never 'go flat', I found Emirates' economy to be way better than United or Air Canada economy and, overall, offers solid hard and soft products. The seat is a decent size and has good legroom, again, compared to North American carriers. Catering was good with two full meals and a pizza or sandwich snack in between. Meal portions were good with plenty of variety. I was impressed by the 'engineering' of the economy meal tray with every conceivable space used to offer something. Every time I rang the call button, it was answered pleasantly. Washrooms were kept quite clean throughout both sectors. The ICE entertainment system offers tons of options. If paying out of my own pocket, I'd again chose EK economy.",5.0,5.0,5.0,5.0,5.0,3.0,4,yes,Family Leisure,Economy Class,Delhi to Washington via Dubai,June 2024,1,0.979
emirates,3rd June 2024,J Ali,9,False,"Not Verified |   Boarding started on time, the staff were friendly and hospitable despite some challenging behavior from some of the travelers. The cabin was clean and well kept. The food was served on time and was appetizing. The IFE worked well and their library of content was well curated. Overall a good experience.",4.0,5.0,4.0,5.0,4.0,,5,yes,Solo Leisure,Economy Class,Toronto to Dubai,May 2024,1,0.9128
emirates,1st June 2024,L Berten,1,True,"✅ Trip Verified |  Emirates provides an option to purchase extra kilograms of luggage before the flight. However, the link they provide does not lead to any option that allows for pre-purchasing luggage. Instead, the link leads to options for seat or class upgrades, food selection, or flight charges. In other words, Emirates takes extra effort to hide the option to buy extra kilograms prior to check-in. Today, I faced an extra charge of £380 because I was not given the option to purchase extra kilograms in advance. I tried searching but could not find the actual link to buy extra luggage. There are much better options to fly. Will not use your bad service next time.",3.0,3.0,3.0,3.0,1.0,,1,no,Solo Leisure,Economy Class,Manchester to Bangkok via Dubai,June 2024,0,0.7734
emirates,29th May 2024,H Jalati,1,True,"✅ Trip Verified |  The economy cabin in this airline is the worst in the world. Very rude flight attendants and crew. They only take care of higher levels, and other passengers, who are the majority of people in flight, are nothing to them. I was the gold member of this airline, and I stopped to fly with them. After 14 years, I tried to gain with minor hope for some changes, but it was worse than before. The crew's attitude on the ground and flights with economic passengers is unbelievable. It seems all of them are trained to deal with economy passengers like this. It is obviously not a chance for all of them to act like this with an insulting attitude.",1.0,1.0,1.0,1.0,1.0,1.0,1,no,Business,Economy Class,Dubai to Muscat,May 2024,0,-0.413
emirates,29th May 2024,T Mandel,1,True,"✅ Trip Verified |  No service with customer service has been terrible. They simply do not care about passengers. My sister had to cancel her leg of trip due to a diagnosed blood disorder that was serious enough she could not travel far from her home, fly, sit for long periods etc. While she undergoes series of tests to figure out cause and how to help her, Emirates would not let her cancel her one way, outbound flight. The flight does not leave for 7 months. They feel she can rest up and be healed by the date of departure.  She does have a flexible economy ticket to make the cancellation. They claim medical reasons are not approved reasons for cancellation of most of ticket value. Trying to change the name so i can save the trip and take a friend instead? Nope! Out of the question says Emirates.",,,,,,,4,no,Solo Leisure,Economy Class,New York to Milan,May 2024,0,0.2137
emirates,28th May 2024,Chris Greenwood,10,False,"Not Verified | My first experience travelling First Class (using Qantas points) was pretty surreal. Having flown the best (and worst) of discount airlines and everything in between, this was something else. Just the sense that you're the only one on board and that you call the shots. It was other-worldly. I drank dom perignon for 7 hours, ate a lot of caviar and chatted to some lovely relaxed staff (after all, they only had four passengers to attend to). The 'suite' was large, comfortable and opulent. Of course it was... Even though it was a 777 (not a 380), there was an absolute sense of luxury. Not sure if I'll ever try/fly first class again, but it was worth the points and a lot of fun.",5.0,5.0,5.0,5.0,5.0,,5,yes,Solo Leisure,First Class,Singapore to Melbourne,May 2024,1,0.9204
emirates,27th May 2024,G Meares,7,True,"✅ Trip Verified |  Decent flights, but unremarkable. Service was polite but disengaged, with little attempt by crew to interact with passengers. Seats were comfortable, with good legroom. I thought the IFE was excellent, with some quality new releases to choose from. The meals were large and generous - I am a Qatar Airways frequent flyer, and the Emirates meals are significantly larger than those on Qatar. However, the alcohol options are far smaller on Emirates, and on both flights I was only offered a drink once per flight. It's been nearly 20 years since I last flew Emirates and feel they have lost their shine; whilst I thought they were decent, I feel they lack the polish and refinement of Qatar.",4.0,3.0,4.0,5.0,3.0,,4,yes,Solo Leisure,Economy Class,Beirut to Osaka via Dubai,May 2024,1,0.9313
emirates,26th May 2024,T Katz,1,True,"✅ Trip Verified | I fly a lot, but Emirates were my worst experiences ever. Most importantly, 2 out of 2 times I flew with them, I was delayed for multiple hours. The first time it was just sitting on the plane with no AC for 2 hours, and the second was 3+ hours, due to some trivial problem with their cabin lights. That 2nd time I had a connecting flight to catch, and while on board they assured me it would be fine, and while I did make it to the gate while they were still boarding, they refused to board me due to having apparently unilaterally decided to rebook me to a flight 11 hours later, assuming I wouldn't make it. Turns out there were earlier flights, but they wouldn't book me to them due to not codesharing with those airlines. Not only was no compensation offered for this day-long delay, but when I finally booked a separate flight on my own, they wouldn't even refund me, and had me request it on my own online. Overall they just showed 0 willingness to help throughout the entire process, despite it being 100% their fault, for a delay caused by them and between flights both of which they operated. They made it as painful as it possibly could be, every step of the way. Oh, and the flights themselves were also bad - old-looking airplanes, terrible food, and relatively limited entertainment. Emirates might have earned a positive reputation due to their First Class experience, but for Economy flights, it's probably the worst airline I've ever flown.",3.0,2.0,1.0,2.0,1.0,2.0,1,no,Solo Leisure,Economy Class,Tokyo to Israel via Dubai,May 2024,0,-0.9736
emirates,23rd May 2024,Wayne Good,10,False,"Not Verified |   Returning from France, travelling in Economy to Dubai, then Premium Economy from Dubai to Auckland. First row in economy, so no one in front of me.  Service and meals were very good. Only 6 hours over night so decided not to sleep on this sector. Watched a couple of movies. The plane seemed on the older side, so movie selection not as good it seemed. Visited the lounge in Dubai due to my Emirates status, which was very good. Shower very welcome and good coffee. Flight to Auckland in Premium Economy a big step up from Economy. Seat very comfortable with loads of legroom, good recline and leg/foot rest. Slept for about 9 hours out of 15 hours. Service was friendly, professional and thorough buy a charming young British chap called Zak. Meals were delicious, hot towels etc. Entertainment was more extensive, although only watched 1 movie, as I wanted to sleep. Arrived half an hour early in Auckland. First off the plane and land side in less than 30 minutes.",5.0,5.0,5.0,5.0,5.0,,5,yes,Solo Leisure,Premium Economy,Paris to Auckland via Dubai,May 2024,1,0.981
emirates,13th May 2024,R Norton,3,True,"✅ Trip Verified | Emirates is plummeting downhill! Business class but no fast track, no lounge, no information, nobody to speak with! Such a shame that what was once a great airline now barely makes ‘good’, and that only because the cabin crew are the best...the rest are simply awful!",5.0,5.0,3.0,5.0,1.0,2.0,1,yes,Business,Business Class,Larnaca to Dubai,May 2024,1,-0.768
emirates,12th May 2024,S Chanon,1,False,"Not Verified |   On 3/9/2024, I transferred more than 300,000 points from Chase Ultimate Reward to Emirates Skywards account for First Class miles redemption for a flight from Seattle to Thailand. Shortly after that, Skywards locked my account, indicating it's due to ""a routine review."" However, after more than a few weeks, my account was still under ""a routine review."" That's when I started making a call to their customer service, but all they can do is sending an email to the internal team and told me to do the same, which I did ... but no response whatsoever from the internal team. Subsequent calls to the customer services and after hours of explaining, arguing, pleading yield the same outcome (or lack thereof.) The customer service agents were not willing to escalate the issue for us even though they knew that this issue has been going on way longer than their normal timeline. they did not try to help you in any way regardless of how bad the situation is. There was one one time after we pushed so hard to get to talk to their supervisor but even him would not try to help you anyway. Their entire customer service is there just to serve their internal team, not their customers. It has been almost three months now and my account is still under ""a routine review"". What supposes to be a dream trip has since becomes one of my worst nightmares. The customer service agents said the reward miles are valid for 3 years so nothing to be worried about, but how would it matter if my travel plan window is already passed - and at this rate who knows whether they will complete the ""routine review"" of my account within 3 years. All I want at this point is for the precious points I have been saving up all these years to go back to my Chase Ultimate Reward account and wake up from this nightmare.",,,,,,,1,no,Couple Leisure,First Class,Seattle to Bangkok via Dubai,March 2024,0,-0.6476
emirates,9th May 2024,K Brouwer,1,True,"✅ Trip Verified | I have a business class ticket for 3 flights AMS - SGP (Business Saver) SGP - DBX (Flex Plus)$$ DBX - AMS (Flex Plus)$$ Conditions for Flex plus as per webiste states: ""Flex Plus fare A Flex Plus fare is a totally flexible and unrestricted fare"". I'm 2 days before first departure. I want to change the 3rd flight. My ""Flex Plus"" doesn't apply anymore since they will reissue all 2 flights and the first one is Business Saver. They want to charge me 900€ to upgrade the 1st one, then 300€ change fee. In other words, if ""any"" of your flights is saver, ""none of them"" are Plus anymore. I feel scammed.",3.0,3.0,,,3.0,,1,no,Business,Business Class,Amsterdam to Dubai via Singapore,May 2024,0,0.4201
emirates,7th May 2024,Ziauddin Ahmed,6,True,"✅ Trip Verified |   Traveled from Dhaka to Lyon via Dubai in June 2023. Seat quality was average, food was also average, cabin crew were good. Ground services were slow. Flight was not bad but the layover at Dubai Airport was boring.",1.0,3.0,3.0,3.0,2.0,,3,yes,Business,Economy Class,Dhaka to Lyon  via Dubai,June 2023,1,-0.0194
emirates,7th May 2024,T Keen,2,True,"✅ Trip Verified |  I’ve flown Emirates a few times. I love the food but the flight attendants on all my flights were unfriendly and rude. Many of them are acting like they are doing us a favor by serving us, even though that’s their job. On May 5, I flew from Tokyo to Dubai and most likely it was my last flight with the Emirates. Especially a flight attendant who was very unfriendly and also skipped our line while serving food. She was unfriendly with everyone.  She seems to be hating her job. Apart from the flight attendants, one other thing I am not happy about is the delays. In my experience, Emirates never departs and arrives on time, there is always a delay.",5.0,1.0,5.0,5.0,4.0,,2,no,Solo Leisure,Economy Class,Tokyo to Dubai,May 2024,0,-0.953
emirates,6th May 2024,L Mardele,1,True,"✅ Trip Verified |  I have just collected my bag after a horrendous Emirates flight where the passenger next to me was intoxicated and assaulted me on the flight. The crew had to write a report as she should have not been allowed boarding. My bag is completely soaked through, all contents of the bag is soaking. I spoke to the ground staff and they could offer no help what so ever or a report. Everything is ruined - I am furious, I’ve had no communication regarding my outbound flights that were cancelled due to the storms and now my luggage is ruined. I will never fly Emirates again.",1.0,1.0,1.0,1.0,1.0,1.0,1,no,Couple Leisure,Economy Class,Dubai to Gatwick,May 2024,0,-0.9704
emirates,30th April 2024,Sara Mendez,4,False,"Not Verified |   Seats were very comfortable, very polite staff but the food quality has gone down significantly. Tasteless and overcooked. Not what it used to be when it was first launched.",5.0,5.0,1.0,4.0,5.0,2.0,3,yes,Couple Leisure,Economy Class,Dubai to Madrid,April 2024,1,0.4672
emirates,29th April 2024,F Salih,7,True,"✅ Trip Verified |  Inbound flight to DXB was 16 years old A6-EWC 777-200 refurbished cabin which is comfortable. Cabin crew reflect good training, collaborative. Food is standard like others, did not use IFE during flight. Connected in Dubai for less than 30 minutes and disembarked to bus then terminal and surprisingly my luggage arrived to terminal destination.",5.0,5.0,3.0,,4.0,5.0,4,yes,Business,Business Class,Barcelona to Dubai,April 2024,1,0.872
emirates,28th April 2024,M Fuller,1,False,"Not Verified |   Emirates left thousands of passengers stranded for up to 3 days in Dubai airport, some with children with no help or explanation. They have no contingency for rain and no interest in human care. They have provided no compensation for the impacted passengers. They claim that missing luggage was also due to the rain, they provide no help when things get tough and I will never be flying with them again. They also required me to fill out a medical form to board and they took zero notice of my one requirement (more drinking water than average) and, despite being able bodied, would not allow me to purchase the bulkhead seats after having spoken to me in person (a fit and healthy 35 year old with just a touch of hydrocephalus) due to the fact, and I’m quoting here I’m “disabled.”",1.0,4.0,1.0,1.0,1.0,1.0,1,no,Couple Leisure,Economy Class,Gatwick to Mauritius via Dubai,April 2024,0,-0.6555
emirates,28th April 2024,F Salih,6,True,"✅ Trip Verified |  Boarding fast despite seemingly full airplane. FA good and attentive. Departure delayed by 30 minutes. Outdated seat you need to press button 100 times to go to flat. Food quality is average. Internet not working, I have to spend time trying and trying. Bathrooms are clean however it was at the back of the airplane, front bathroom kept for first class, and every time i went i found 3-4 waiting, Toothbrush not available.",1.0,5.0,2.0,2.0,2.0,1.0,2,no,Business,Business Class,Dubai to Barcelona,April 2024,0,0.5719
emirates,26th April 2024,Tientham Sathientham,1,True,"✅ Trip Verified | My friend and I were scheduled to fly from Prague to Bangkok on 18 Apr. The flight was delayed 4 times. We arrived 2.30 hours before departing time. After 1.30 hour wait and 2 very disorganized check-in counter change, the counter stopped taking in passenger. No explanation from the staff. We found out from a fellow passenger that the flight was not confirmed. I tried calling and contacting them online but both channels were too busy. We finally went to talk to the staff who couldn't confirm when we will be flying out. They told us that they could not confirm about our connecting flight in Dubai to Bangkok too. A two-to-three-days wait was probable. We finally had to cancel the flight and bought a new last-minute ticket from Qatar to get back home. We tried to get compensation on extra hotel charge and airfares but the airline is not taking any responsibility. Extremely poor management and definitely no sense of responsibility from the airline.",1.0,1.0,,,1.0,,1,no,Solo Leisure,Economy Class,Prague to Bangkok,April 2024,0,-0.8169
emirates,26th April 2024,Parimila Sathemany,7,True,"✅ Trip Verified |  My sister and I travelled to Toronto via KLIA on 20th March 2024. The services were top notch. We travelled by economy class but were treated nicely by the stewardess. The food was great and we were fed quite frequently. When coming back on 4th April, we had a bad experience due to mistake done by Air Canada since we had 2 layovers and one of the layover had to travel via Air Canada.",4.0,5.0,5.0,5.0,3.0,5.0,5,yes,Family Leisure,Economy Class,Toronto to Kuala Lumpur via Dubai,April 2024,1,0.4678
emirates,22nd April 2024,N Rasakan,2,True,"✅ Trip Verified |  As someone from the service industry as an Operations Manager, it is rather appalling the standard for this experience. Not only did the person attending our aisle forgotten our drink requests once, but twice! One of which i also have to take the drink order myself. Not only that, the flight attendant didn’t apologise on both occasions which are of different time stamps, that’s a poor representative of the airline and i believe this is rather basic. Moreover and unfortunately, screen on the seat was blank and was requesting assistance to resolve it. Was reassured that it will be troubleshoot in 10-15 minutes. Guess what? Wasn’t resolve throughout the remaining of the flight. And also, i believe it’s basic to walk down the aisle once in awhile at your respective section to check-in with the guests to see everything is alright and needs immediate attention, but am noticing a pattern on both occasions, to and fro Dubai and Singapore. Seems like they only service during food and drinks, then hide back in the staff area.",3.0,1.0,3.0,3.0,1.0,,3,no,Family Leisure,Economy Class,Dubai to Singapore,April 2024,0,0.9348
emirates,21st April 2024,N. Siotto,7,True,"✅ Trip Verified |  Great airplane, service and staff, especially when flying on the A380 with the bar.  The seat is comfortable, crew is friendly and professional. The aircraft is clean. However the catering is a little disappointing. For such an expensive ticket I was expecting far better to be honest.",5.0,5.0,2.0,5.0,5.0,5.0,3,yes,Business,Business Class,Milan to Dubai,April 2024,1,0.9485
emirates,21st April 2024,K Darsen,1,True,"✅ Trip Verified |  True color of organisation is discovered when time of need arise, and Emirates capability is discovered. Never fly Emirates again, do not recommend anyone to travel on Emirates - you will be left to dry. I checked onto EK421 with a 20 kg checked bag on 18th March from Perth Airport. Arrived at Dubai airport on the 19th morning, as of today after 3 days of being me hostage at Dubai airport - there's no information from Emirates airport staff on anything, no worry about my dietary needs, my medical needs, sorry about my personal & business plan). I am not allowed to access my essential needs & medication from checked-bag and they would not put me on to my next connecting flight. At Dubai Airport Emirates staff directed me and others to continuously watch out for the Gate number on the screen as the flight would be listed there (but they won't tell when), I and others kept waiting for hours for the flight to appear, they appear without gates, stay listed there and then gets canceled. Clearly Emirates are just listing ghost flights so they don't need to provide a hotel. I am now on airport for more than 36 hours, no hotel provided, no vegetarian food available, I now almost three days in the same pair of clothing, and my medication & other essentials are in a checked-in bag that Emirates staff don't even care and tell me anything on when it will be returned to me. Their pretext that this is due to rain is just made up, as of last few days Dubai has returned to normal, for sure essential airport services there shouldn't be hold up and the excuse of weather event is just hiding their lack of management ability.",3.0,1.0,1.0,1.0,1.0,1.0,1,no,Business,Economy Class,Australia to Dubai,April 2024,0,-0.7502
emirates,20th April 2024,J Darcen,1,True,✅ Trip Verified |  Horrible service from start to finish. 6 hours delay. No communication. Unable ground staff and very rude. Lost baggage. I could spend hours making list of the problems. Will definitely change airline.,3.0,4.0,3.0,4.0,1.0,,1,no,Solo Leisure,Economy Class,Dubai to Nice,April 2024,0,-0.9165
emirates,20th April 2024,Walid Lahoud,3,False,"Not Verified |   After some disruption in Dubai airport due to a storm, Emirates seems not to recover. The situation is getting worse and day by day more flights are cancelled and more luggage lost. Emirates has lost it completely and the management of Emirates is not putting all what it takes to go back on track. After 11 years of flying Emirates as platinum member I am evaluating the possibility of moving to Qatar airways or even Etihad. Emirates has wonderful inflight service but the lack of professionalism of the ground staff is killing the company",4.0,5.0,5.0,5.0,1.0,5.0,1,no,Business,Business Class,Paris to Dubai,April 2024,0,-0.927
emirates,19th April 2024,J Edwards,1,True,"✅ Trip Verified | Flights postponed due to weather, spent 4 hours on hold for an agent to rebook flight as we needed to be home on the 20th. Phone number sometimes worked and sometimes didn’t. Called 20 plus times. Headed to airport to speak to an agent in person while on the 4 hour call hold. Finally rebooked to New York but the original ticket was for Miami. Flight is at midnight and the airport wouldn’t let us through the gate so we are spending 6+ hours with no AC in hot conditions and my mum is elderly (70) and not in good health. Also told us that we had to pay our own fare to Miami from New York which cost an additional $800 which they said will not be refunded. Also we were told this at 10:30am when the flight was at 4pm today.",1.0,1.0,1.0,1.0,1.0,1.0,1,no,Family Leisure,Economy Class,Miami to Dubai,April 2024,0,-0.5282
emirates,18th April 2024,Greg Padin,1,False,Not Verified |   Shocking service. I would never recommend this airline. Cancelled flight home and literally left everyone to fend for themselves. Long delays and everyones been messed about. Absolutely diabolical for being such a massive company. Would give 0 stars if allowed. Definitely not travelling with them ever again,1.0,1.0,,,1.0,,1,no,Couple Leisure,Economy Class,Dubai to Manchester,April 2024,0,-0.1411
emirates,18th April 2024,Debora Paiva Givisiez,2,True,"✅ Trip Verified |  After the big storm in Dubai, my mother stayed locked in the airplane after landed for 8 hours, no food, no assistance, no information! She is 64 years old, she has problem to walk, I even requested the wheel chair and transfer assistance to take her from one gate to the other. After 8 hours, when they let the passengers out of the plane, she didn’t get any assistance and had to walk a lot, as we know Dubai airport is huge. She lined up for 3 hours to get a new board pass, they gave her a boarding pass for 08:20am on 17/04/24, but it was already 22:10 17/04/24 when they give it to her. She didn’t eat for this whole time. Now they booked her in for on flight at 09:05 on 18/04/24, let’s see. The problem is not rescheduled the flight due the bad weather, the problem was the Emirates didn’t give any assistance to the passengers.",1.0,1.0,1.0,1.0,1.0,1.0,1,no,Solo Leisure,Economy Class,Brisbane to Sao Paulo via Dubai,April 2024,0,-0.9194
emirates,16th April 2024,S Ahuja,1,True,"✅ Trip Verified | We have boarded the flight from BOM to DXB on 04.04.2024 which was late because of a technical issue and the crew doesn't want to work over shift. The said flight reached the next day without any inflight food (BOM-DXB) instead of the same day creating physical harassment, mental harassment and financial losses (hotel & further tour charges got cancelled). Despite having active transit visa your staff kept us waiting for three hours at DXB airport for issuing current transit. My Flight no. EK 0506 which has original time of departure 9.30am (DXB-BOM) has not yet departed (till 10 pm) because of bad weather conditions but flight EK 0502 which has original departure time of 13.00 pm has already reached BOM. How come? It seems EK 0506 is not important, (bad weather is applicable to all flights). This behaviour and approach of Emirates is totally not acceptable & hence we here by demand compensation.",2.0,1.0,2.0,1.0,1.0,,1,no,Couple Leisure,Economy Class,Dubai to Mumbai,April 2024,0,-0.5594
emirates,12th April 2024,Barry Lok,1,False,"Not Verified |   On both the outward and return flights, I or my travel partner sat on a broken seat. Yes, we had booked economically, but then you can expect a fully functioning chair, right? Our flight to Bali took more than twenty hours in total. The quality of the chairs was nothing to write home about. We arrived at all destinations broken. I bought a new suitcase in Bali. This one also arrived “broken” at home in Amsterdam. One flight with Emirates was apparently too much for this beautiful suitcase. After some correspondence back and forth with Emirates, the conclusion was that they could not do anything for me and would not take responsibility. My conclusion is therefore to take a look at other companies where service may still be expected. In any case, I won't be booking Emirates again anytime soon. My next flight to Bali is with our KLM. Zowel op de heen- als op de terugvlucht zat ik of mijn reispartner op een kapotte stoel. Ja, we hadden economisch geboekt, maar dan mag je toch wel een volledig functionerende stoel verwachten? Onze vliegreis naar Bali duurde in totaal meer dan twintig uren. De kwaliteit van de stoelen was niet om naar huis te schrijven. Gebroken kwamen we op alle bestemmingen aan. Op Bali had ik een nieuwe koffer gekocht. Deze kwam ook “gebroken aan” thuis in Amsterdam. Één vlucht met Emirates was blijkbaar te veel voor deze mooie koffer. Na wat correspondentie heen en weer met Emirates was de conclusie dat ze niks voor mij konden betekenen en de verantwoordelijk niet op zich namen. Mijn conclusie is daarom ook om eens te kijken naar andere maatschappijen waar misschien nog wel service is te verwachten. In ieder geval zal ik Emirates niet meer zo snel boeken. Mijn volgende vlucht naar Bali is gewoon met onze KLM.",1.0,1.0,5.0,5.0,1.0,,1,no,Couple Leisure,Economy Class,Amsterdam to Bali via Dubai,March 2024,0,0.5342
emirates,12th April 2024,Kiran Pun,3,True,"✅ Trip Verified |  It was my first ever travel with Emirates and I have no hesitation to say that it was my first and recent travel will be my last travel with this airline. I have been traveling around for 4 decades. This airline is the worst I have traveled. From boarding desk staffs to aircrews, they are unfriendly, utterly rude and disrespectful. Pathetic all across the board.",3.0,3.0,3.0,1.0,2.0,1.0,2,no,Family Leisure,Economy Class,Gatwick to Kathmandu via Dubai,March 2024,0,-0.9149
emirates,20th March 2024,T Keale,1,True,"✅ Trip Verified |  Do not fly with Emirates if you don’t like to be squashed by obese passengers.  I pay full price and more for a flex ticket, but I only get 3/4 of a seat as the obese person next to me far is overflowing into my chair.  When I insisted to be moved to another chair it took the staff 15 minutes for the cabin staff to even respond to my calls, they were too busy chatting at the crew area, I was watching them. I had to press the crew call button on and off over 20 times, that’s no exaggeration, before someone came to ask me what I wanted. After pointing out what was going on I was moved to the chair closest to the toilet, almost in the toilet, I could hear everything inside the bathroom. The seat they put me in sticks out into the aisle so every time the air hostess would walk past they would knock my chair, completely lacking awareness or care for the passengers. They really don’t care. it’s difficult to imagine a more incompetent bunch of cabin staff and management controlling an airline. It is 100% the last time I’ll ever consider flying Emirates. I didnt even have have space to even eat my meal so I couldn’t ask for my dinner I couldn’t rest without being leaned on and knocked constantly by the customer overflowing into my chair. This is absolutely unacceptable.",1.0,1.0,1.0,1.0,1.0,1.0,1,no,Business,Economy Class,Phuket to Cape Town via Dubai,March 2024,0,-0.6717
emirates,17th March 2024,E Lorsen,1,True,"✅ Trip Verified |  Had perishable item, the airline sent is as special luggage and left it behind. As it was a item of importance to me and I was very sad that it was left behind. Very disappointed with Emirates",1.0,1.0,1.0,1.0,1.0,1.0,1,no,Couple Leisure,Economy Class,Oslo to Dubai,March 2024,0,-0.379
emirates,13th March 2024,H Mahdam,1,True,"✅ Trip Verified |  I book my flight from Emirates for my 2 kids me and my wife, paid amount from my card to Emirates. the flight was from Riyadh to Islamabad via Dubai. Departure time from Riyadh was 4:25 PM on 9th of march and arrival time was 7:10 Pm on same date in dubai airport. the 2 hour stay and then departure from Dubai at 9:10 PM same date and arrival 1:30 AM 10th of march. We were handed over to Flydubai from emirates  which was strange bu Ok we did boarding and got notification that flight is delayed.. Total delay in Riyadh was 4 and half hours and reached very late to Dubai airport and the connecting flight were missed. We approach to emirates counter and they rudely refuse to provide us any service because we were having flydubai boarding passes and told us to deal with Flydubai. Long story short we were dealt with like animals for 18 hours in airport and depart to another airport which were around 700 KM away from our  ticketed airport and does not provide any transfortatin from that airport. The car were arranged by us which cost us around 250$. I will never recommend Emirates and flydubai to anyone.",1.0,2.0,1.0,1.0,1.0,1.0,1,no,Family Leisure,Economy Class,Riyadh to Islamabad via Dubai,March 2024,0,-0.8361
emirates,10th March 2024,J Hasmine,1,True,"✅ Trip Verified |  The service provided is absolutely unacceptable and beyond what I’ve ever experienced. The flight from Lisbon to Dubai was delayed by 3 hrs. Connecting flight to Phuket was missed due to that which of course can happen but there was zero handling of the situation in Dubai - it took 4,5 hours at the airport standing in lines to get a new boarding pass and a hotel voucher. Before that no information at all. After all this they take you to a hotel which is 30 minutes away from the airport without telling before which hotel and where it is - arriving at the hotel another long waiting session and then no one can say when the shuttle bus is going back to the airport - we don’t have that information, end of conversation! Zero information. Zero service. I booked seats on the flight in advance to be able to rest and in the email about the new flight it said the booked seat will remain for the new flight but that is not the case at all. So now instead of my paid window seat I’m sitting straight in the middle. All the service chat tells you is to file a complaint. Also I paid for a hotel in Phuket that I don’t get to use. This was by far the worst I’ve ever experienced by any airline. It’s such a joke, the way they treat people, their customers. Especially at the airport- no one cared at all for all of the travelers facing this situation. Everyone was treated with pure ignorance. Biggest mistreatment and miss organization ever! Don’t book this airline!",2.0,2.0,2.0,4.0,1.0,,1,no,Solo Leisure,Economy Class,Lisbon to Phuket via Dubai,March 2024,0,-0.9627
emirates,9th March 2024,P Malden,10,True,"✅ Trip Verified |  We choose the twin seats at back of plane as this is a long flight and paid for them, well worth the extra on this long flight.The captain kept us updated on turbulence and seatbelt reminder throughout flight. Cabin crew professional and available when needed, plenty of drinks available. Have flown Emirates since 2012 when flying to Europe never had a bad experience, always Economy but been fortunate to be offered upgrade x2. Gluten free meals the best.",5.0,5.0,5.0,5.0,5.0,,5,yes,Couple Leisure,Economy Class,Dubai to Brisbane,March 2024,1,0.9585
emirates,8th March 2024,E Malden,10,True,✅ Trip Verified |  Venice to Dubai. My husband & I checked in online 48 hours before departure. Arrived at Venice Marco Polo Airport and took the online check-in line which was very short. The Emirates check-in was very good and answered our questions about our onward flight when arriving in Dubai further connection which was with Qantas to regional airport. We were surprised when given all three boarding passes for continuation to final destination with Qantas Chose aisle seats C/D as far back as possible. Flight was excellent with multilingual crew and co pilot Australian Captain from El Salvador. Always fly to & from to Europe with Emirates well looked after and the best gluten free meals. Arrived on time.,5.0,5.0,5.0,5.0,5.0,,5,yes,Couple Leisure,Economy Class,Venice to Dubai,March 2024,1,0.9545
emirates,4th March 2024,E Galetski,1,True,"✅ Trip Verified |  Our BKK-DXB flight was delayed for 18 hours and as a result we missed our DXB WAW connecting flight. We were offered a long flight with one more transfer DXX-LJU - WAW no longer on Emirates and FlyDubai on budget airlines where the standard was far below expectations. Unfortunately, because of Emirates we also missed the next transfer and instead of 16 hours our journey lasted over 60 hours. The worst thing is that the Emirates hotline showed no interest in our problems. We personally had to nervously look for connections to WAW. I filed a complaint, but Emirates did not respond. They awarded bonus miles instead, but I never want to use Emirates again. It is certainly not a premium airline which shows absolutely no interest to problems of their passengers and to their misconduct. I feel robbed. If I had been focused on low price, not taking service / comfort / time of journey, I would have chosen some different airline paying less. Yet, I paid much, much more and I got absolutely long journey, poor service, absolute disrespect from Emirates hotline, and no refund. They gave me worthless bonus miles. Never again am I going to fly with Emirates - budget airlines seem to be a better option with lower prices",4.0,1.0,1.0,1.0,1.0,1.0,1,no,Family Leisure,Economy Class,Bangkok to Warsaw via Dubai,February 2024,0,-0.9451
emirates,4th March 2024,E Bayaz,3,True,✅ Trip Verified |  Definitely not the standard I would expect from a premium airline. Business class seats and layout are dated and service levels at gates and checking in are well below other competitors. The economy class is well below Qatar Airways too. Counter staff are unhelpful especially at the UK counters. I would have been better off trying Saudia instead. This is definitely not the experience of Emirates that I have had over 10 years ago. Qatar Airways really puts them to shame.,3.0,3.0,2.0,2.0,1.0,2.0,2,no,Solo Leisure,Business Class,London Stansted to Lahore via Dubai,March 2024,0,0.8126
emirates,3rd March 2024,E Lasene,1,True,"✅ Trip Verified |  My husband and I bought tickets to do Paris Seychelles transit Dubai. On arrival in Seychelles my suitcase was not delivered to us. We wait 25 minutes. And at the end of that time, a plastic bag arrives closed with a ribbon into which a quarter of my remaining belongings are thrown. Everything else was stolen. The suitcase was therefore opened despite an empty padlock and the rest of my belongings stashed in a plastic bag. I immediately opened a dispute, sending 37 emails since January 6. I called every two days, no one answered me. I only received automatic emails, with zero follow-up concerning me. I therefore lost more than €6,000 in business, not including the round trip to Paris Seychelles. Unacceptable treatment of customers. Nous avons acheté Mon Mari et moi des billets pour faire Paris Seychelles transit Dubaï. À l’arrivée aux Seychelles ma valise ne nous est pas livré. Nous attendons 25 minutes. Et au bout de ce temps-là, arrive un sac plastique fermé par un ruban dans lequel sont jetés un quart de mes affaires Qui restait. Tout le reste a été volé. La valise a donc été ouverte malgré un cadenas vidé et le reste de mes affaires planqué dans un sac en plastique. J’ai immédiatement ouvert un litige, envoyer 37 mails depuis le 6 janvier. J’ai appelé tous les deux jours, personne ne m’a répondu. Je n’ai que reçu des mails automatiques, Avec zéro suivi me concernant. J’ai perdu donc plus de 6000 € d’affaires, sans compter l’aller-retour, Paris Seychelles. Inadmissible le traitement des clients.",5.0,2.0,2.0,1.0,1.0,1.0,1,no,Couple Leisure,Economy Class,Paris to Seychelles via Dubai,January 2024,0,-0.9064
emirates,28th February 2024,E Davies,2,True,"✅ Trip Verified | Every step of the travel, I found harassment, terrible customer support, and absolutely no help. I am treated like an economy class customer in all aspects. Check-in: 1. Rude arrogant check in staff at SFO: refused to accommodate a box that exceeded 59 inches though far underweight than half of 70 kgs allowed. Arrogant staff refused to ever entertain my request as the app clearly mentioned that I could take up to 115 inches, without mentioning additional cost over 59 inches. 2. Reached DXB. At the gate, someone came over with my name and he was not aware of hotel option despite mentioning that I received it in my last trip. When I finally approach Terminal 3 First class lounge, they gave me hotel voucher after a lot of time. Even lounge front desk didn't have that information. 3. The lounge front desk refused to help me get to chauffeur service, didn't tell me 'EXACT' steps on how to reach Arrivals. It was the most terrible experience for someone going there for the first time. The desk that manages Chauffer service was incompetent and provided inaccurate gate info where I could get car to hotel. All this exercise took 1.5 hours, eating up on my plans to go out to the city. 4. When I checked back in the following day, 27th Feb, the second bag was not loaded despite being first class, despite paying for it and despite 19 hours of transit. When I landed and waited for it at carousel, app displayed delayed bag with PIR info. 5. Apparently the customer service agents pretended that they cannot get my contact details to update the baggage claim report/PIR and kept blaming me for it. They knew the flight I was in, the bag number and access to my profile, but kept saying that they can't update me because I didn't provide phone number and email address, both were there in my Emirates profile long before my travel date. 6. No communication on missed bag despite repeated contacts with customer support. Emirates has provided the worst travel experience all around in spite of paying for first class and for additional baggage. This is my last trip with Emirates and request everyone to not waste their money/miles on Emirates. You will always hit a wall in getting somethin we think is customer service. There will be no help, no customer support, no sensitivity or understanding. All I experienced is arrogant highhandedness, no respect for customers.",4.0,4.0,3.0,5.0,1.0,3.0,1,no,Solo Leisure,First Class,San Francisco to Hyderabad via Dubai,February 2024,0,-0.9881
emirates,22nd February 2024,Ali Norri,1,False,"Not Verified | Do not fly with Emirates and FlyDubai. Extremely poor management from Emirates and Dubai Airport. Did not have permission to leave Baghdad and had to wait for 4 hours and arrived late to connection flight to Sydney. Once arrived to Dubai, provided new flight in 9 hours with no accommodation and no other services. This is an example of extreme mismanagement of Dubai Airport and Emirates. And when you ask their staff for help, they literary try to ignore you.",1.0,1.0,1.0,1.0,1.0,1.0,1,no,Business,Economy Class,Baghdad to Sydney via Dubai,February 2024,0,-0.7778
emirates,21st February 2024,P Malden,10,True,"✅ Trip Verified |  Booked flight on Emirates website but first part of journey was from regional Australia with Qantas flight. Luggage checked all way through to Dubai so did not have to transfer it at Brisbane. Checked in on line and when arrived in Brisbane the customer service was very good allowing us to change seats to back of plane as was not a full flight so had 3 seats for 2 passengers, a very comfortable flight and the cabin crew bringing around drinks between meal service. Arrived Safely in Dubai on time.",5.0,5.0,5.0,5.0,5.0,,5,yes,Couple Leisure,Economy Class,Brisbane to Dubai,February 2024,1,0.938
emirates,12th February 2024,Massimo Reverberi,2,False,"Not Verified |  A real disappointment. Emirates costs 25% more than Etihad or Qatar for the same route, but the service was bad. First flight was 2,5 hours late. The seat I selected was reassigned by the system and no explanations were given at the counter. Return flight was 1 hour late. Online check in system was down for two days and I could not select a seat (getting a terrible one location at the check-in counter). Guess this is my last time with Emirates, since there are cheaper and better performing options on the same route.",1.0,4.0,3.0,4.0,2.0,1.0,2,no,Solo Leisure,Economy Class,Milan to Bangkok via Dubai,February 2024,0,-0.875
emirates,11th February 2024,J Smith,8,False,"Not Verified |  I flew the same route last year, and it is obvious that Emirates are using older planes on this route. Screens do not stay in place and no usb port at seat. Food was acceptable and crew friendly. More modern aircraft would improve the experience.",3.0,4.0,4.0,4.0,4.0,4.0,4,yes,Solo Leisure,Economy Class,Dubai to Cape Town,February 2024,1,0.7351
emirates,8th February 2024,D Mo,1,True,"✅ Trip Verified |  First time i have lost my baggage after arrival and the help was next to nothing. 1 out of my 2 baggage was missing after we have arrived in Singapore airport. After waiting at the belt and asking a member of staff at the airport then we have found out that this baggage tag was no scanned at my transfer in Dubai. therefore the baggage was somewhere in Dubai not knowing if it has been identified or lost yet. The airport team gave me a Reference and told me that they will keep me updated. i asked for a number to call to the airport office and they provided a number on the form. Next day called the number it was a switch board and after multiple attempts and speaking to the agent you cannot transfer to the airport counter and they do not know anything They tell you that someone will be in touch but that is not true. The customer service helpline on Emirates website is useless as you cannot get through or speak to a real person for help. I had no idea the next couple of days where my luggage was or if it is lost? No communication what so ever throughout, multiple emails/ calls/ feedback to emirates but no response. The customer affair team takes 9 months to even reply. i have another outstanding experience in April 2023 from Tokyo to Manchester where of on my luggage was smashed and they have not offered any compensation but asked me to to go a repair centre for a quote after 8 months of the incident. Took them 8 months to acknowledge my claim and probably made 20 phone calls to change after multiple email. They have the worse customer service if you was to encounter a problem or issue.",2.0,2.0,2.0,1.0,1.0,,1,no,Family Leisure,Economy Class,Dubai to Singapore,January 2024,0,-0.9509
emirates,2nd February 2024,Ishan Pandita,1,True,"✅ Trip Verified |  My Emirates experience was horrific, starting at Delhi airport where ground staff threatened to deny boarding unless I forced my laptop into my carry-on.  Boarding pass retrieval led to another confrontation at the gate. Emirates staff at the gate confiscated my boarding passes, threatened baggage offloading, and harassed me for carrying my laptop bag separately. Only after pledging to stow my laptop bag under my seat was I allowed to board just before departure. Upon reaching LA, I discovered a missing bag. It took days for Emirates to locate it. Emirates staff, without notice or gate codes, knocked at midnight, delivering my damaged bag. How they accessed it remains a mystery. The bag was torn, belongings damaged, and some items were missing. Despite three complaints, Emirates provided no response. Despite reaching out multiple times, Emirates offered no explanations, leaving me frustrated and dissatisfied with their customer service.",2.0,1.0,1.0,1.0,1.0,1.0,1,no,Solo Leisure,Economy Class,Delhi to Dubai,September 2023,0,-0.9897
emirates,25th January 2024,H Thomas,2,True,"✅ Trip Verified | This was my first trip on Emirates. I paid $1,400 for my economy ticket. I also paid to select my seats. I specifically chose an aisle seat because I have neuropathy and needed to ensure I could stand up regularly to avoid blood clots & not disturb others. Immediately, I noticed the man sitting next to me, sharing an armrest with me, that he dominated, was sniffing and digging hard up his nose every couple of minutes nonstop. He would then touch everything around us, including the armrest. Each time he dug up his nose, he would grab the armrest that we shared in common. He also put his hand on my side and touched the screen, picked up something that fell and handed it to me. He was openly digging up his nose and touching everything while sniffing, indicating sickness. I was wearing a mask. He was not. I was entirely grossed out and very concerned for my health and safety. It was not a one time act, but a continuing behavior, every few minutes. I told attendants to observe his conduct too. The flight was over 12 hours long and I could not stomach this nasty behavior the long flight and risk my fragile health and safety sitting next to this man, imagine trying to eat next to him. I spoke to the flight attendants a minimum of three different times. Their eventual solution was to move me from my seat up front to the very back of the airplane, far from my colleagues. I was traveling with three companions, two sitting in front of me and one in first class. Our paid seats were the first seats behind economy preferred class. There were dozens of available seats in that section that were close to my companions and only a few feet away from the section I was sitting in that I paid for. Rather than make my health a priority and move me to a safer section, they attempted to move me to the very back of the plane. They said they couldn't say anything to the man. I didn't want to leave my companions. It was so frequent that I took evidence the entire flight to prove it. The only time he used a napkin was when they served food, and he used the one from his tray to clean his nose. That is the napkin he dropped on me, reaching over me to the stewardess. It was their jobs to help keep me safe. I was content in the seat I purchased near the front, on the aisle. I wasn't seeking to be upgraded. But if those were the only seats available, in close proximity to the seat I purchased, and still near my companions; rather than make me sit over 12 hours stressed out trying to avoid bodily fluids; put at a health & safety risk sitting next to a man openly wiping his bodily fluids on my seat, the armrest & me, they should have moved me to those seats, not the back of the plane.",1.0,1.0,3.0,5.0,3.0,1.0,2,no,Solo Leisure,Economy Class,New York to Dubai,January 2024,0,0.9337
emirates,22nd January 2024,Fadlo Haddad,3,True,"✅ Trip Verified | Check in desk at Montreal airport going to Philippines: We were traveling as a family with my senior mom, my wife and my infant that was 11months old. We did our check in online and made sure we chose a bulkhead seat to be able to use the basinet. To our surprise when we got to the plane they have changed our seats without letting us know. Very inconvenient and stressful since we where counting on those seats. The explanation they gave to us was that when there is a change of the type of plane they can not guarantee the seats we chose. I believe thats not a good reason to give and is a sorry excuse. If there is a change of any sort they have the responsibility to let us know I would have been glad to pay for a better seat. Morever, our return flight was even worst. At the checkein gate right before boarding,from Dubai to Montreal, they told us that we needed to check-in our carryon bags since there was no space on the overhead storage due to full capacity. We told them that we can not do so since we have an infant with us and that the carry on and baby diaper bags where a must, plus her toys,formula and food etc. They still refuse and told us we needed to check in our carry on. We were within what we were allowed to bring to the plane and still we needed to check in our things. I find this ridiculous. They do not meet the product that they are offering or selling and they have no sence of transparency at this point and a sense of understanding the situation we were in. The staff also was rude and just ignored my concerns. Not a family friendly airline thats for sure. Food and entertainment: horrible and tastless and the 2 planes going back from philippines to Dubai and transit then to Montreal my entertainement screen were broken. Staff in the plane I can clearly see that they do their best but are sometime not found when you need them, especially in a long haul flight when everyone is sleeping. The gally where you can get drinks and snack where over flow with garbage everywhere",3.0,3.0,3.0,2.0,1.0,,3,no,Family Leisure,Economy Class,Montreal to Manila via Dubai,December 2023,0,-0.8075
emirates,19th January 2024,Peter Whiting,10,True,"✅ Trip Verified |  I have just completed a trip Johannesburg to Dallas via Dubai, returning from LAX, and cannot fault them in any way. All flights were on time, staffed by efficient, courteous staff and seats were extremely comfortable. In addition, the other services afforded by Emirates for Business Class passengers - a) the chauffeur service, which I used twice, and b) the promise of a hotel room if your layover is longer than 6 hours - mine was 9 hours - worked extremely efficiently, and I was housed at a top class hotel.",5.0,5.0,5.0,5.0,5.0,5.0,5,yes,Solo Leisure,Business Class,Johannesburg to Dallas via Dubai,January 2024,1,0.952
emirates,17th January 2024,B Mendoza,5,True,"✅ Trip Verified | I booked this airline because of the paid wifi option. It worked on the first leg of my trip (Manila to Dubai) but it didnt work at all on the 2nd leg (Dubai to Washington Dulles - 14 hours). This route to the US is longer than the Pacific route but I booked it precisely because it offered paid internet. Unluckily, the internet did not work on the longest leg. I filed a complaint to Emirates and they said that it is really not their problem and I should file a complaint to their internet service provider.",4.0,5.0,5.0,3.0,4.0,1.0,3,no,Solo Leisure,Economy Class,Manila to Washington Dulles via Dubai,January 2024,0,-0.322
emirates,8th January 2024,C Mearen,3,True,✅ Trip Verified |  The seat pockets were ripped and I was unable to store anything. When I used the tray my drink slid off bec the tray was unstable. I mentioned it to the staff but they acted like they didn't know what I was talking about. I used to regards Emirates as tops but very dissatisfied. Every aircraft was quite poor except the CPT/DXB and that was because I slept for the entire flight.,2.0,2.0,2.0,2.0,3.0,1.0,2,no,Solo Leisure,Economy Class,Auckland to Cape Town via Dubai,December 2023,0,-0.3567
emirates,7th January 2024,Michael Malter,1,False,"Not Verified |   My wife and I along with 2 friends took the Emirates flight from Newark, NJ to Athens in September 2023. We had never flown on Emirates but decided to give them a try over American or Delta. The numerous tv commercials with actress Penelope Cruz has subliminally triggered something that inspired me to convince my wife and friends that we should give them a try. At the time of our ""economy"" booking we decided to pay an additional $410 per couple for seat upgrades. We had opted to pay more for the 2 seats together rather than the sitting in a row of three or fours seat in the center of the plane. As soon as we boarded the plane and took our seats I knew the outbound flight was going to be torture. The 2 seats that we paid $205 extra for were so small with walled sides and hand rests that didn't move would have been great if we were all contortionists but unfortunately we were not. We made it to Athens 10 hours later and after a couple of good nights sleep we put this horrible memory behind us so as not to ruin our 2 week long awaited vacation. About a week into the trip we did some research on the web and decided to downgrade our return seats from the same mini seats that we flew out on and instead opted for the standard seats that were in the middle section of the plane that included 4 seats. This was a great move as our return flight was much more comfortable. When I contacted Emirates upon our arrival and asked to get back the $205 paid for the return downgraded seats, their reply was that they do not issue refunds for seat downgrades. That said, the 4 of us will never travel on Emirates again. As a postscript I want to mention that none of the 4 our us, all retired and in our late 60's are heavy or have large behinds, to the contrary, we are all smaller individuals who have never had any comparable torturous seats while flying anywhere in the world. Unless you are Penolope Cruz and get complimentary ""first class"" seating or opt to pay the additional thousands of dollars, stay away from Emirates.",1.0,3.0,3.0,5.0,1.0,5.0,1,no,Family Leisure,Economy Class,Newark to Athens via Dubai,October 2023,0,0.9767
emirates,1st January 2024,Mary Kyule,3,True,"✅ Trip Verified |   I went through hell when checking in. I had an extra luggage and the staff made me spend 2 hours re arranging and arranging the bags, the finally told me to trash one bag and to my surprise they still charged me $300 for extra kgs. The staff were also not polite and kept taking me in circles. Never will fly Emirates again",1.0,1.0,1.0,1.0,1.0,1.0,1,no,Solo Leisure,Economy Class,Dubai to Nairobi,December 2023,0,-0.6486
emirates,31st December 2023,M Keale,5,True,"✅ Trip Verified |  Lately it's not enjoyable travelling economy with Emirates. The boarding areas are too small with standing too only for many, the toilets on the flights are dirty, the food is average and the seats are cramped. Earphones don't work, choice of movies has become limited. On top of that, the last two flights, they have changed the legroom seats I paid Extra for for standard seats. On complaining, I was told to ask for a refund on my return. No compensation, no upgrade (payable or not). Basically they don't care. Having bought direct and paid £4000 on the tickets 2, it's not really good enough. It's not what it used to be. Economy is now cattle class.",2.0,5.0,4.0,3.0,3.0,1.0,2,no,Couple Leisure,Economy Class,Heathrow to Bangkok via Dubai,December 2023,0,-0.895
emirates,26th December 2023,Dinu Ajikutira,1,False,"Not Verified |  Our family booked together and having flown for many years on Qatar Airways, expected that the family will be seated together. To our surprise we we each seated in different middle seats, including our child. The check In counter person was so rude when we asked to check if they can find an aisle seat since one of us needs it for health reason. We are so dissatisfied with the service. We have never encountered this kind of a situation in our 25 years of flying international.",3.0,3.0,2.0,3.0,1.0,,1,no,Family Leisure,Economy Class,Boston to Bangalore via Dubai,December 2023,0,-0.7296
emirates,25th December 2023,P Barven,1,True,"✅ Trip Verified |  I took 4 flights with Emirates and it was an absolutely miserable experience. You get more leg room on an AirAsia flight, the food tastes like garbage. And the rudest possible employees you can imagine. I have absolutely nothing positive to say about this airline. Avoid at all cost. Just pay a bit more for a better airline.",1.0,1.0,1.0,3.0,3.0,2.0,1,no,Solo Leisure,Economy Class,Montreal to Kuala Lumpur via Dubai,December 2023,0,-0.7982
emirates,22nd December 2023,Paul Devine,1,True,"✅ Trip Verified | Following up to my previous review """"worst customer service"" 1 reviews J Deene (United Kingdom) 13th December 2023"" I'd thought I would update you on the progress of my complaint Thomas of Emirates Customer Services has been very unhelpful. Of having allergy/food issues heading to Tokyo Narita, I had the same going back plus 12 hours with a broken seat, no ICE Entertainment system and cabin crew unable to move me to another seat, however moved 3 others with no problems. (NRT-DXB EK318 25TH November 2023). I also got cellulitis on the the outbound journey the week earlier due to the issues onboard which DID affect my holiday a dream holiday I saved all year, the flight cost 90% of the money I paid, in the numerous email Thomas of Emirates Customer Service was unwilling to admit responsibility onboard was let down. Those food issue allergies that I told the airline in many months before the actual holiday. The Japanese holiday I am hoping to do every year, 2024 or 2025 won't be with Emirates they have shown lack of care, remember , ONLY caring for one thing the money you have in your bank account. For someone who won't be travelling with Emirates, Thomas of customer services decided 10000 skywards points is ""reasonable"".",1.0,1.0,1.0,1.0,1.0,,1,no,Solo Leisure,Economy Class,Glasgow to Narita via Dubai,November 2023,0,0.9453
emirates,22nd December 2023,Somayeh Heidari,2,False,"Not Verified | My luggage got damaged and I got information to repair luggage. They have an agreement with a center in the city which doesn't have even Samsonite luggage or any spare items. I got to get the value of the luggage and trying to find out a solution how to follow up. Oslo doesn't get any responsibility and referring me to contact to Dubai. I don't understand how much a person whom incurred to a damage should myself spend time and money to follow up the case, calling to Dubai, going and finding spare part which is not easy and many other things since the customer service is very helpless.",3.0,3.0,3.0,2.0,1.0,1.0,2,no,Solo Leisure,Economy Class,Oslo to Dubai,December 2023,0,-0.5992
emirates,20th December 2023,E Bourgere,3,True,"✅ Trip Verified |  I (via a travel agent) booked a round-trip business class flight with Emirates that ended in Queenstown, NZ. Upon arriving for a layover in Melbourne at 23:30 after a 13-hour business class flight from Dubai, I was looking forward to a shower. However, I was denied entry to the Emirates lounge, without any real explanation as to why. The gentleman at the counter was more interested in making me go away than helping me understand the situation, so, confused, I called Emirates ""customer service."" They bluntly informed me that if I wanted to use the lounge so badly, my travel agent should have booked the flight from Melbourne to Queenstown on Qantas. As it turns out, the leg from Melbourne to Queenstown that I had was on Emirates partner Jetstar. As Jetstar does not have a business class cabin, this one leg (out of 5 total legs) was economy. I should note that the entire itinerary was booked through Emirates, and part of my confusion stemmed from the fact that they all had Emirates flight numbers. But what I had here was an Emirates flight operated by Jetstar (and the same flight also had a Qantas flight number - one flight, three partners, three numbers). I should have gotten the Emirates flight operated by Qantas that was departing an hour later, as Qantas has a business class cabin, and it would have been the same cost anyway. If it's the same cost anyway, why not let me come in and take a shower? It's 1am and there is no one else here. Additionally, they do not care if the arriving flight is business, or if 4/5 legs are business, you are not special. No kindness, no attempts at understanding or helpfulness or smoothing over the situation. Just rudeness and criticism. A jarring and unpleasant surprise.",3.0,3.0,2.0,3.0,1.0,2.0,1,no,Business,Business Class,Dubai to Queenstown via Melbourne,December 2023,0,-0.911
emirates,15th December 2023,Agusti Bota Fabrellas,2,True,"✅ Trip Verified |  Emirates cancelled my flight on 8-12-23 and changed to 9-12-23. I cannot accept and ask for a change to 7-12-23. They told me ""there is no seats"" on this day, you can cancel in full for free. I cancel and receive a penalty for the cancellation and I buy a new ticket on the supposed ""no seats flight"". Impossible to make a complaint online.",2.0,2.0,1.0,2.0,2.0,1.0,2,no,Solo Leisure,Economy Class,Bahrain to Mogadishu via Dubai,December 2023,0,-0.8513
emirates,13th December 2023,J Deene,1,True,"✅ Trip Verified |  I was travelling to Tokyo Narita via Dubai. In 2022 I had the meal issues on return journey from NRT To DXB when they could only offer a meal with items I have bad allergies to, Then second meal Cabin Crew forgot to offer, wouldn't give any water on 12.5 hour flight. for the recent one I contacted Emirates Customer Service that I have allergies for fish, mushroom and wholemeal, Customer service rep said ""bring your own food then and the crew will heat them up"" I said it will be taken off me at security at Glasgow if not Dubai"" he said no, the day came food was taken off me at Security at Glasgow. As backup they booked me a bland meal that wouldn't contain my allergies on DXB to NRT section (GLA-DXB meals were fine) which was Mushroom and second meal fish and mushroom. Which meant no food just a tiny bottle of water. I'm already worried about the return flights and worries were confirmed when once again meals offered with allergy items, Cabin crew I'll give credit concerned, very little food and water. Not just that my seat was broke, headphones broke and the so called ICE entertainment system wouldn't work, 12 hours nothing to do and crew couldn't move as they already moved others with similar problem, couldn't move myself. I recently got a response from Customer Service ""out of their control"" and one the flight cabin also said they would have refused the my own food and I wouldn't have gotten anything through Dubai for second flight. 2024 and 2025 holidays won't be with Emirates. Emirates are one of the worst customer service experiences.",1.0,3.0,1.0,1.0,3.0,,1,no,Solo Leisure,Economy Class,Glasgow to Narita via Dubai,November 2023,0,-0.8869
emirates,12th December 2023,A Abed,9,True,"✅ Trip Verified | I was compelled to write a review for an airline because of the exceptional service I got from the whole team of the cabin crew. It was more of a great experience rather than a journey. Right from the entrance to the aircraft I was treated like a beloved family member who came to see the family after years by every staff member. Every single request was taken seriously and was addressed to the best of the availability. I felt that I was the only special passenger for them, they were super nice and highly empathetic in their body language. The air hostess assigned to my area was asking me every single time she passed by me with a great smile if all was good. When you enter the lounge you are greeted with super smiles, if you ask them something they come close to you holding shoulders to show attachment. They were all super devoted to their work, full of energy and trying to help everyone as much they can. I am a frequent flyer of Emirates, though the maintenance inside aircraft has compromised that fresh and modern look but their crew members compensated that by miles. My special thanks and 7 star to every single staff member in the busines class cabin.",3.0,5.0,4.0,4.0,5.0,4.0,4,yes,Business,Business Class,Toronto to Dubai,December 2023,1,0.9889
emirates,7th December 2023,Fahad Salah,9,True,"✅ Trip Verified |  Check in and boarding was fast. Aircraft is 15 years old but clean and well maintained. Bathroom is clean and bvulgari was supplied. Cabin crew helpful, communicative and offer help, food, or drink. Departure on time and arrival early. I realized why Emirates is more expensive than others.",5.0,5.0,5.0,5.0,5.0,,4,yes,Solo Leisure,Business Class,Barcelona to Dubai,December 2023,1,0.9517
qatar_airways,24th June 2026,Maher AlShaaban,10,True,"✅ Trip Verified | Two and a half hours before our flight to Indonesia, we arrived at check-in and an unexpected Advance Passenger Processing (APP) flag locked my visa. My wife and son were cleared to board, but I was blocked. The initial supervisor emailed immigration authorities, informing us that waiting was our only option. I pleaded with the shift supervisor. He calmly replied, ""Unfortunately, an email is the only way, but we will do everything we can to make sure you don't miss this flight."" He kept his word, monitoring communications while front desk assistant fired off multiple ""Urgent"" follow-up emails in under ten minutes, pushing for a rapid response. Staff showed incredible leadership. He took decisive action to manually navigate the sync delay, forcefully pushing our check-in through.  We had 25 minutes to clear immigration, pass security, and reach Gate 24C. We reached the gate at 6:40 PM, ten minutes past takeoff. The gate agent had held the flight.",3.0,5.0,4.0,1.0,5.0,3.0,5,yes,Family Leisure,Economy Class,Doha to Jakarta,June 2026,1,0.608
qatar_airways,6th June 2026,Alwaleed Althani,9,True,"✅ Trip Verified |   Came in on a connecting flight on Cathay Pacific flight from Guangzhou going onto Doha. At 2 AM everything at the airport was closed except for the lounges. Onboard nice QSuites but I just had to just sleep, and had no food or used entertainment.",4.0,4.0,,,3.0,,4,yes,Couple Leisure,Business Class,Hong Kong to Doha,May 2026,1,0.4215
qatar_airways,6th June 2026,Alwaleed Althani,6,True,"✅ Trip Verified |   A330 comfortable but very much underwhelming. Paper bags with a sandwich no choice, but as the flight that lasts 45 minutes getting there was more important.",3.0,3.0,1.0,1.0,3.0,,3,yes,Couple Leisure,Business Class,CAN to HKG,May 2026,1,0.2475
qatar_airways,29th May 2026,L Casine,6,True,"✅ Trip Verified |   I recently flew with Qatar Airways on a Boeing 777-300ER and my experience was mixed overall, so I would rate it 3 stars. The onboard entertainment system was excellent, with a great selection of movies and internet access throughout the flight. The meals and drinks were also very good, and the onboard service from the cabin crew was professional and friendly. However, my seats was quite small and narrow. One of the biggest disappointments was the cabin baggage allowance of only 7kg, andthe extra baggage charges were 276 Chinese RMB (40usd- 35euros) per additional kilogram. The ground staff experience in Guangzhou was very unpleasant and poorly handled",2.0,5.0,5.0,5.0,2.0,5.0,2,no,Business,Economy Class,Guangzhou to Doha,May 2026,0,0.8591
qatar_airways,21st May 2026,K Dhanoop,10,True,"✅ Trip Verified |   Outstanding experience with Qatar Airways My recent journey was particularly memorable, as it was my second experience flying business class and it exceeded expectations.  Priority check-in eliminated long queues, and lounge access provided a calm, comfortable environment to relax. Onboard, the seat was spacious and converted into a fully flat bed. The service was attentive without being intrusive, and the dining experience stood out as well, thoughtfully presented, with a variety of options. A special mention goes to the cabin crew whose service truly elevated the journey. Highly recommended.",5.0,5.0,5.0,5.0,5.0,5.0,5,yes,Solo Leisure,Business Class,Doha to Kochi,May 2026,1,0.9719
qatar_airways,19th May 2026,Alwaleed Althani,8,True,"✅ Trip Verified |   Very nice QSuites, I had 5A which is back facing. Being tired I was not interested in having any food. The WIFI was great throughout the flight except over India. Cabin staff were nice not top notch Qatar Airways standard but still very good.",5.0,4.0,,4.0,5.0,4.0,4,yes,Couple Leisure,Business Class,Doha to Guangzhou,May 2026,1,0.7852
qatar_airways,14th May 2026,Michael Schade,5,True,"✅ Trip Verified |   Frankfurt Airport check in was chaotic, it took me over an hour to check in. Flight to Doha was ok, with decent food and good service. Arrival transport in Doha was by remote stand and bus, despite a quiet airport. Al Safwa lounge good as always. Departure was by remote stand and bus and it wasn’t clear when BC was suppose to board as the special bus for BC wasn’t there. Going through this at 3 am contributes to the stress of travelling. Food was ok on the 2nd leg of the journey, service was very good",4.0,5.0,4.0,3.0,1.0,4.0,3,yes,Solo Leisure,Business Class,Frankfurt to Bangkok via Doha,May 2026,1,0.8588
qatar_airways,11th May 2026,Alwaleed Althani,9,True,✅ Trip Verified |  Evening departure from London and early morning arriving into Doha the timing didn’t give an opportunity fee to enjoy meals or entertainment but the service was of excellent quality. WIFI was excellent and the flight was short for the route the unfortunate issue of having remote parking in Doha can be a problem.,5.0,5.0,,,5.0,5.0,4,yes,Couple Leisure,Business Class,LHR to DOH,May 2026,1,0.8151
qatar_airways,9th April 2026,Alwaleed Althani,6,True,✅ Trip Verified |   Boarding in Johannesburg was chaotic there should have been two airbridges but only one was utilized and this was on the ground staff in JNB. There was a menu but what was on the menu wasn’t what was catered and I ended up having to settle for a cheese platter of the lowest quality. I think Qatar Airways need to review their ground operations and catering in Johannesburg as I have done this route three times a couple of years ago and had a wonderful experience.,3.0,3.0,1.0,4.0,1.0,,4,yes,Family Leisure,Business Class,Johannesburg to Doha,April 2026,1,0.1406
qatar_airways,6th April 2026,Alwaleed Althani,10,False,Not Verified | My first experience on the Qatar Airways new Boeing 787-9 and they are equipped with a Qsuite while the 787-8 still has the old product. Wonderful IFE though it did not have Starlink WiFi just the old system. Very comfortable flight.,5.0,5.0,4.0,5.0,5.0,3.0,4,yes,Family Leisure,Business Class,Doha to Johannesburg,April 2026,1,0.807
qatar_airways,15th March 2026,C Barlanek,1,True,"✅ Trip Verified |   My flight from Bangkok to Prague on 15 March was canceled due to the Middle East conflict 3 days before departure via email. No alternative was provided other than a flight a week later. ​Zero Communication: I sent 6 emails, tried the hotline repeatedly, used Live Chat, and reached out on X but absolute silence. No offer of accommodation, meals, no realistic re-routing options. I was forced to buy a new ticket with China Airlines at my own expense to get home",,,,,,3.0,2,no,Couple Leisure,Economy Class,Prague to Bangkok via Doha,February 2026,0,-0.8922
qatar_airways,15th March 2026,Eelco van den Heuvel,10,True,"✅ Trip Verified |   By far the cheapest option on short notice between Amsterdam and Bangkok. Paid little over 800 euros for a return. which was a very good price. Got the chance of an upgrade to business class however for a good price and decided to treat myself. From the moment you step on board you feel welcome. Adressed by your name and the stewardesses introduce themselves. Welcome drinks, dine on demand, great food, a great lie-flat seat and the cabin almost felt homely. Second leg equally good. I love the lounge in the A380. Relaxed boarding and out in no time.  Unfortunately my return flight was cancelled 4 times due to the conflict in the Middle East. I must say that I saw a lot of complaints about QR in which the airline was accused of not responding or not being reachable. My experience is different. I had to call them 4 times and I must I got through pretty quick. Yes, off course there is a waiting time in such an extreme situation. They easily booked me on a new flight every time it was cancelled. Since I could work from Thailand, I was not in a big hurry to get a flight home. After the last cancellation I requested to book me on another airline. Which was granted promptly.",5.0,5.0,5.0,3.0,4.0,5.0,5,yes,Solo Leisure,Business Class,Amsterdam to Bangkok via Doha,February 2026,1,0.9872
qatar_airways,18th February 2026,R Jones,5,True,✅ Trip Verified |  Check in chaos and bag drop took over one hour mostly due to extensive documentation checks by staff and oversized baggage. Boarding chaos and staff dealing with people in raised tone to control the volatile situation. Food main was tasty if the whole tray was rather small and main was cold (but tasty and edible). Cabin groomed to a high standard as were the staff.  I ordered a beer and it didn’t appear until a polite reminder 20 minutes later. Ticket was cheap so no real complaints. Would try again and hope for an improvement in check in and service levels.,4.0,2.0,2.0,,1.0,,5,yes,Business,Economy Class,Gatwick to Doha,February 2026,1,0.4737
qatar_airways,8th February 2026,Colin Kay,5,True,"✅ Trip Verified |   My wife and I have flown Qatar many times, but this experience was not one of our best. Hard product was good, although the 777 used on the DOH-MLE-DOH sector must be one of the oldest in their fleet and feels it. Soft product was not up to scratch on the LGW-DOH leg. This was a holiday flight and my wife and I like our wine. The brut champagne ran out before we were an hour into the flight, and the sauvignon blanc ran out before we were half way through the six hour flight.",5.0,5.0,1.0,,5.0,,3,no,Couple Leisure,Business Class,London to Male via Doha,February 2026,0,0.962
qatar_airways,5th February 2026,R Morsch,2,True,"✅ Trip Verified |   Bought a Business Class Lite ticket with no lounge access. First flight in QSuites was fine. In Doha our plane to Vie was 4 hours late due to operational reasons. No compensation offered, nothing. Flight itself was ok with a very mediocre lunch.",4.0,4.0,2.0,4.0,1.0,,1,no,Couple Leisure,Business Class,Doha to Vienna,February 2026,0,-0.1027
qatar_airways,30th January 2026,Andrew Buckley,2,True,"✅ Trip Verified |   Parts of the seat in business class were broken and I wouldn't be able to use the arm rest. They changed my pre arranged seat to another, and when I asked why the ground staff said we can change your seat.",,,,,4.0,,2,no,Business,Business Class,Sydney to Doha,January 2026,0,-0.4767
qatar_airways,24th January 2026,Rajan Parrikar,9,True,"✅ Trip Verified |   Goa (Mopa) to Doha in Business Class on a Boeing 787-8. The short three-hour flight departed on time. The cabin featured Qatar Airways’ older Business Class configuration rather than the Qsuite, but the seat remained very comfortable. On-board service was efficient and unobtrusive. Overall, a predictably high-quality product from this airline.",5.0,3.0,,,5.0,,4,yes,Solo Leisure,Business Class,Goa to Doha,January 2026,1,0.8621
qatar_airways,24th January 2026,Rajan Parrikar,4,True,"✅ Trip Verified |   Doha to Copenhagen in Business Class on a Boeing 787-9. The aircraft, about 6 years old, carried Qatar Airways’ pre-Qsuite Business Class cabin. In theory, still a premium product, but my seat was cramped and uncomfortable. The stewardess was disengaged, showed no warmth, and operated on autopilot, as if merely ticking boxes rather than attending to passengers. This was an unusually poor Qatar Airways Business Class experience.",2.0,1.0,3.0,,5.0,1.0,4,yes,Solo Leisure,Business Class,Doha to Copenhagen,January 2026,1,-0.9044
qatar_airways,18th January 2026,J Keshy,10,True,"✅ Trip Verified |   It was a fantastic experience from start to finish. The crew was professional, friendly, and helpful. I want to give a special mention to crew member named Denise whose service was outstanding. Additionally, the cabin manager was engaging and ensured everything ran smoothly. I am very impressed with the service and look forward to flying with Qatar Airways again.",4.0,5.0,5.0,4.0,5.0,,5,yes,Solo Leisure,Economy Class,Dublin to Muscat via Doha,January 2026,1,0.9698
qatar_airways,14th January 2026,Michael Schade,8,True,"✅ Trip Verified |   Check in at Frankfurt Terminal 2 fast and friendly. Contract lounge average with poor F/B choices. Boarding not well organized despite having many gate agents on duty. I was asked to take a seat in the separate business class section of the waiting area. The section was already occupied by economy class pax since there was nobody to check the boarding passes at the entrance to the section. The flight itself was uneventful with decent food and drinks with excellent service provided by the chief purser of the flight being in charge of my side of the cabin. He worked tirelessly throughout the night and even explained the different wines; something which I never experienced after 100+ flights on Qatar. It’s unfortunate that I can’t recall his name, but I remember that he was from Malaysia. Arrival in Doha was unfortunately at another bus gate, despite having so many available contact gates. This cut my visit at the Al Safwa lounge short and there was just time to have a quick coffee. The flight to BKK on a full A380 was uneventful with again great service provided. Food on this flight was average. WiFi did not work throughout the flight",3.0,5.0,3.0,4.0,4.0,1.0,3,yes,Solo Leisure,Business Class,Frankfurt to Bangkok via Doha,December 2025,1,0.1231
qatar_airways,11th January 2026,Jamie King,4,True,"✅ Trip Verified |    A complete lack of communication when trying to get in touch about baggage that was lost en route. The Chat on WhatsApp hasn't been answered in over 30 hours and the email I sent, not responded to so far. I called customer service who offered no help other than telling me to go to the website and couldn't offer any useful answer. On the flight the service was inconsistent. Twice, the food choices ran out offering only 2 meals on a duration of 17 hours. The in flight entertainment options were good but the seats were on the small side.",2.0,3.0,3.0,4.0,4.0,,2,no,Family Leisure,Economy Class,Auckland to Lisbon via Doha,January 2026,0,-0.1979
qatar_airways,11th January 2026,Iman Yusuf,10,True,"✅ Trip Verified |   From the moment I stepped aboard my Qatar Airways flight in Djibouti on January 8, 2026, until arrival Milan Malpensa the following day, I was enveloped in a world of elegance, comfort, and hospitality.  The cabin crew on both legs of my journey Djibouti to Doha, and Doha to Milan were nothing short of extraordinary. Their warmth, professionalism, and genuine attentiveness elevated every moment onboard.  Before I could even glance toward my empty glass, a smiling attendant was already offering a refill.  The cuisine was restaurant-quality and paired with premium beverages. Even the snacks between meals were memorable. And when I mentioned how much I enjoyed the chips, they brought me a second chips with a smile.  My stopover in Hamad Airport was magical and transformed my layover into a luxurious interlude. The seamless transit, spotless facilities, and intuitive design made navigating the airport effortless and even enjoyable.",5.0,5.0,5.0,5.0,5.0,5.0,5,yes,Family Leisure,Economy Class,Djibouti to Milan via Doha Hamad,January 2026,1,0.9559
qatar_airways,8th January 2026,Michael Schade,5,True,"✅ Trip Verified |   Check in, security check and immigration at BKK airport efficient and friendly. Contract lounge at the new Satellite Terminal average. There was an aircraft change from an ex CX aircraft with their premium economy seats, which I booked to an A380. Seat on the small economy section upstairs was quiet and reasonably comfortable. WiFi did not work. Catering was average with no butter, cheese or crackers. Main meal was ok. Service was fast and friendly. Boarding of the last sector at Doha airport was disorganized. After being toldat that the flight was not ready to board at boarding time and to take a seat, boarding started a minute later. Unfortunately, that was just half the case because the aircraft wasn’t ready and everyone had to wait on the airbridge for 20 minutes. The flight was uneventful with the same catering issues as the previous flight. WiFi was patchy, but worked at times. Flight arrived 20 min ahead of schedule. Service was somehow slow on this red eye flight.",4.0,4.0,2.0,4.0,3.0,2.0,2,yes,Solo Leisure,Economy Class,Bangkok to Frankfurt via Doha,December 2025,1,0.6422
qatar_airways,6th January 2026,J Calenski,10,True,✅ Trip Verified |   As a business class traveller the service with Qatar is excellent. The check in at Heathrow seamless and the lounge offers excellent range of food and drink along with flight announcements. I was fortunate to fly the Qsuite on both legs of the journey. It offers so much privacy and the in demand dining is a bonus. You are made to feel special and to be honest its more like a first class experience. I used Al Maha services to transit it was literally a 10 min transfer from the airbridge to the lounge and when it was time to board I was collected and fast tracked to board my second,4.0,5.0,5.0,3.0,5.0,5.0,5,yes,Solo Leisure,Business Class,Heathrow to Perth via Doha,December 2025,1,0.9686
qatar_airways,1st January 2026,Nenad Vukusic,1,True,"✅ Trip Verified |   Due to bad weather, the Abu Dhabi–Doha flight was delayed and then cancelled, causing a missed connection to Zagreb. Weather disruptions happen — that is not my complaint. The issue was the lack of assistance from Qatar Airways. There was no support, no hotel, no transport, no guidance. I was left to handle everything on my own for more than 24 hours at the airport. I am a Qatar Airways Gold member, and this experience was deeply disappointing.",1.0,,,,1.0,,1,no,Solo Leisure,Economy Class,Abu Dhabi to Doha,December 2025,0,-0.91
qatar_airways,30th December 2025,Chantal van der Merwe,10,False,"Not Verified |    This was an incredible experience. We always make use of Qatar airways but this time I decided to write a review! Very clean, neat, professional, friendly, humble. I had no problem or complaint. The absolute perfect ending to our European Holiday!",4.0,5.0,5.0,5.0,5.0,5.0,5,yes,Couple Leisure,Business Class,Munich to Johannesburg via Doha,December 2025,1,0.982
qatar_airways,26th December 2025,Mohamed Alkowari,10,True,✅ Trip Verified |  Qatar Airways is currently my go-to airline for long travel and that’s for a good reason. The extra legroom seat was super comfortable and the food was very very delicious. The infotainment had an up to date library and the screens were huge. The complimentary Starlink Wifi was amazing and reliable.,5.0,5.0,5.0,5.0,5.0,5.0,5,yes,Solo Leisure,Economy Class,Tokyo Narita to Doha,December 2025,1,0.9731
qatar_airways,26th December 2025,Anders Pedersen,8,True,"✅ Trip Verified |  Flew Qatar from Casablanca to Doha on Xmas eve 2025. This was the 2nd leg oof three flights across Africa with QR and partners. A350-900, on time. Was checked in earlier. Came directly from hotel to gate upon immigration and security. Boarding clear but tedious as flight was completely full. Onboard FAs were busy but managed well the full flight and did not run out of any foods or drinks despite the flight were for 7 hours I ate and drank all that I wanted. Even French sparkling wine was given ad libitum and people appeared to consume a lot on a Christmas eve. Felt in love with their fish dish, purely wild catch. Two other hot dishes were offered. IFE functioned fully; easy to navigate. In Doha I was given a 4-star hotel paid by carrier as next flight (with Rwandair) was 8 hours ahead. This, despite that I had lost my status in their frequent flyer program and was unrecognised. Luggage transfers went smooth. Miles given instantly.",3.0,3.0,4.0,4.0,4.0,,4,yes,Solo Leisure,Economy Class,Casablanca to Doha,December 2025,1,0.9441
qatar_airways,24th December 2025,J Mursen,7,True,"✅ Trip Verified |  Crew was hard working again on both legs. HAN - DOH: My snack, chicken sandwich or calzone was bad. My meal, fried rice with shrimp, was bad, almost no shrimp inside,only chopped pieces) DOH -DUS: We were bussed to the plane which took very long. Food was not as announced on the app but was good, butter and salt provided on inquiry.",2.0,5.0,3.0,3.0,3.0,2.0,4,yes,Couple Leisure,Economy Class,Hanoi to Dusseldorf via Doha,December 2025,1,-0.0781
qatar_airways,22nd December 2025,Rajan Parrikar,10,True,"✅ Trip Verified | Doha to Goa in Business Class on the 787-8. This aircraft carried Qatar Airways’ older pod-style Business Class seat. While not a Qsuite, it remains exceptionally comfortable. Onboard service, long a Qatar hallmark, was superb once again. Taken as a whole, this Business Class product sits at the pinnacle of commercial aviation, only a shade below the First Class offerings still found on select airlines. The revelation on this flight was Starlink. With fast, reliable Wi-Fi, the distinction between ground and inflight connectivity has all but vanished. A new era has begun.",5.0,5.0,,,4.0,5.0,4,yes,Solo Leisure,Business Class,Doha to Goa,December 2025,1,0.5922
qatar_airways,22nd December 2025,Rajan Parrikar,10,True,"✅ Trip Verified | Copenhagen to Doha in Business Class on the 787-8. Qatar Airways fielded the older pod-style Business Class seat on this aircraft - short of the Qsuite experience, but still exceptionally comfortable. Service was warm, attentive, and efficient throughout. At this point, Qatar’s Business Class feels like a mature, confidently delivered product, and it is easy to understand why the airline remains at the top of the industry. The sole disappointment was connectivity: this aircraft was not fitted with Starlink, and the paid Wi-Fi was mediocre. Where it matters, though - punctuality and comfort - Qatar continues to set the standard.",5.0,5.0,5.0,,4.0,2.0,4,yes,Solo Leisure,Business Class,CPH to DOH,December 2025,1,0.9799
qatar_airways,17th December 2025,Mercy Alexander,9,True,"✅ Trip Verified |   I recently flew with Qatar Airways and had an excellent experience from start to finish. From check-in to arrival, everything felt well-organized and professional. Qatar remains my choice of airline for my home travels as due to convenience, less stops, better service and experience. I flew American from Dallas to Doha and had to pay for my second baggage even as an international passenger and will have to pay for return ticket too. I would request Qatar Airways to advocate for second baggage free when partnering customers who have to fly American and Qatar. That would be a great service to passengers. Boarding was smooth, and the flight itself was calm and well-managed. Small details — like frequent check-ins from the crew and overall comfort — really stood out and made the journey enjoyable. Everyone at Qatar was courteous. I love the airport assistance that is available throughout and would like to send kudos for managing it so efficiently. Overall, Qatar Airways delivered a high-quality travel experience, and I would confidently choose them again and recommend them to others.",5.0,5.0,5.0,5.0,5.0,5.0,5,yes,Solo Leisure,Economy Class,Philadelphia to Nagpur via Doha,December 2025,1,0.9919
qatar_airways,17th December 2025,T Lusillo,3,True,"✅ Trip Verified |   My experience was quite underwhelming, the segments I took were delayed minimum 1 hour. Forget about oneworld alliance status to access priority boarding or any of the perks partner airlines traditionally give, with Qatar I needed to constantly ask them and they don’t seem to like reciprocating the entitlements. The plane from Melbourne to Doha had seen better days, the cabin was uncomfortable and tired, the toilets were filthy.",2.0,1.0,3.0,3.0,2.0,,4,no,Family Leisure,Economy Class,Doha to Paris,November 2025,0,-0.4404
qatar_airways,16th December 2025,Ahmed Almannaei,10,True,"✅ Trip Verified |   As a frequent traveler and a loyal Privilege Club member, I choose Qatar Airways for the exceptional level of service they provide. From the moment of check-in to arrival, the experience is seamless and well-organized. The cabin crew are highly professional, attentive, and focused on passenger comfort. The on-board product reflects premium quality, with excellent seating comfort, in-flight entertainment, and high standards of hospitality. Hamad International Airport continues to set a global benchmark for efficiency and passenger experience. Qatar Airways’ commitment to service excellence is evident in every journey. Qatar Airways remains my airline of choice, and I highly recommend them to anyone seeking reliability, comfort, and world-class service.",5.0,5.0,5.0,5.0,5.0,5.0,5,yes,Couple Leisure,Business Class,Sharjah to Phuket via Doha,December 2025,1,0.9851
qatar_airways,15th December 2025,Mauro Tostes,10,False,"Not Verified |  The experience felt consistently refined and genuinely human. Qatar Airways delivers a level of customer service that is calm, professional, and warm — never forced, always attentive. The cabin comfort, quality of materials, and overall fit and finish of the aircraft clearly reflect a strong attention to detail. Everything feels intentional and well maintained, creating a sense of ease throughout the journey. A special highlight was the vegan special meal. It was thoughtfully prepared, flavorful, and clearly designed with care rather than treated as an afterthought. As someone who pays close attention to service details, I can say that while there is always room for small refinements in any premium operation, the overall execution was excellent and memorable.",5.0,5.0,5.0,5.0,5.0,5.0,4,yes,Business,Economy Class,Sao Paulo to Moscow via Doha,December 2025,1,0.9909
qatar_airways,15th December 2025,T Kalan,1,True,"✅ Trip Verified |   Qatar Airways lost my bag and I finally received the bag at my destination in Muscat after 3 days. They requested me to submit several documents that I complied with. It has been over 3 months, no compensation has been issued to me. I have spent countless hours trying to resolve the issue. I have called their customer service call centers many times. I have sent dozens of emails. Nothing has worked so far.",3.0,4.0,3.0,3.0,1.0,,1,no,Solo Leisure,Economy Class,Boston to Muscat via Doha,August 2025,0,-0.2263
qatar_airways,14th December 2025,G Murtens,6,True,"✅ Trip Verified |   Small, mediocre meal, no salt and butter provided. On a 6 hour flight only one meal, no pre-landing snack. Wine served in small doses in plastic sparkling wine glasses. No amenity kit. Other than that, the crew was hard working Seats in Boeing 787 have a weird de-reclining behaviour, sometimes making the crew having to push the seats",3.0,4.0,2.0,3.0,5.0,,4,no,Couple Leisure,Economy Class,Dusseldorf to Doha,December 2025,0,-0.6705
qatar_airways,13th December 2025,L Kan,10,True,"✅ Trip Verified |   On Oct 14, 2025, I was scheduled to fly from DOH to BOS with Qatar in business class with my mom. However, I had this extreme pain in my stomach (I later found out to be kidney stone) and during checkin I was told I could not fly as I had to head to the hospital. Since I was in a foreign country, I did not want any major procedures or imaging due to insurance coverage. About 4 hours later, I was discharged from the hospital and headed back to Doha airport to reschedule my alternative flight as my original flight has already taken off. Since I booked the flight using partner airline miles, Qatar told me they could not do anything and instead I need to speak with the partner. Ultimately I did manage to reach the partner airline through online chat and they told me I need to cancel and rebook but since it was a no show since I missed the flight there is nothing they can so. Thinking through even if I was able to cancel, there is absolutely no way I can book last minute tickets using the original miles.  I explained to the Qatar manager my chat with the partner airline and he still said there is nothing they can do but then stepped away to discuss the matter with other employees. After 10 minutes he came back and said your health is the most important thing, just let us know when you would like to fly, tomorrow or any time we will take care of you. urned out there were 2 business class seats available for the following day and we were able to get on. Qatar did not need to do this but they did and I am completely grateful of the gesture and customer service. For those of you who have flown business with Qatar out of Doha know the business class check in area and the employees there willing to help. I’m not sure if I would have gotten the same level of service in economy but I am forever grateful.",5.0,5.0,5.0,4.0,5.0,,5,yes,Family Leisure,Business Class,Doha to Boston,October 2025,1,0.906
qatar_airways,9th December 2025,P Ferris,4,True,"✅ Trip Verified |   The only plus was that it had Starlink wifi. Other than that, food came out far less than other airlines, large breaks in-between food services, kids were starving on way home from doha to Brisbane leg. They give no butter or salt and pepper as a standard with food. Having four flights with Qatar on the round trip, each plane staff enforced different rules for the baby bassinet, one staff refused to let child use at all saying he was too big.  They have no courtesy baby strollers at the airport including Doha airport.",2.0,2.0,2.0,4.0,2.0,5.0,2,no,Family Leisure,Economy Class,Brisbane to Barcelona via Doha,December 2025,0,-0.8079
qatar_airways,7th December 2025,S Parlin,5,True,"✅ Trip Verified |    The Q-Suites hard product was excellent—comfortable seating, strong privacy, and a great screen (9/10). Unfortunately my food was largely inedible (dry, overcooked chicken and stale bread), and meal service was confusing, with my presumed lunch entrée served at breakfast and no option to change. Service was surprisingly inattentive, and I had to request basic items like bedding. No additional meal was offered to me on a 15-hour flight. The service lacked the proactive care I expected.",5.0,2.0,1.0,,2.0,5.0,2,no,Solo Leisure,Business Class,Doha to Seattle,December 2025,0,0.875
qatar_airways,5th December 2025,G Mayes,9,True,"✅ Trip Verified |  Excellent return flights in Qsuites. Super comfortable, spacious, and enjoyable. Food, drink, and service was of a consistently high standard, though I find the crew are really at their best on the shorter flights than the longhaul JFK-DOH flight - they tend to check out a bit and service can be scratchy. Many crew seem to disappear, leaving just a couple of crew to deal with the entire business class. Due to the dine-on-demand system, the crew were often short-staffed and it could take some time to get service. But overall a very comfortable way to travel. Excellent IFE.",5.0,4.0,5.0,4.0,4.0,,4,yes,Business,Business Class,New York to Nairobi via Doha,October 2025,1,0.9644
qatar_airways,3rd December 2025,S Boyle,9,True,"✅ Trip Verified |   All fights on time. Planes clean, seats comfortable, food and service good. No complaints really, although it seems the menus offer a plethora of items which aren't always available. Found some surprising music gems in their inflight entertainment system. Could not get the wifi to work. I did not have time to check out their lounge in Doha due to the short connection time but the lounge in BKK is quite the comfortable little palace. Really impressed with their ground staff in Doha - absolutely the nicest and most professional people I have come across in my over 50 decades of flying.",5.0,5.0,5.0,5.0,5.0,1.0,5,yes,Solo Leisure,Business Class,Bangkok to Johannesburg via Doa,November 2025,1,0.9681
qatar_airways,2nd December 2025,R Walderren,1,True,"✅ Trip Verified |   The flight was initially delayed by four hours, which can happen but there was no communication from the airline. Because of this delay, we missed our connection and had to book a new one. They offered us a transfer 24 hours later, and refused to provide hotel accommodation, meaning our only option was to sleep on the airport floor. Lounge access was denied. We received a $20 voucher for food and drinks, which is nowhere near sufficient to cover 24 hours at an airport.",3.0,3.0,1.0,3.0,1.0,,1,no,Solo Leisure,Economy Class,Doha to Frankfurt,November 2025,0,-0.9445
qatar_airways,25th November 2025,M Collie,9,False,"Not Verified |  Excellent flights. Comfortable aircraft, very good food and drink, and outstanding cabin crew. Smooth transfer at Doha, impressive airport with a “jungle” in the centre. The only disappointment was the lounge at Johannesburg. The Menzie lounge was very ordinary, in contrast with superb one at Doha",4.0,5.0,5.0,4.0,3.0,,4,yes,Couple Leisure,Business Class,Johanesberg to Dublin via Doha,November 2025,1,0.9117
qatar_airways,24th November 2025,Charles Thompson,6,False,"Not Verified |  Cabin service personable, professional, attentive, efficient, welcoming, exceptionally gentle and polite; excellent dress. The 'perfect package"" that inspired admiration for excellent service over a very long shift (13+ hours); very high praise earned for a difficult job well done. Noisy PA gong sound accompanied by illuminated blue ceiling light; random and repeated to a level of high annoyance; wakens passengers trying to rest or sleep. PA communication in English excessively loud and fast; impossible to understand for an English speaker. Seat space very cramped, very uncomfortable; seats have hard arm rests. My food was not always hot; satisfactory choice; bread roll without butter; poor cuisine selection; better wine quality would be appreciated. Qatar Airways scores very well on customer service but abysmally on passenger comfort. However, for someone who is determined to travel to the other side of the world, they deliver value for money.",1.0,5.0,3.0,,5.0,,4,no,Couple Leisure,Economy Class,Doha to Brisbane,November 2025,0,0.9771
qatar_airways,23rd November 2025,Antje Schulz,10,False,"Not Verified |  I had unfortunately severe illness on my flight (QR843 and QR071 on 21.11.25) and needed to check in more. Despite this very unexpected situation, the board staff has been incredibly polite and impressive towards me. They were both friendly, warm and have got everything done to make me feel as comfortable as possible. The service was overwhelming – from fresh towels, water and medicines and helpful words to discreet but constant communication. Despite my physically very bad situation I felt safe and well cared for thanks to the exceptionally good staff. A big thank you to the entire team on board! Ich hatte auf meinem Flug (QR843 und QR071 am 21.11.25) leider starke Übelkeit und musste mich mehrfach übergeben. Trotz dieser sehr unangenehmen Situation hat sich das Bordpersonal unglaublich fürsorglich und aufmerksam um mich gekümmert. Sie waren jederzeit freundlich, geduldig und haben alles getan, damit ich mich so wohl wie möglich fühle. Der Service war hervorragend – von frischen Tüchern,Wasser und Medikamenten und beruhigenden Worten bis hin zur diskreten, aber konstanten Aufmerksamkeit. Trotz meines körperlich sehr schlechten Zustands habe ich mich dank des außergewöhnlich guten Personals sicher und gut aufgehoben gefühlt. Ein großes Dankeschön an das gesamte Team an Bord!",3.0,5.0,5.0,4.0,5.0,4.0,5,yes,Couple Leisure,Economy Class,Phuket to Frankfurt via Doha,November 2025,1,0.9289
qatar_airways,23rd November 2025,Alwaleed Althani,8,True,"✅ Trip Verified |   Seven year old Boeing 777 in OK condition. The  meal options were poor for me and I skipped the dinner and breakfast. The Starlink WiFi service was excellent. I found the internal lighting was poor I had difficulty reading. IFE was a mixed bag, movies were ok tv and games a disaster",5.0,4.0,,3.0,4.0,5.0,3,yes,Solo Leisure,Business Class,London to Doha,November 2025,1,-0.595
qatar_airways,19th November 2025,Mahmud Noormohamed,10,True,"✅ Trip Verified |   What a delightful experience flying Qatar Airways for the first time. Both outbound and inbound legs were on A350-1000 with Q-Suites. Configuration is 1-2-1 with lie flat beds. Separate check in for business class passengers was very welcome. The Q-Suites offer total privacy. Service is impeccable. A welcome cold drink, Arabic coffee, Qatari dates and refreshing towel. Amenities included noise cancelling headset and pajamas. The letter were very soft and comfortable. Dining is par excellence. Angus Beef tenderloin, key lime pie with citrus meringue and assorted bakery rolls. Appetizer consisted of Qatari mezze with pita bread. The IFE options were very good with movies, tv shows, music and live sports. Surprisingly, no live news channels. Ground crew at check in and boarding were all very friendly and welcoming. In flight crew provided excellent service. WiFi via Starlink connected seamlessly and blazing fast from gate to gate.",4.0,5.0,5.0,4.0,5.0,5.0,5,yes,Couple Leisure,Business Class,Dallas to Doha,November 2025,1,0.9797
qatar_airways,19th November 2025,Michael Fewster,10,True,"✅ Trip Verified |   Lots of kudos to Qatar Airways. Because of an airport strike in Rome, my connecting flight to Rome with another airline made the link to the Qatar Airways flight uncertain. I contacted QATAR online to see if I could change my flight to Adelaide so it started in Athens rather than Rome. I was communicating with a real person in real time. This is much better than having to ring a phone where language becomes an issue as does getting through. This can be difficult or impossible when you are overseas. My Qatar Airways  online agent helped me work it out and the booking was changed. All discussions with airlines should be this easy. There was a service fee but it was reasonable in the circumstances. The flight was excellent. Great staff boarding and during the flight. Friendly and professional. We enjoyed the meals and drinks. Better quality wines than we expected in economy. The accompanying salad was surprisingly fresh,- don't know how they do that. And we received window seats with an empty seat in the middle for the DOHA-Adelaide leg.",5.0,5.0,5.0,5.0,5.0,,5,yes,Couple Leisure,Economy Class,Athens to Adelaide via Doha,November 2025,1,0.9856
qatar_airways,19th November 2025,Mahmud Noormohamed,9,True,"✅ Trip Verified | Outbound leg was on a former Oman Air Boeing 787-8with 2x2x2 seating. With no gate available, we were transported from Al Safwa Lounge by bus to the airplane. Had to climb the stairs to board the aircraft which is difficult with carryon bags. There was no Starlink WiFi on this 90 mins flight. Flight crew was very courteous and professional. Dining was par excellence with excellent taps sized snack meals given short flight (lamb biryani and vegetable ratatouille with mashed potatoes). Welcome drink of Arabic coffee flavored with cardamom and Qatari dates plus the refreshing towel. Inbound leg was on Airbus A330-300 with 2x2x2 seating featuring 17 inch TV screens. Service was excellent. We were welcomed with the traditional Arabic coffee and dates. Coffee served on fine china. The overhead cabins seemed narrow unlike the 787s. On arrival in DOH, we again had to board a bus to the terminal.",5.0,5.0,4.0,5.0,5.0,,5,yes,Couple Leisure,First Class,Doha to Muscat,November 2025,1,0.9468
qatar_airways,17th November 2025,Trung Hieu Tran,10,True,✅ Trip Verified |  I love the service by Qatar Airways. The staff are always friendly and very polite to me.,4.0,5.0,5.0,5.0,3.0,3.0,5,yes,Solo Leisure,Economy Class,Hanoi to Doha,November 2025,1,0.8126
qatar_airways,13th November 2025,Prudence Qwabe,10,True,"✅ Trip Verified | I use Qatar airways because of their excellent service. I use economy class as i cannot afford business class and first class and they’re so good in customer service. On this particular trip I was upgraded to first class on the Riyadh to Doha, this really validated why I recommend Qatar Airways to my colleagues.",4.0,5.0,5.0,5.0,5.0,5.0,5,yes,Solo Leisure,Economy Class,Riyadh to Johannesburg via Doha,November 2025,1,0.9029
qatar_airways,11th November 2025,D Khalin,10,True,✅ Trip Verified |   It was a great experience. Super friendly staff and amazing onboard entertainment. The food was delicious. We boarded on time and the plane took off also on time.,5.0,5.0,5.0,5.0,5.0,5.0,5,yes,Solo Leisure,Economy Class,Doha to Beirut,November 2025,1,0.9702
qatar_airways,8th November 2025,M Bialoglowy,4,True,"✅ Trip Verified |    Gold membership is useless, in Doha they let economy board first, then the priority line is opened and I ended up getting on the flight last behind economy, with all storage space used. A seat screen was broken all flight, keep reseting. Staff don't understand as I l said vegetarian, they give me chicken. Staff was rude to me. The lounge food in Singapore is awful; better eat in foodcourt.",3.0,1.0,4.0,3.0,2.0,5.0,2,no,Solo Leisure,Economy Class,Doha to Lisbon,November 2025,0,-0.7184
qatar_airways,1st November 2025,Michael Schade,10,True,"✅ Trip Verified |   Wonderful stay at Al Safwa lounge. Unfortunately a bus gate, but this time well organized. Well maintained Qsuite. Service and food outstanding. This was the best flight I had with Qatar for a long time. The staff was motivated, efficient and was still able to have a friendly chat. WiFi lightning fast throughout the flight. Flight arrived 20 minutes early at Changi airport. I wish all Qatar flights were that good.",5.0,5.0,5.0,3.0,5.0,5.0,4,yes,Solo Leisure,Business Class,Doha to Singapore,October 2025,1,0.9903
qatar_airways,31st October 2025,Michael Schade,6,True,"✅ Trip Verified |  Check in friendly, efficient and smooth. Priority security an  unorganised mess but this is not something the airline can control. Contrast lounge had a long queue of guests trying to get in. They were allowed in only in batches since ""we don’t enough staff to wash the plates and cutlery."" I left after a drink since it was almost time to board as I’ve lost so much time by then. Boarding organized. Seat comfortable and private. Service good. Food was ok, but nothing special. I miss the days when there was always one meal with German specialties while flying ex Germany. Flight arrived ahead of time.",5.0,5.0,3.0,3.0,4.0,4.0,3,yes,Solo Leisure,Business Class,Düsseldorf to Doha,October 2025,1,0.7952
qatar_airways,21st October 2025,Frank De Graaf,10,True,"✅ Trip Verified |    Excellent airline. I'm a big bloke (203cm) and need to sit at the emergency exit for the legroom. While trying to book this, a small app glitch prevented payment from being finalised, but their agent on live chat was able to assist and finalise this within a few minutes. Important to note it was a real person and not a bot. Everyone jokes about airline food, but their vegetarian meal was so good I asked for seconds! Hamad International Airport is massive but so well organised it was a breeze to get through.",5.0,5.0,5.0,4.0,5.0,5.0,5,yes,Solo Leisure,Economy Class,Cape Town to Doha,October 2025,1,0.9362
qatar_airways,19th October 2025,Wael Taha,5,True,"✅ Trip Verified |   I recently traveled with Qatar Airways from Medina to Amsterdam via Doha on October 16th, returning the following day. The Medina–Doha flights were operated by an all-economy A321. he absence of a business class option on this route removes both the comfort of traveling in business class and access to the Al Mourjan or Al Safwa lounges in Doha. The seats on this aircraft felt significantly tighter, with smaller legroom, and the cabin felt cramped and uncomfortable. Although my Gold Privilege Club membership granted me access to the Gold Lounge, it was clearly not comparable to the premium lounges that business class passengers enjoy.",3.0,5.0,4.0,,5.0,,4,yes,Business,Economy Class,Medina to Amsterdam via Doha,October 2025,1,0.8519
qatar_airways,14th October 2025,Michael Schade,1,True,"✅ Trip Verified |   The cabin power failed 2 hours into the flight and it was announced the power should be restored soon; which never happened until getting to the gate in Doha. The cockpit never addressed the issue. The power failure resulted in no lights, I had to eat with the mobile phone torch lights on and the IFE did not work. My seat could not be adjusted and had to be put into an upright position upon arrival manually. Upon arrival in Doha, I had already an email from Qatar stating that due to the seat failure (the other issues were never mentioned) I would receive as a gesture of good will a compensation of 9000 Avios.  That offer is an insult.",1.0,4.0,2.0,1.0,4.0,,1,no,Solo Leisure,Business Class,Bangkok to Doha,September 2025,0,-0.8779
qatar_airways,12th October 2025,Rolf Köpke,1,True,"✅ Trip Verified |   The flight and service was excellent, BUT!!! The baggage service was very bad. One of my luggage with fragile contents were damaged. and no compensation. Explanation: ""fragile items are transported with utmost care however our liability for such items are limited.""",4.0,5.0,4.0,4.0,1.0,,4,no,Family Leisure,Economy Class,Dusseldorf to Doha,August 2025,0,-0.8914
qatar_airways,9th October 2025,J McLean,10,True,"✅ Trip Verified |   On the day of our flight from Athens there was a public transport strike and we had great difficulty getting to the airport. After receiving a call from Qatar ground staff at Athens airport enquiring where we were, as bag drop was about to close, we explained our situation and quickly received instructions on who to see upon our late arrival at the airport. Qatar staff fast tracked our check in and then escorted us quickly through security and immigration so that we just made the flight. Cannot imagine another airline would go to the lengths Qatar staff did to help us and will be forever grateful in such a stressful situation.",5.0,5.0,5.0,5.0,5.0,5.0,5,yes,Couple Leisure,Economy Class,Athens to Doha,October 2025,1,0.5994
qatar_airways,8th October 2025,Michael Schade,5,True,✅ Trip Verified |  Service and F&B at Al Safwa lounge good. Boarding at contact gate well organised. IFE did not work. A technician was called to fix it since BC was full and no other seat could be offered. He was unable to fix the issue and IFE unusable and the WiFi which did not work either. Service and F&B were decent. Flight arrived on time. Feedback in regard to the non functioning IFE remains unanswered.,4.0,5.0,4.0,1.0,5.0,1.0,2,yes,Solo Leisure,Business Class,Doha to Munich,September 2025,1,0.4215
qatar_airways,6th October 2025,Zainab Alhaddawi,10,True,"✅ Trip Verified |   Munich to Doha, an exceptional experience from start to finish. The cabin crew were professional, attentive, and genuinely welcoming. The seat comfort, inflight dining, and entertainment were all outstanding—true to Qatar Airways’ five-star reputation. The flight was punctual and smooth, making the journey both relaxing and enjoyable. Highly recommended.",5.0,5.0,5.0,5.0,5.0,5.0,5,yes,Couple Leisure,Economy Class,Munich to Doha,October 2025,1,0.9371
qatar_airways,6th October 2025,D Leare,1,True,"✅ Trip Verified |   We had a flight cancelled which resulted in us spending hours trying to reschedule a new flight, not to mention the extra costs involved with additional accommodation and connecting transport changes. On the morning we were due to fly, we did not receive any notification that the flight had been cancelled and I discovered the cancellation through the app. After arriving home from our trip, I emailed in regards to the extra costs we incurred and as we had paid for seat selection (which we didn't receive) I requested this to be refunded. It is now 10 weeks later, 6 emails later and still no reply whatsoever from Qatar. Their customer service is non existent.",2.0,3.0,,,1.0,,1,no,Couple Leisure,Business Class,Rome to Singapore via Doha,July 2025,0,-0.6369
qatar_airways,30th September 2025,Alwaleed Althani,6,True,"✅ Trip Verified |   The flight is in September which is still pretty hot in Qatar and it was a late morning departure, the plane was parked a bus ride from the terminal, the bus ride was hot. The plane was a very old ex Oman Air A330-300 and was showing it’s age, the toilets were tiny and nowhere near the quality of Qatar Airways A320s. I will continue to use Qatar Airways as I know their standards but on this route I will stick to RJ. I am a Platinum Member on since 2017 I was not recognized and overlooked this staff needs a lot more experience. Alsafwa lounge at Doha is the best lounge I have seen the spa has an amazing reflexology massage service.",2.0,3.0,3.0,,5.0,,4,yes,Solo Leisure,First Class,Doha to Amman,September 2025,1,0.935
qatar_airways,24th September 2025,Erkul Kavalci,10,True,"✅ Trip Verified | I travel to Africa a few times a year and always choose Qatar Airways because of the excellent service you consistently provide. On my recent flight from Jeddah to Doha on 23 September 2025 (Flight QR1185), I was once again very impressed by your cabin crew. In particular, I would like to commend Ceren, who was extremely professional, kind, and caring. She served passengers with genuine warmth, lots of smiles, and a clear willingness to go the extra mile to ensure everyone was comfortable. Her dedication and attitude reflect the very best of Qatar Airways, and I believe she will have an excellent career with your company. Thank you once again for another great journey, and please extend my gratitude to Ceren and the rest of the team.",5.0,5.0,5.0,5.0,5.0,5.0,5,yes,Solo Leisure,Economy Class,Jeddah to Doha,September 2025,1,0.9951
qatar_airways,23rd September 2025,S Malsche,5,True,"✅ Trip Verified |    Contact lounge at FRA airport crowded and poor choice of breakfast items. Boarding was well organized. Both flights in Mini Qsuite which I prefer over th Qsuite. Both flights on time and service was good. Al Safwa lounge in Doha good as usual. The big letdown was the food. Presentation and taste was not what I am used to and the quality of wine was reduced. WiFi not working, transfer gate system through the entertainment syste not working.",4.0,5.0,2.0,3.0,5.0,1.0,2,yes,Business,Business Class,Frankfurt to Bangkok via Doha,September 2025,1,0.765
qatar_airways,18th September 2025,H Foster,10,True,"✅ Trip Verified | My recent flights with Qatar helped remind me of what makes a truly world class airline. Cabin crew truly SERVE the passenger - every single passenger every single time. I watched it happen consistently across two flights over 16 hours with multiple crew and multiple passengers. No request is too much of an issue. I had the most incredible creamy chicken curry (in economy) that was better than any business class dish I have had; the entertainment selection is brilliant and getting better; and the baggage allowance to Africa flights (2 23kg) keeps them with all the other competition. There was a medical emergency on the flight to London and they handled it as a team like consummate professionals. Combined with the incredible experience transiting through the lush faux rain forest of Hamad, Doha, Qatar is surely the best option. One (big) bugbear is the charging of seats even at online check-in - its cheap, miserly and unnecessary and none of the African carriers (Rwandair; Ethiopian or Kenyan) on this route do this - but Emirates does so I guess it's who they see as their competition. All else considered - Qatar well done - your crew, onboard overall service and transfer is world class.",5.0,5.0,5.0,5.0,5.0,,5,yes,Solo Leisure,Economy Class,London Heathrow to Lusaka via Doha,August 2025,1,0.9178
qatar_airways,14th September 2025,Michael Schade,8,True,✅ Trip Verified |    Al Safwa F lounge in Doha excellent as always. Boarding not well organised. B789 mini Qsuite comfortable and private. Food was decent. Service was efficient and friendly. Arrival 20 minutes ahead of schedule,5.0,5.0,4.0,3.0,3.0,3.0,3,yes,Solo Leisure,Business Class,Doha to Frankfurt,September 2025,1,0.9039
qatar_airways,13th September 2025,Michael Schade,5,True,"✅ Trip Verified |   Check in fast and friendly, contract Miracle lounge with poor breakfast offerings. Boarding rather unorganised. Mini Qsuite on the 789 very private and comfortable. Service friendly and efficient. WiFi did not work. My food was not very tasty and poor in presentation. The usually top notch Thai dessert ex BKK was coconut ice-cream (with lots of ice crystals) and two half bananas. Connecting gates system through the entertainment system did not work. Arrived on time. Overall an ok flight with poor quality lounge and on board food.",4.0,5.0,2.0,3.0,4.0,1.0,2,yes,Solo Leisure,Business Class,Bangkok to Doha,September 2025,1,0.9153
qatar_airways,7th September 2025,Romana Malik,8,True,"✅ Trip Verified | We choose our seats when booking, and they changed to 32 for Islamabad-Doha) which was middle of the airplane. I asked the person checking in, he says there’s nothing he can do as aircraft was changed and seats have been reassigned. Fortunately we got the bulkhead seats we had selected for the flight Doha-Boston.",5.0,5.0,5.0,5.0,5.0,,4,yes,Family Leisure,Economy Class,Doha to Boston,September 2025,1,0.0
qatar_airways,2nd September 2025,J Raiz,10,True,"✅ Trip Verified |   Initially, I was supposed to be traveling with Qatar Airways' partner, but due to unfortunate circumstances, I was rebooked to an earlier trip the next day with inconvenience compensation. Qatar Airways' service has always been exceptional! I have been a loyal client. The flight I took on 31/8/25 was fantastic and extremely comfortable. Thanks to Vanessa, the flight attendant who attended me while on the trip.",5.0,5.0,5.0,5.0,5.0,,3,yes,Solo Leisure,Business Class,Doha to London,August 2025,1,0.9224
qatar_airways,1st September 2025,Iman Yusuf,10,True,"✅ Trip Verified |   I want to sincerely thank Qatar Airways for their incredible kindness during a very difficult moment. While checking in at Jeddah Airport, I couldn’t afford the extra baggage fees. The supervisor and assistant at the counter showed me compassion I’ll never forget — they allowed me the extra baggage allowance without charging me anything.  This experience showed me that Qatar Airways is not only a world-class airline but also one that truly cares about its passengers beyond business. Because of this, I will remain a loyal customer.",5.0,5.0,5.0,5.0,5.0,5.0,5,yes,Solo Leisure,Economy Class,Jeddah to Munich via Doha,August 2025,1,0.9554
qatar_airways,26th August 2025,Ronald Zwart,10,False,"Not Verified | Boarding was efficient, friendly, personable welcome by cabin crew. Preflight drink offered quickly, guidance given on screen and seat operation. Meal orders taken (dine on demand). What a comfy seat that turned into one of the best lie flat beds I've had in the sky. The attentive service from our dedicated crew member was outstanding. The quality and quantity of the food and beverages were well beyond my expectations. The luxurious in-flight bar and lounge was, well, luxurious and a wonderful place to meet fellow travellers. Naturally the mandatory photo standing behind the bar was necessary. For a 15 hour non-stop flight, I was more than impressed with this Airline. No need for a Q-Suite, the A380 business class seat is far better in my view. Well done Qatar Airways, I will definitely fly QR again.",4.0,5.0,5.0,5.0,5.0,5.0,5,yes,Couple Leisure,Business Class,Sydney to Doha,June 2025,1,0.988
qatar_airways,21st August 2025,Dmitriy Berezin,4,True,"✅ Trip Verified |    When booking, the flight wa shown as a Qsuite Boeing 777. Less than 24 hours before departure, the aircraft was swapped to an outdated 2-2-2 Business Class, with no privacy and no direct aisle access. At that point, rebooking was impossible. Customer Care has been unresponsive: after multiple attempts I received no reply.",,,,,,,2,no,Business,Business Class,Sharjah to Moscow via Doha,May 2025,0,-0.34
qatar_airways,19th August 2025,Jarryd Domingo,1,True,"✅ Trip Verified | I was scheduled to travel from Johannesburg (JHB) to Doha (DOH) and onward to Vienna (VIE) on 14 August 2025. Upon arrival at the check-in counter, three different agents attempted to process my check-in but appeared uncertain, repeatedly consulting a Team Leader. Despite having a visa, valid ticket, and all required supporting documents, I was eventually asked to stand aside. As delays continued, the manager instructed the ground staff to close the gate, ultimately causing me to miss my flight. This delay and lack of proper handling were due to the inefficiency of the ground staff. Following this incident, I approached KLM to book an alternative route. Their staff reviewed my documents and could not understand why Qatar Airways had denied me boarding, as my documentation was in order. I returned to the Qatar Airways counter later that day. At this point, the staff had changed, and I was asked to present my documents again. This was the first time that a staff member took photographs of my documents and sent them to Vienna for verification. The duty manager confirmed there was nothing wrong with my documents and stated that I could board provided I contacted the call centre to amend my ticket. I spoke with four different agents, but calls repeatedly dropped, and none of the agents who promised to call back actually did. The final call centre representative I spoke to quoted ZAR 17,000 to rebook my ticket. I do not accept that I should be liable for this cost. I have since boarded a Kenya Airways flight to Vienna via Nairobi and Amsterdam without a complication or request for additional documents. This demonstrates that my paperwork was correct and the initial refusal by Qatar Airways was unjustified.",,,,,1.0,,1,no,Solo Leisure,Economy Class,Johannesburg to Vienna,August 2025,0,-0.7417
qatar_airways,18th August 2025,Rajan Parrikar,10,True,"✅ Trip Verified |   Doha to Copenhagen in Business Class. There is a reason Qatar Airways remains at the top: exceptional comfort in both hard and soft product. This aircraft did not feature the storied Qsuite but the older configuration, which is still among the best in the sky. Service was warm, polished, and attentive. The WiFi was patchy, though with Starlink integration on the horizon one hopes this will soon be resolved. In sum, no airline delivers greater comfort in Business Class. Qatar offers an experience that borders on First.",5.0,5.0,4.0,,4.0,2.0,4,yes,Solo Leisure,Business Class,Doha to Copenhagen,August 2025,1,0.9623
qatar_airways,18th August 2025,P Jannir,10,True,"✅ Trip Verified |   Goa (Mopa airport) to Doha in Business Class A flawless flight. Boarding was smooth and the on-board service impeccable. This aircraft did not feature the celebrated Qsuite, but the Business Class configuration was still extremely comfortable. My only quibble: the paid WiFi was virtually unusable, dropping out with frustrating regularity.",5.0,5.0,4.0,,4.0,2.0,4,yes,Solo Leisure,Business Class,Goa to Doha,August 2025,1,0.2938
qatar_airways,10th August 2025,S Marulc,5,True,"✅ Trip Verified |  On August 6th, we flew an economy class connecting flight via Doha from Warsaw to the Seychelles via Doha. The first flight, an A330, had comfortable seats and ample legroom. The Doha stopover included a half-hour bus ride at night. The second flight, a Boeing 777, had much less legroom and narrower seats. Also, the cabin temperature was freezing, with a vent pushing cold air onto your faces and shoulders.",3.0,5.0,5.0,4.0,5.0,,3,no,Family Leisure,Economy Class,Warsaw to Seychelles via Doha,August 2025,0,0.4215
qatar_airways,4th August 2025,Bhathiya Alagoda,10,True,"✅ Trip Verified |   I recently traveled with Qatar Airways from Colombo, Sri Lanka to London Heathrow, and it was an outstanding experience from start to finish. The first leg of my journey, from Colombo to Doha, was on a Boeing 787, followed by a Boeing 777-300 from Doha to London. Both aircraft were spotless, modern, and departed  on time. MThe cabin crew were warm, attentive, and caring. I felt personally looked after throughout the flight. The food served on board was excellent, with a variety of options. The inflight entertainment system was equally impressive, offering a wide range of movies, music, and programs. Qatar Airways provided a premium travel experience that I would happily recommend to others.",5.0,5.0,5.0,5.0,3.0,5.0,5,yes,Family Leisure,Economy Class,Colombo to London via Doha,August 2025,1,0.975
qatar_airways,28th July 2025,Roger Langdon,3,False,"Not Verified |   Cape Town to Doha my inflight entertainment wasn't working, I could use free wifi. My return flight from Doha to Cape Town it was not working again. After a long layover in Doha fron Bangkok I wasn't in the mood to be on my phone so nothing to watch. After asking the crew twice to check, no inflight entertainment. Bad!!",5.0,4.0,4.0,1.0,4.0,4.0,3,yes,Family Leisure,Economy Class,Bangkok to Cape Town via Doha,July 2025,1,-0.3645
qatar_airways,26th July 2025,S Bareno,10,True,"✅ Trip Verified |   This is the best airline I’ve experienced as economy class, and I love the wide range of options of entertainment. Even though we had medium space for legs, they give you a bag on long distance flights) with compression socks, shades for your eyes, ear plugs and a toothbrush /  toothpaste. That kind of hospitality definitely makes them deserve 9th titled best airline!  The ground staff also organized the groups punctually and kindly. Free WiFi!",3.0,5.0,5.0,5.0,5.0,5.0,5,yes,Solo Leisure,Economy Class,Tokyo to Madrid via Lima,July 2025,1,0.9781
qatar_airways,21st July 2025,D Hergud,10,True,"✅ Trip Verified |   Flying Business Class with Qatar Airways was nothing short of exceptional. From the moment I boarded, I was impressed by the attention to detail and the warm welcome from the cabin crew. They were genuinely helpful, attentive without being intrusive, and went out of their way to ensure I was comfortable throughout the flight. What really made the experience memorable was the professionalism and kindness of the crew. Whether it was offering assistance with the seat settings, adjusting lighting, or just checking in regularly with a smile, their service felt personal and sincere. Qatar airways has been my regular airline whenever I fly.",5.0,5.0,5.0,5.0,5.0,5.0,5,yes,Solo Leisure,Business Class,Doha to Birmingham,June 2025,1,0.9716
qatar_airways,18th July 2025,Ash Hogan,1,False,"Not Verified | Having arrived in Doha at 6.00am with my family (including my wife and two small children) from Melbourne, we were due to have a 3h 30m stopover in Doha before boarding a flight to Venice. The scheduled flight for 9.30am was delayed, with a new departure time set for 13.00. Great experience for our young sleep deprived kids (4yo & 2yo). Upon boarding the delayed flight and having commenced taxiing the runway, the captain advised that due to a technical issue, we were required to return to the gate to await further engineer inspection. Having waited almost two hours for further information and grappling with our young children who were losing it by now, we were then advised that we must disembark the plane and return to the terminal, with a revised scheduled departure time of 18.00. This revised departure time meant that we would land in Venice at 22.20, which left us unable to make a connecting train to Trieste where we had accommodation booked for the evening. I had to book emergency accommodation in Venice for 1 night and forego the booked accommodation in Trieste. On the delayed flight, they even charged me to use the Wifi so that I could confirm our accommodation - typically an experience expected on a budget low cost airline. We did not arrive to our accommodation in Venice until after midnight and were almost left stranded as we couldn't communicate with the host who was about to depart from the accom. We lost a day of our holiday due to this delay, along with the incurred expense of booking emergency accommodation and loss of booked accommodation, due to the 8h 30m delay at Doha airport. I'm very disappointed in the qualty of service and the mental impact this had on my family at the start of a dream holiday. Indeed, an awful experience to have to endure with no word of apology or possible compensation from Qatar Airways. A bang average airline dressed up as the best in the world. Laughable. Will never book with them again.",1.0,1.0,1.0,1.0,1.0,1.0,1,no,Family Leisure,Economy Class,Melbourne to Venice via Athens,July 2025,0,-0.9443
qatar_airways,16th July 2025,E Michaels,9,True,"✅ Trip Verified |   It's been a while since I flew Qatar Airways and I had forgotten how good it can be. Lounge at Heathrow provided a fabulous a la carte lunch, and the onboard dining was great for airline meals. Staff were very attentive and polite, and the Qsuite is unbeatable. I've used Emirates and BA on some recent trips and they're simply not close to Qatar. 5 Star at its best.",5.0,5.0,5.0,5.0,5.0,5.0,5,yes,Business,Business Class,London to Doha,July 2025,1,0.9287
qatar_airways,7th July 2025,N Pardele,10,True,"✅ Trip Verified |   My journey on flight QR039 from Doha to Paris was a perfect blend of comfort, service, and efficiency. The check-in process at Hamad International Airport was smooth and well-organized. Friendly staff assisted with swift baggage drop and clear instructions. Boarding was timely and stress-free, with dedicated lanes for different classes and priority passengers. The aircraft was modern and immaculately clean. The seats offered excellent legroom and ergonomics, even in Economy. Adjustable headrests, a plush seat cushion, and a thoughtfully designed tray table added to the in-flight ease. The in-flight meals were restaurant-quality.  Drinks were served frequently and with a smile, and special meal requests were handled flawlessly.  Qatar’s Oryx One system remains one of the best. It had a wide range of new-release movies, documentaries, music, and games. The touch screen was responsive, and the interface was easy to navigate. Onboard Wi-Fi was available and worked well for light browsing and messaging. The cabin crew on QR039 were attentive and professional. From helping with bags to offering water before being asked, their service was personal and polished. The flight departed on time and landed at Paris Charles de Gaulle smoothly. Disembarkation was quick, and baggage arrived without delay, rounding off a flawless travel experience.",5.0,5.0,5.0,5.0,5.0,5.0,5,yes,Solo Leisure,Economy Class,Kathmandu to Paris via Doha,July 2025,1,0.9939
qatar_airways,7th July 2025,Rajan Parrikar,9,True,"✅ Trip Verified | Copenhagen to Doha on Qatar Airways Business Class (B787-8). This flight did not feature the Qsuite layout, but the standard Business Class seating was extremely comfortable. Qatar’s cabin crew delivered service that was both warm and precise, among the best in the industry. Overall, the experience reflected a high standard. There were, however, a few shortcomings. The pilot’s announcement was difficult to understand, marred by poor audio quality. The WiFi connection was sluggish and unreliable, despite the $20 charge. As for the food, I chose the Indian vegetarian option, which arrived swimming in oil. A lighter, more balanced preparation would have been preferable.",5.0,5.0,3.0,,4.0,1.0,4,yes,Solo Leisure,Business Class,Copenhagen to Doha,July 2025,1,0.4748
qatar_airways,7th July 2025,Rajan Parrikar,9,True,"✅ Trip Verified | Doha to Goa on Qatar Airways Business Class (B787-8). This flight also lacked the Qsuite configuration, but the conventional Business Class seating was more than comfortable for a short 3-hour hop. Qatar maintains a high standard of service, and the crew lived up to that reputation. The flight left Doha and reached Goa on schedule. The only letdown was the WiFi. I paid the full $20 and once again received only patchy service. One hopes this will be addressed once Starlink is introduced across the fleet.",5.0,5.0,3.0,,4.0,1.0,4,yes,Solo Leisure,Business Class,Doha to Goa,July 2025,1,0.8798
qatar_airways,5th July 2025,S Masikoto,2,True,"✅ Trip Verified |   On 23 June 2025, I flew from Hong Kong to Doha. The flight was diverted and arrived in Doha later than scheduled due to the Iranian attack on Qatar, and this caused a substantial delay for my trip. When I arrived in Doha, I learned that the connecting flight to Sao Paulo on 24th, QR779, was canceled.  I approached staff at the airport but he was not at all helpful. The only thing he could tell me was to go to the transfer counter. When I went to the transfer counter area, I witnessed pandemonium. I could not figure out how to line up for the transfer desk, and asked another staff and he told me to go to the business class lounge. I followed that advice and went there. A staff there told me to just wait for a few hours and come back because the company is handling the situation and things should go back to normal then. In the end, I had to spend 20 some hours before I can get a new ticket, and another 20-some hours at the airport before getting on the plane to Sao Paulo on 26th, two days later than the original connection flight. Meanwhile Qatar Airways put my luggage to an earlier flight to Sao Paulo, I had a tagging device to learn that my luggage was already in Sao Paulo for some time when I arrived there.",4.0,5.0,4.0,,1.0,,1,no,Business,Business Class,Hong Kong to Sao Paulo via Doha,June 2025,0,-0.3287
qatar_airways,4th July 2025,S Weber,2,True,"✅ Trip Verified | Boarding at Doha airport was chaotic and unorganised, despite gate being manned by 6 agents. When lines started to form at boarding time, the supervisor screamed at the guests: ""Sit down, the aircraft is still being cleaned; you need to be patient."" Chaos followed when boarding finally started 35 min late. Economy started first which caused business class passengers to complain, which resulted in a rather messy boarding procedure. The service and food was the big letdown on this 6 hour night flight. Service completed almost 3 hours after takeoff which left 2 hours of rest before the lights went on again. The meal I received was a soggy stick mass of pasta with of tomato sauce. (They called it Penne Arabiata) There was no taste and an unpleasant texture. This was one of the worst inflight meal I ever had. The flight attendant in charge of my section was slow, unmotivated and robotic in her service rendered. The seats on the B789 were tight and uncomfortable, making it impossible for a good rest.",1.0,2.0,1.0,5.0,1.0,,1,no,Solo Leisure,Economy Class,Doha to Bangkok,July 2025,0,-0.9741
qatar_airways,3rd July 2025,H Karish,1,True,"✅ Trip Verified |   Qatar Airways cancelled the connecting flight on the departure date when I was at the airport to check in for the first flight. So I had to quickly get another flight with another airline at the airport to fly on the same day. They did not contact me to inform that they can only process a refund if I cancel the return flight as well, which I only found out a couple days after I contacted the airline to check on the partial refund for cancelling my departure flights.",,,,,,,3,no,Business,Economy Class,Singapore to Madrid via Doha,June 2025,0,-0.4019
qatar_airways,21st June 2025,Nigel Williams,7,False,"Not Verified | First trip using Qatar Airways. My lasting impression is that the cabin crew work extremely hard throughout the whole flights, unlike the crew on certain other airlines. The food in Economy was very poor though. The safety briefings are via pre-recorded videos featuring an actor who turns the whole issue of safety into a huge joke, which is really inappropriate. The pilots were superb and made incredibly smooth landings on all flights. Overall a good airline and decent value. That food though..oh dear!",4.0,5.0,2.0,3.0,4.0,,4,yes,Solo Leisure,Economy Class,Bangkok to London Heathrow via Doha,June 2025,1,0.9602
qatar_airways,20th June 2025,Michael Beer,3,True,"✅ Trip Verified |   Flight from Bali to Doha arrived 8 mins early, flight from Doha to Vienna arrived 77 minutes late. 2 toilets for 130 passengers in economy on the A320. Although Wheel chair was requested I had to walk to the aircraft.",2.0,3.0,2.0,,3.0,,2,no,Couple Leisure,Economy Class,Denpasar to Vienna via Doha,June 2025,0,0.0
qatar_airways,19th June 2025,Theona Knight,10,True,"✅ Trip Verified |   It is always a pleasure to experience Qatar's world class service. They are the best airline because they pay attention to details that matter to the customer. The cabin crew is efficient professionals. I like that they always know what they are doing, as if they take pride in what they are doing. They are also very warm and personable.  They chat with you rather than talk to you - if you understand what I mean. I also like that they remember your preferences OR take initiative when they need to. My cabin attendant remembered that I preferred sparkling water and delivered it with each meal, but he also knew with which of my meal courses to serve my two different wine selections. The food is excellent and the restrooms are kept clean. Pilots y communicate ahead of time if there will be turbulence or if any information needs to be shared. Little things like these make me feel like they care and if they care then I feel comfortable and safe.",5.0,5.0,5.0,5.0,2.0,5.0,5,yes,Solo Leisure,Business Class,Kuwait to Miami via Doha,June 2025,1,0.9931
qatar_airways,18th June 2025,Michael Schade,8,True,"✅ Trip Verified |   Al Safwa lounge in Doha outstanding as always. Last minute aircraft switch from A350-1000 to B773, but was equipped with Qsuite. Holding area at Gate A7 did not provide seats for the fully booked flight. Flight departed 30 min later, which resulted in a 1h delay into Heathrow, because of the restricted airspace at the moment. Food was great. Caviar service was a nice touch. The service was ok, but lacked in consistency. Coffee was served 30 min before the meal arrived, and it also took up to 30 min to clear plate between courses during the meal. New WiFi lighting fast, which resulted in loud WiFi chats among some pax. I had to tell them to stop! I think this will become a big issue in the future and IFA should be firmer on those inconsiderate people. Overall a great flight with some room for improvement for onboard service",5.0,3.0,5.0,4.0,4.0,5.0,5,yes,Solo Leisure,Business Class,Doha to London Heathrow,June 2025,1,0.9348
qatar_airways,17th June 2025,Ronald Zwart,10,False,"Not Verified | Check in at Sydney was quick efficient and very friendly staff. Boarding a little chaotic, it was a free for all and anyone used any Boarding lane. Eventually on board, very friendly and personalised greeting. Not long after settling in, pretake off drink offered, explanation of seat operation, menu and how dining on demand works. Not long after, meal orders were taken. Once airborne, the crew switched into their routine. It was faultless. It was consistent and again personable. The seating was comfortable. In lie flat position, I slept a solid 8 hours. All food was of a high standard, well presented and taste was fantastic. Beverages were also well presented and always available. The highlight for the wife and to a lesser extent me, was the inflight bar and lounge which was well patronised when we were there. The crew also engaging and very friendly and genuinely interested in their guests. Overall, we rate this flight tops. Way above some of the other major airlines we have flown and better than First Class on some... just saying. Consistency, personable and a very enjoyable first time experience flying with Qatar Airways",5.0,5.0,5.0,5.0,5.0,,5,yes,Couple Leisure,Business Class,Sydney to Doha,June 2025,1,0.993
qatar_airways,17th June 2025,Michael Schade,5,True,"✅ Trip Verified | Check in fast and friendly. Contract lounge with poor food selection and uncleared tables. B773 on this 4h red eye night flight. Boarding via remote stand. I was the first on board, but was ignored by the FA and had to ask for my welcome drink while the plane was already moving. Meal order was taken after take off, which isn’t ideal for a red eye flight. The new irritating safety video was shown with no sound. Service was hectic and not overly friendly. An orange light was left on throughout the night. Overall, a rather average flight. The same flight from Doha to ADD was in comparison so much better.",5.0,3.0,4.0,5.0,4.0,,3,yes,Solo Leisure,Business Class,Addis Ababa to Doha,June 2025,1,0.6625
qatar_airways,12th June 2025,Michael Schade,8,True,"✅ Trip Verified | Al Safwa lounge great as always for my long layover. Boarding via gate rather unorganised. A320 with the flat bed seats. Food and drinks choices outstanding for the 4h flight. What made the flight special was the service rendered by the hardworking cabin crew. It’s not easy to provide a full service for an almost full cabin on a narrow body aircraft, but the two in the front cabin worked wonders; highly recommended!",5.0,5.0,5.0,4.0,3.0,,4,yes,Solo Leisure,Business Class,Doha to Addis Ababa,June 2025,1,0.798
qatar_airways,11th June 2025,S Claasen,6,True,"✅ Trip Verified | Check in was friendly and efficient. Contract Miracle lounge at the new Satellite terminal quiet, with poor breakfast options. I should have used the other OW lounges like Cathay or JAL. It’s hard to comprehend why Qatar does not give access to their own lounge to QR Platinum members.  Flight was uneventful with average service and food. WiFi did not work most of the time, seats tight and hard. Flight arrived 15 minutes ahead of schedule",2.0,3.0,3.0,4.0,5.0,2.0,3,yes,Solo Leisure,Economy Class,Bangkok to Doha,June 2025,1,0.8126
qatar_airways,7th June 2025,Warren Stocker,10,True,✅ Trip Verified |   We have just flown back from Seychelles to UK with Qatar Airways. We are a family of 4 with 2 young children. The treatment by the airline to family's was excellent and so helpful. Taking children on long flights can be stressful but Qatar Airways really tries to help out with early boarding to get them sorted and great entertainment and bits for them to do on the flight. All the flights being on time very clean and everything working. Big Thankyou to the amazing crews that would keep checking if needed anything your a credit to the airline and make Qatar what it is.,5.0,5.0,5.0,5.0,5.0,5.0,5,yes,Family Leisure,Economy Class,Seychelles to Gatwick via Doha,June 2025,1,0.9836
qatar_airways,5th June 2025,Alwaleed Althani,7,True,✅ Trip Verified |   An ex Cathay Pacific 777 though this one was in a two class configuration probably from the ones used in the regional sectors of CX the herring bone business class was kept though the coloration and materials were Qatar Airways. The flight was full mid day departure from Doha with a strong tail wind arriving in Beirut a full 45 minutes early. IFE was non existent and WIFI worked well at the beginning but became non existent less than an hour into the flight. Catering was OK you can see that the route was not a priority.,4.0,4.0,3.0,1.0,5.0,1.0,3,yes,Family Leisure,First Class,Doha to Beirut,June 2025,1,0.7649
qatar_airways,29th May 2025,Karl Watkin,10,True,"✅ Trip Verified |   I am a life time gold card member with BA but never fly long haul with them as they do not fly from Perth WA so I use one world partners. I fly to Europe from Per usually once every couple of months sometimes business class when there is a deal but usually economy. Long haul Qatar economy is in a league of its own. I recently flew to LHR and had not noticed that the flight from DOH to LHR was with BA, the difference in seat size and what passes for service in economy on BA these days was unbelievable , I won't make that mistake again Qatar business class is heaven at 40,000 feet and economy his not far behind, the wines on board are exceptional as are all of the team and lounges at DOH are fabulous I have travelled with all of the worlds major airlines and there is no question in my mind Qatar is head and shoulders above all of the rest I just love them",5.0,5.0,5.0,5.0,5.0,5.0,5,yes,Solo Leisure,Economy Class,Perth to Warsaw via Doha,May 2025,1,0.9572
qatar_airways,21st May 2025,E Larsen,10,True,"✅ Trip Verified |   Great service from booking to landing and everything in between. Will definitely fly again with Qatar airways. Fantastic staff, fantastic food, fantastic planes",4.0,5.0,5.0,4.0,5.0,4.0,5,yes,Couple Leisure,Economy Class,Auckland to London via Doha,May 2025,1,0.9559
qatar_airways,19th May 2025,Debby van Zyl,6,True,"✅ Trip Verified |   Excellent cabin service. The seats are terribly uncomfortable, way too narrow with armrests that catch your elbow at the wrong height. I am not overweight and taller than average.",1.0,5.0,3.0,,3.0,,3,no,Couple Leisure,Economy Class,Prague to Cape Town via Doha,May 2025,0,-0.5408
qatar_airways,2nd May 2025,Mark Allen,5,False,"Not Verified |  I had selected my seat online when I booked the ticket and was issued a boarding pass at Lahore Airport, but I didn’t notice until boarding that they had moved me to the back of the plane, stuck in the middle of the center row. I politely brought it up with a flight attendant and asked if I could be moved to an available seat. But before she could respond, a local Pakistani staff member butted in and rudely told me there was nothing they could do and that I should stop making a fuss. It felt like Qatar Airways is just another part of the lawless mess that defines the Lahore airport experience.",3.0,4.0,5.0,5.0,1.0,,2,no,Solo Leisure,Economy Class,Lahore to London via Doha,April 2025,0,-0.8625
qatar_airways,1st May 2025,Maria Basanou,10,True,"✅ Trip Verified |   I had a flight multiple destinations trip booked both ways with qatar airways. From Athens - Doha and from Doha-Pnohm Penh via Saigon and the return from Bangkok-Doha-Athens. Both legs out and back were outstanding, Starting from the electronic check in and the well organised boarding and finishing with the baggage take out, the service in the plane and the food impeccable. The entertainment very updating and with new movies and games. Free wifi with excellent connectivity and the seats very comfortable for economy class. Also clean restrooms in the plane and the Doha airport super high class.",5.0,5.0,5.0,5.0,5.0,5.0,5,yes,Family Leisure,Economy Class,Athens to Phnom Penh via Doha,April 2025,1,0.9778
qatar_airways,1st May 2025,Jason Hill,6,True,"✅ Trip Verified |   We booked Sydney to Dublin return on business and later paid for an upgrade to first on the Doha - Sydney leg in both directions. The Q-suites in business are really nice and being able to close the door provides great privacy. The first class seats are even better with heaps of space but no ability to close off the area like with the Q-suites. Service in both business and first is excellent but it was a bit over the top in first and felt a bit insincere at times. The dedicated first class check-in at Doha is amazing with top notch personalised service and fast track security clearance. The Doha first class lounge is also amazing but on the return journey we were told that we shouldn't have had access to that lounge but they let us in. The big letdown on the flights was the food. We both had special vegan meals on all flights and the food was really bad. We found the Wi-Fi to be patchy during the flights. This may well have been the an issue with the third party provider but when you pay for unlimited Wi-Fi in business, it is frustrating when it doesn't work very well. This was our first time flying with Qatar and we had high hopes from an airline rated so highly. We've had better experiences with other airlines and we would be unlikely to fly Qatar again unless we specifically wanted to have another stopover in Doha.",5.0,4.0,2.0,5.0,5.0,2.0,3,no,Couple Leisure,First Class,Dublin to Sydney via Doha,April 2025,0,0.9883
qatar_airways,1st May 2025,A Kelsim,3,True,✅ Trip Verified |   Very poor experience in January 2025. Check in was horrible with long wait. In-flight staff appeared exhausted. The plane was not connected to the airport and we had to be bused which was inconvenient. My food was poor. It was extremely disappointing.,3.0,1.0,2.0,3.0,1.0,2.0,1,no,Business,Economy Class,Singapore to Doha,January 2025,0,-0.9544
qatar_airways,29th April 2025,Mirzokhidjon Khayitboev,9,False,"Not Verified |  On April 28, 2025, I flew on Qatar Airways Flight QR 604 from Doha to Karachi in economy class, and it was an exceptional experience that felt like business class. The service was outstanding, with the cabin crew delivering top-notch hospitality. A special thank you to crew member Juhaina and the entire team for their warmth and professionalism.  I look forward to flying with you again!",3.0,5.0,3.0,4.0,5.0,4.0,4,yes,Business,Economy Class,Doha to Karachi,April 2025,1,0.9324
qatar_airways,28th April 2025,Alwaleed Althani,8,True,"✅ Trip Verified |   Midday departure from Doha is a very quiet time as is evening arrival in LHR. We were in an older B777 and it was installed with Qsuites. The new WIFI service is amazing, and nice caviar and Balik salmon with Turbot rounded a delicious meal. The IFE game selection was poor",5.0,5.0,5.0,3.0,5.0,5.0,4,yes,Couple Leisure,Business Class,Doha to London Heathrow,April 2025,1,0.802
qatar_airways,22nd April 2025,Mehdi Rakhamimov,3,True,"✅ Trip Verified | I had a frustrating experience with Qatar Airways Privilege Club. I purchased tickets through their official website, yet part of the flight didn’t qualify for Qpoints. Their response was that the flight was “operated by another airline”, but this was not clear during booking. This is misleading and not acceptable.",4.0,4.0,3.0,3.0,3.0,1.0,3,no,Couple Leisure,Economy Class,Baku to Guangzhou via Doha,February 2025,0,-0.8389
qatar_airways,19th April 2025,Dhrubajyoti Samanta,10,True,"✅ Trip Verified |   I flew business class with Qatar Airways on their A350-900 featuring the Qsuite, and it turned out to be one of the most comfortable and enjoyable flights I’ve taken. Everything from the seat to the service felt thoughtfully designed and well-executed. It’s easy to see why Qatar Airways is so highly rated — this flight gave me a clear sense of what sets their business class apart. Qsuite privacy: the sliding door and fully enclosed suite created a personal sanctuary — perfect for work, rest, or relaxation. Full flat bed with soft pillows and a duvet for restful sleep. In-seat massage feature added to the comfort, especially on a long-haul journey. Gourmet-quality meals with a diverse menu. Every dish was beautifully presented and tasted amazing. Excellent selection of wines, spirits, and mocktails. High-quality amenity kit, soft pajamas, slippers, and other thoughtful touches. The cabin crew was warm, professional, and attentive throughout the journey. A350 cabin was quiet, smooth ride with mood lighting and large windows. Plenty of room to stow personal items. Wide selection of movies, TV shows, music, and more on a responsive touchscreen.",5.0,5.0,5.0,5.0,5.0,3.0,5,yes,Business,Business Class,Doha to Singapore,December 2024,1,0.9927
qatar_airways,19th April 2025,Graham Henrickson,10,True,"✅ Trip Verified |   This was my first flight with Qatar and I arrived at the airport with anticipation.  was disappointed to learn I would not be travelling in their acclaimed Q Suite. They certainly lived up to what you would expect from an airline that has been awarded World’s Best Airline and recognised as having the World’s Best Business Class. There was one thing that needs to be addressed and that is the music played while boarding. It was ridiculously loud. Some of the things that really standout for me: Business Class passengers are given a sleeper suit to wear which was much appreciated. The inflight service was personal and faultless. The lay-flat function of the chair was extremely good, and the bedding material was great. The catering was the best I’ve experienced in a long time. The meals where truly exceptional and the fact they offer caviar to business class passengers is remarkable. This airline truly deserves the accolades it has received, and I can’t wait for my next flights with Qatar which at this stage will be in November this year.",5.0,5.0,5.0,5.0,5.0,,4,yes,Solo Leisure,Business Class,Rome to Doha,March 2025,1,0.9899
qatar_airways,18th April 2025,Antony Peter,10,True,"✅ Trip Verified |   I was travelling to Cochin on Nov 21st 2024 going home for my vacation, and before i boarded the flight from Doha to Cochin i was upgraded from Economy to Business class in that sector. The service was exceptional and i still remember one of the flight attendant Aravind who was going extra mile to help me with the food. I am so proud to become a silver card member in Qatar Airways. Thank you Qatar Airways for all the wonderful service provided to passengers.",5.0,5.0,5.0,5.0,5.0,5.0,5,yes,Solo Leisure,Business Class,Miami to Cochin via Doha,February 2025,1,0.9168
qatar_airways,16th April 2025,Alwaleed Althani,10,True,✅ Trip Verified |   Excellent check in service at Male though it was high season in the Maldives and very high passenger volumes but they were efficient and courteous big shout out to Abdullah. The flight left ahead of time because of the great job the ground staff did. The plane had lie flat angled business class had a mid row but I did not mind as a night departure from Male is not like a day time departure which is a heavenly scene. Onboard service was nice and dinner was like Jeckel and Hyde the Tuna and Scallops appetizer was excellent but the steak overdone and unchewable. The WIFI was super fast I could view YouTube and everything else.,4.0,4.0,2.0,5.0,5.0,5.0,4,yes,Family Leisure,Business Class,Male to Doha,April 2025,1,0.9908
qatar_airways,13th April 2025,N. Siotto,10,True,✅ Trip Verified |   Probably the best Business Class flight of my life and I have been traveling extensively in the last thirty years. Went from Dubai to Milan via Doha and back within five days. The configuration of the seats was different from one leg to another. The first leg was with the Q Suite game changer and the second with a more regular seat but still extremely comfortable. All flights punctual or landed earlier. In all routes the service was impeccable. The catering was comparable with a five star restaurant. Clean toilets. The comfort of the seats was unparalleled. Endless selection of movies. Onboard WiFi was very fast and reasonably priced.,5.0,5.0,5.0,5.0,5.0,5.0,5,yes,Business,Business Class,Dubai to Doha,April 2025,1,0.9359
qatar_airways,11th April 2025,Don Beddage,10,True,"✅ Trip Verified |   Qatar Airways has become my favourite airline on the Toronto to Colombo route, which my family and I travel in Business Class, once or twice a year. I thoroughly enjoy the QSuite on the long leg of the flights to and from Doha. The privacy and the comfort offered by the QSuite is unparalleled to any other airline which operates on this route. The service from the cabin staff is outstanding, and I have enjoyed attentive service with a smile. Meal options and the option to enjoy meals at one’s convenience is an added feature. I appreciate the fact that, since last Autumn, Qatar flies in and out of Toronto Pearson Airport, which significantly reduces the travel time. We previously had to travel to Montreal in order to take Qatar Airways. Complimentary wifi on board is definitely appreciated.",5.0,5.0,5.0,5.0,5.0,5.0,5,yes,Solo Leisure,Business Class,Colombo to Toronto via Doha,March 2025,1,0.9828
qatar_airways,8th April 2025,Alwaleed Althani,9,True,✅ Trip Verified | Early morning departure and morning arrival in Maldives! The timing is not the greatest as the arrival is at the same time with many other flights and it makes long queues and puts pressure on the sea planes connecting to the atolls the plane was an ex Cathay Pacific plane and is still configured in the Herring Bone seats and CX hardware. The cabin service was excellent and WIFi was fantastic even YouTube worked.,4.0,5.0,3.0,3.0,5.0,5.0,4,yes,Family Leisure,Business Class,Doha to Male,April 2025,1,0.4632
qatar_airways,6th April 2025,Jonathan Griffiths,3,True,"✅ Trip Verified |   I flew from Tokyo Narita to Sofia via Doha and returned to Tokyo from Bucharest via Doha. Despite having reserved a vegetarian meal, on all flights crew forgot and I had to remind them. I complained on each flight and met the same reaction - a crew member telling me that this never usually happens, apologizing profusely, and promising that everything will be okay on the next flight. By the time it occurred for the 4th time on the 4th flight, I was finding it all rather frustrating and perplexing. On the flight from Bucharest to Doha I was given dirty cutlery and the cabin assistant whose attention I brought it to wasn't apologetic. She took the spoon from me and said it was a mistake and she would get a new one. In the end I had to call the senior cabin assistant who did apologize.  I found the inflight map system on 3 of the 4 flights to be extremely old fashioned. It was just a basic low-resolution non-interactive map of the kind that airlines used to provide when adding maps to the online entertainment was a new thing (fifteen or twenty years ago). On a long flight, I find the interactive maps to be very interesting and help to pass the time.  When I asked a crew member on the Bucharest to Doha flight how to check the movies I had placed on my favorites list, she said that such a feature does not exist on the inflight entertainment system for this aircraft. However, it did as I had already used it on a previous Qatar flight using the same model of aircraft and I had already added my favorite movies for this flight onto my list. I was unable to remember how to view the list. I tried to explain this to her, but she said that no such system existed and explained that not all aircraft have this feature. In the end, I played around for ten minutes or so and figured it out myself. I wouldn't have minded if the crew member was honest and said she didn't know or that she needed to check with someone else. I don't understand how Qatar are ranked up there with the top airline. The only thing that went well was that all four flights left on time.",3.0,1.0,1.0,2.0,3.0,,3,no,Solo Leisure,Economy Class,Tokyo to Sofia via Doha,April 2025,0,0.9488
qatar_airways,30th March 2025,Petrus Smith,9,True,"✅ Trip Verified |   As a regular work-related traveler, the most important thing for me is time when flying - speed at check-ins and flights departing and arriving on time as scheduled. I have been using Qatar Airways for a few years for all my international travel, and I can plan with confidence my onward travel, meetings etc. The onboarding process is seamless, and the ground staff are knowledgeable, friendly, and helpful. During flights, the same level of professionalism can be expected, and there are no surprises. I fly the same long-distance route approximately every four weeks, and the experience remains consistent. The food is usually excellent, but on my last trip a few days ago, the Doha-Amman leg, the dinner was exceptional, serving dishes that you do not usually see on flights (to clarify - I flew business class). Thank you, Qatar Airways. It remains a pleasure flying with you.",5.0,5.0,5.0,3.0,5.0,4.0,5,yes,Business,Business Class,Johannesburg to Amman via Doha,March 2025,1,0.9434
qatar_airways,27th March 2025,Ian Goody,2,False,"Not Verified | My flight from Perth to Heathrow was cancelled at the last minute whilst we were in the departure lounge at midnight. The flight was on July 13th 2024 from Perth Western Australia, due to land at Heathrow Airport London on Sunday afternoon 14th July. Eventually I arrived at Heathrow on Tuesday 16th July at 06:00. I was told that all additional expenses would be refunded. Well, seven months later I am still trying to get a refund. They eventually offered me $250.00 voucher that could only be used with Qatar Airways valid for one year. I declined this offer as the two-night accommodation with meals in Perth city center and vouchers for taxis that I declined as my son was prepared to drive an hour to pick me up at 02:00 in the morning would have cost far more than the voucher they were offering. I was £108.00 out of pocket for my pre-purchased train tickets booked for Sunday 14th and I lost two days of work. Whilst waiting for information on when my newly arranged flight would be leaving, they could not even be bothered to contact me. After an abortive trip to the airport after we found online my boarding pass which had been changed telling me my flight was now at 03:30 Monday morning and a call to Qatar Airlines who told me they did not know, arrived at airport to find out that there was no flight. Their response was oh your contact details is a UK mobile number! As if that made any difference in these circumstances. Eventually after giving the Qatar helpdesk my sons contact details; they informed me they had found a flight from Perth to Doha then to Athens and then finally Heathrow. Then another which was Perth to Doha to Milan to Heathrow. On arrival they told me they had a flight from Perth to Doha and then onto Heathrow. This had a six-hour stopover in Doha. Eventually I arrived home after a nightmare journey at 06:00 on Tuesday morning during rush hour in London. Just the two days late. Despite constant contact with Qatar customer services they just kept telling me that this was their policy and that was the end of the issue. When you do get through you spend another hour telling them that they have all the details. But no, they want to go through it all again. I still have not heard from them for five weeks.",1.0,2.0,2.0,3.0,3.0,,3,no,Solo Leisure,Economy Class,Perth to London Heathrow via Doha,July 2024,0,0.3233
qatar_airways,21st March 2025,A Jalenad,1,True,"✅ Trip Verified |   QR 719 from DOH to SEA on 3/21/25. The cabin was unbearably cold, I pushed the call button to request assistance, but no flight attendant responded for over an hour and when someone finally did, they offered no help other than handing me another blanket. This was one of the worst experiences I’ve had. I will be reconsidering future travel with this airline unless they take meaningful steps to improve comfort and responsiveness to passengers.",2.0,1.0,,4.0,2.0,5.0,2,no,Family Leisure,Economy Class,Doha to Seattle,March 2025,0,-0.3153
qatar_airways,18th March 2025,T Reddy,2,False,"✅ Trip | Since 2023, I have consistently avoided flying Qatar Airways because of my sub-par experience in Economy Class. There are only 2 options to Maputo either Qatar Airways or Ethiopian and I decided to go with Qatar. Mumbai to Qatar leg is operated by Indigo which has no IFE and on a 3.5 hour flight, you get a sandwich and a small juice with some crackers and really uncomfortable seats (I admit that was my mistake since I did not check thoroughly).  Boarding for the flight to Maputo was chaos by a disorganised gate agent. After departure they served a sandwich, due to the tight connection time, I did not have any time to pick up snacks at the airport. I ended up seated next to a plus sized lady with a rather fussy infant, who had a middle seat. Later, I saw there were quite a few empty seats and they could have just let me move and allowed both of us a bit of comfort, but by the time the seat belt signs were off, others had already spread out and fallen asleep in those seats. The main meal was served 1.5 hours before arrival in Maputo and while the taste was good it was inadequate. My IFE stopped working 5 hours or so into the flight.",2.0,2.0,2.0,,1.0,4.0,2,no,Solo Leisure,Economy Class,Mumbai to Maputo via Doha,March 2025,0,-0.8744
qatar_airways,18th March 2025,T Reddy,6,True,"✅ Trip Verified I decided to opt for an extra legroom seat up in Economy but the website nor app was allowing me to book the seat or make a payment. I reached out to customer care on email but the agent said that I can book the seat during check-in so to ensure this, I woke up at midnight but the transaction did not go through, the second agent was also equally unhelpful and recommended waiting couple more hours. I stayed awake and tried again but no luck, the third agent then told me that this can be done only before check-in and tried to fob me off with an apology to settle for a seat at airport check-in. Finally the third agent was able to help and I got a good extra legroom seat and thankfully the rest of the journey from Maputo to Doha was great, except for the food quantity which is really not adequate for me. The entertainment selection was not the best but overall this leg was quite comfortable. The crew on-ground and in-air were quite good. The Doha to Bombay leg was less comfortable given that this leg is operated by Indigo. The Indigo service is not up to expectations, there is no IFE, the food offered was a tasteless sandwich and some chips. If you are booking on Qatar Airways to/from India check that the leg from Doha to Qatar is operated by Qatar Airways and not Indigo. I have nothing against Indigo and am perfectly happy to fly them for short domestic flights in India but anything longer than a hour and half with them makes for an uncomfortable flight.",4.0,3.0,3.0,3.0,4.0,3.0,3,no,Solo Leisure,Economy Class,Maputo to Mumbai via Doha,March 2025,0,0.9924
qatar_airways,16th March 2025,Luis De Jesus,10,True,"✅ Trip Verified |   Another great flight. Very consistent service, consistent quality of food and comfortable aircraft. The service on the flight was just spot on. I would recommend them based on how consistent they are.",5.0,5.0,5.0,5.0,5.0,5.0,5,yes,Business,Business Class,Bangkok to Doha,February 2025,1,0.872
qatar_airways,16th March 2025,Luis De Jesus,10,True,"✅ Trip Verified |   Amazing from beginning to end. Amazing service, food and cabin. The variety and the quality of the food is mind blowing. The service was spot on and attentive. The seat was comfortable and private.",5.0,5.0,5.0,5.0,5.0,5.0,5,yes,Business,Business Class,Doha to Phuket,February 2025,1,0.8979
qatar_airways,16th March 2025,Luis De Jesus,10,True,"✅ Trip Verified |   This flight was just the dream! 14hrs of first class service with top quality crew, amazing food, great Q Suite. The flight was so smooth, and pleasant, the hospitality was amazing.",5.0,5.0,5.0,5.0,5.0,5.0,5,yes,Business,Business Class,Doha to New York,February 2025,1,0.9604
qatar_airways,15th March 2025,Mike Grandinetti,2,True,"✅ Trip Verified |   Dammam with a stop in Doha en route to Boston they ruined a checked roller bag of mine. 3 months later, I have yet to get any resolution. They have delayed repeatedly, sending me in an endless circle of unresponsive bureaucracy. I have lost respect for what was once my favorite airline.",4.0,4.0,,,1.0,,1,no,Business,First Class,Damman to Doha,December 2024,0,-0.34
qatar_airways,12th March 2025,Michael Schade,4,True,"✅ Trip Verified |   Checkin, security and immigration at DXB airport swift, lounge with good a la carte options and friendly service. Boarding well organized. Delayed by 45 minutes due to bad weather. Flight uneventful. Despite delayed arrival, remote stand with bus transfer. It took me 50 minutes from arrival at remote stand till arrival at the terminal.  My plan to have a nice breakfast at the lounge was shattered. I had just a 10 minutes at the Platinum/Gold lounge, but left because there was no seat available, no clean cup to make a coffee, and long toilet queues. My flight to Bangkok was a remote stand bus gate. Boarding was poorly organized, as Business class and status guests were asked to wait till Economy has done boarding; the gate agent changed his mind and let C Class and status guests on the bus after 2 bus loads of Y class passengers had gone. It was rather chaotic. The flight on a leased CX aircraft was on time and uneventful. The IFE screens in the bulkhead rows of my section were broken, but large IPads were offered as a replacement, which was great. My food was mediocre. The flights were ok, but the chaotic transfer at Hamad airport left a bitter aftertaste.",4.0,4.0,3.0,4.0,1.0,,2,no,Solo Leisure,Economy Class,Dubai to Doha,February 2025,0,-0.9232
qatar_airways,8th March 2025,Michael Schade,6,True,"✅ Trip Verified |   First leg was in Economy, 2nd in First. Check in at BKK airport fast and friendly. Contract lounge at the new Satellite terminal large, but limited western breakfast options. Boarding started 30 minutes late and another 15 minutes wait at the air bridge. Service was good with slightly improved F&B offerings. I was lucky to be on an aircraft with their upgraded WIFI services which worked real well. 3-4-3  configuration with rather hard seats. Transfer in Doha was good with a stay at the Al Safwa F lounge. Food was good. My final leg to Dubai was changed from a Qsuite to a 2-2-2 configuration. After many back and forth, they were willing to change to another Qsuite flight 30 minutes later. The flight was pleasant and uneventful.",4.0,5.0,4.0,4.0,5.0,5.0,4,yes,Solo Leisure,Economy Class,Bangkok to Doha,March 2025,1,0.9753
qatar_airways,24th February 2025,J Dayle,1,True,✅ Trip Verified |   Qatar Airways changed the aircraft and did not notify us. We entered the Boeing 777 cabin to find that we had Paid for a Mercedes and would be flying in a Mini-Cooper. I didn't know airplanes with this drastically old configuration were still even in service. TIt was a miserable experience and we are changing our refundable return tickets to another airline. I won't be spending any money on Qatar Airways in the future!,1.0,5.0,2.0,1.0,1.0,5.0,1,no,Business,Business Class,Chicago to Doha,February 2025,0,-0.5411
qatar_airways,24th February 2025,S Melkov,3,True,"✅ Trip Verified |   On my way to Doha, it was amazing, flight attendants were very helpful and attentive. Doha to Colombo was delayed and after take off asked for a drink which I was told would be served in about 10 minutes, it took more than an hour for cabin crew to star serving drinks and food. After the service they never came back to ask if anything else was needed.",5.0,2.0,,,5.0,,4,yes,Solo Leisure,Economy Class,Gatwick to Colombo via Doha,February 2025,1,0.7178
qatar_airways,18th February 2025,Walter Gujer,10,True,"✅ Trip Verified |   Both flights were excellent. Kind and professional staff on both flights, good food options (like that I can chose when to eat), comfortable flights. Due to distances at Doha airport, I appreciated that one of the small cart drivers offered his services to take me as close as possible to the train, connecting me to the center of the main terminal.",5.0,5.0,5.0,4.0,5.0,5.0,5,yes,Solo Leisure,Business Class,Zurich to Bangkok via Doha,February 2025,1,0.959
qatar_airways,18th February 2025,K Brawn,1,True,"✅ Trip Verified |   I have been a frequent traveller throughout my nearly 60 years as an air passenger. In all that time, I have never encountered such an unprecedented level of discourtesy as I did with the security staff at the Qatar Airways gate. at Doha. My husband and I had already smoothly passed through two transit security checks with Qatar Airways on our return journey from New Zealand. As we tried to board Business Class, I was surprised to be pulled over again for another bag check. The treatment I received was rude and demeaning. Everything in my rucksack was unpacked, which was then swabbed inside and out. I was manually body searched in front of everybody and my clothes, shoes and even hair was swabbed. This took place for a prolonged period of time in front of every other passenger that filed past - the flight had been called. When I subsequently touched one of the items in the second tray of my belongings (to open the zip to demonstrate there were only documents inside) the lady raised her voice, ordering me to stand back and not to handle any of my possessions. I tried to explain I was only trying to help but was met with more incivility. I would add that my husband, who was stood with me, had to witness this affront without any recourse to offer his assistance. When I was finally allowed to leave - the lady having found nothing of any suspicion - I felt utterly humiliated. This awful experience with Qatar Airways was only saved by the helpful and impeccable service of a wonderfully professional air steward on board called Eugenia - thank you kind lady. Her humanity and warmth restored my equilibrium. However the overall experience of our return journey was that, with the exception of Eugenia, the customer service is appalling. . I understand security is important but there was no need for my encounter to be as intimidating, embarrassing and uncivil as it was.",5.0,2.0,2.0,2.0,1.0,5.0,3,no,Couple Leisure,Business Class,Melbourne to Gatwick via Doha,February 2025,0,0.9441
qatar_airways,13th February 2025,Ishan Jani,6,False,"Not Verified | The food was really good, but the items listed on the menu, such as coconut cheesecake and stir-fried noodles, were unavailable. The seats were small but had amazing sleep amenities. The amenities kit was excellent. I requested an Asian vegetarian meal, which was very good, but it would have been better if there was naan or roti. The food quantity needs improvement. The legroom was good but could be better. This was my first time flying with Qatar Airways, and I would fly with them again.",3.0,5.0,5.0,5.0,5.0,,3,yes,Family Leisure,Economy Class,Miami to Doha,January 2025,1,0.9874
qatar_airways,13th February 2025,Ishan Jani,7,False,"Not Verified | So this was my first time on a 787-8. The seats are different on this plane compared to the Airbus A350. The 787-8 was really good, but I didn’t like the way the headrests were. The legroom was kinda tight with not much space, and I didn’t get a window seat—I got a middle row seat instead. But the flight was amazing. That mango juice is too good, omg! The food was great as well. There was palak paneer, but there was no paneer, only corn.",4.0,5.0,5.0,5.0,5.0,1.0,3,yes,Family Leisure,Economy Class,Doha to Ahmedabad,January 2025,1,0.969
qatar_airways,10th February 2025,Rajan Parrikar,10,True,"✅ Trip Verified | Doha to Copenhagen in Business Class on an A350-900. This aircraft featured the renowned Qsuite configuration - an epitome of comfort and privacy. Qatar Airways’ onboard service was nothing short of world-class, delivering excellence at every touchpoint. Both the hard and soft product were executed to perfection, setting a standard that is unmatched in commercial aviation.",5.0,5.0,5.0,,5.0,4.0,5,yes,Solo Leisure,Business Class,Doha to Copenhagen,February 2025,1,0.8625
qatar_airways,10th February 2025,Rajan Parrikar,10,True,"✅ Trip Verified | Goa (GOX) to Doha in Business Class on a 787-8 The seating on this aircraft was of the older configuration, yet exceptionally comfortable. Service, as expected, was impeccable - flawless execution in line with Qatar Airways’ consistently high standards. Upon arrival in Doha, disembarkation was via stairs rather than an aerobridge. This is where Qatar Airways truly excels: the moment the first batch of Business Class passengers boarded the transfer bus, there was no unnecessary delay. Rather than waiting for it to fill up, the bus departed within minutes - a hallmark of true premium service.",5.0,5.0,5.0,,5.0,3.0,5,yes,Solo Leisure,Business Class,Goa to Doha,February 2025,1,0.9418
qatar_airways,8th February 2025,Walter Gujer,7,True,"✅ Trip Verified |   Very excited to fly again on an A380, my favorite aircraft. Check-in was nice and friendly, loved the lounge and staff there too! While the male crew were nice and looked happy, the female staff were mostly sour. Did not appreciate when the crew put my meal on my tray while I was at the bar. When I returned, the food was stone cold. I discussed that with the excellent purser. After that, the staff were sickly sweet. I decided to spend most of the time at the bar. Shame, but the next flight on Qatar was again excellent.",5.0,3.0,,,5.0,,4,yes,Solo Leisure,Business Class,Bangkok to Doha,February 2025,1,0.9556
qatar_airways,8th February 2025,Tilly Hoskins,1,True,"✅ Trip Verified | All that Glitters is not Gold On board their aircraft, Qatar Airways aim to present a spotless and glamorous experience. But sadly the mask is slipping badly. The 3-4-3 configuration on their 777 fleet has rightly been described as a crime against humanity. My real complaint with the company comes however behind the scenes. If you EVER have to deal with customer services they are obstructive and unhelpful. I paid over £1000 for an Economy Convenience multi-city ticket with some inbuilt ticket flexibility. I wanted, and indeed needed for medical reasons, a 2 hour stop in Doha. I have to administer medication which it is not possible to do on board. It could, indeed, endanger other pax to do it on the aircraft rather than in the airport. So I was pretty miffed when Qatar changed their schedules and cut my connection time down to 1h20 and then refused to listen to me about it. They COULD have agreed to put me on the flight taking off 5 minutes before my original booking to keep my 2 hour layover intact, which was the same price, but they have refused to do this. This isn’t the first time I have bumped up against their intransigence and arrogance and, to be frank, I don’t think I shall ever fly with Qatar again. I would strongly warn you to be very very careful about using them.",1.0,1.0,,,1.0,,1,no,Solo Leisure,Economy Class,London Heathrow to Hong Kong via Doha,February 2025,0,-0.8885
qatar_airways,7th February 2025,Samantha Svhucroft,10,False,"Not Verified | I recently had the opportunity to fly to Prague with Qatar Airways, and I would like to commend the exceptional service and attention I received throughout my journey. I would like to specifically acknowledge Uttam and Wan, who went above and beyond to assist me in retrieving my phone that had fallen between my seat after the flight had already landed. I had to wait for an engineer to come on board, but they were on the floor with various tools trying to reach my phone. I am extremely grateful for their efforts. This is a prime example of going the extra mile, and I hope they receive the recognition they deserve. Please continue to uphold your excellent service standards.",5.0,5.0,5.0,5.0,5.0,5.0,5,yes,Solo Leisure,First Class,Perth to Prague,December 2024,1,0.9684
qatar_airways,4th February 2025,Tai Wei Wong,9,True,"✅ Trip Verified | Had a pleasant experience with Qatar Airways. The sector from KUL to DOH was not perfect. The plane used was old and with a 2-2-2 business class configuration. Less privacy and lack of storage space. The crew made up to the deficit. Lobster meal was very good. The next sector from DOH to IAH was perfect. Business class passengers were given much priority. The in-flight supervisor came to introduce herself to each and every business class passenger. The cabin crew worked tirelessly to serve every request. Wonderful. Qsuites business class is simply amazing. I managed to catch 8 hours of sleep all together. The quality of the food served was top-notched. I tried purchasing the WiFi service but not successful though. Overall, very good quality of production and service. Only grudge is probably the price. It was much higher than any other airlines.",5.0,5.0,5.0,5.0,5.0,1.0,4,yes,Business,Business Class,Kuala Lumpur to Houston via Doha,February 2025,1,0.732
qatar_airways,3rd February 2025,Azlan Hashim,8,False,"Not Verified |  Cabin crew were attentive and approachable. Very clean cabin and toilet. Modern in flight entertainment, easy to use and quick response. I was impressed when the Cabin Crew In Charge or Purser came and introduced himself. I enjoyed travelling with their widebody aircraft although on a flight which is less than 5 hours.",4.0,5.0,4.0,5.0,5.0,4.0,5,yes,Solo Leisure,Economy Class,Doha to Istanbul,October 2024,1,0.9336
qatar_airways,28th January 2025,Dr. Akeil Al-Faraj,10,True,"✅ Trip Verified | I recently flew with Qatar Airways from Doha to Amman on QR404, dated January 26th, and I must say, it was an outstanding experience! The check-in process was seamless, and the staff were friendly and efficient. The aircraft was modern and clean, with comfortable seating and ample legroom. The inflight entertainment system was impressive, offering a vast selection of movies, TV shows, and music. The food was delicious, with a variety of options to suit different tastes. What truly impressed me, however, was the exceptional service provided by the cabin crew. They were attentive, courteous, and went above and beyond to ensure that all passengers had a comfortable and enjoyable flight. Overall, I would highly recommend Qatar Airways to anyone looking for a top-notch flying experience. Keep up the fantastic work!",5.0,5.0,5.0,5.0,5.0,5.0,5,yes,Family Leisure,Economy Class,Doha to Amman,January 2025,1,0.9939
qatar_airways,27th January 2025,Claus Falsig,10,True,"✅ Trip Verified |   I fly often with Qatar. Over 10 times per year, and the service is always so good. Very nice staff both at ground and at Cabin. I usually fly Economy and rarely get upgraded or I more often use points to upgrade my self. But still on long flights from Europe to Asia over Doha on Economy is a great experience.",5.0,5.0,5.0,5.0,5.0,,5,yes,Business,Business Class,Copenhagen to Beijing via Doha,January 2025,1,0.8806
qatar_airways,27th January 2025,Shayne Haridas,4,True,"✅ Trip Verified |   My recent flight from Calicut to Hamad Airport on January 25th, 2025, was generally uneventful, but had several areas where I believe Qatar Airways could improve the passenger experience. Firstly, the check-in process at Calicut Airport was extremely slow, despite having completed online check-in beforehand. The cabin temperature remained uncomfortably warm throughout most of the flight. The quality of the in-flight meals, while tasty, was somewhat diminished by smaller portions. My breakfast croissant was completely flattened. The seats felt less spacious and harder than I'm accustomed to. Finally, I was disappointed by the limited selection of movies available on Oryx One.",1.0,4.0,3.0,1.0,1.0,,2,yes,Solo Leisure,Economy Class,Calicut to Dammam via Doha,January 2025,1,-0.5927
qatar_airways,14th January 2025,Rajan Parrikar,10,True,"✅ Trip Verified |   Doha to Goa (Mopa Airport) in Business Class on Qatar Airways. This short flight, lasting just under three hours, featured Qatar Airways' non-Qsuite Business Class seats. Despite the absence of Qsuite, the experience was supremely comfortable, as is expected. The onboard service was warm and attentive, complemented by their signature on-demand meal offerings. The seamless blend of comfort, service, and sophistication once again highlights why Qatar Airways’ Business Class consistently ranks at or near the top.",5.0,5.0,5.0,,5.0,4.0,4,yes,Solo Leisure,Business Class,Doha to Goa,January 2025,1,0.9042
qatar_airways,14th January 2025,Rajan Parrikar,10,True,"✅ Trip Verified |   Copenhagen to Doha on Qatar Airways in Business Class in Dreamliner 787-9. This aircraft features Qatar Airways’ standard non-Qsuite Business Class seating configuration. Despite the absence of the Qsuite, the seats are exceptionally comfortable, ensuring a luxurious experience. The inflight service was flawless, showcasing their hallmark on-demand meal service. I was particularly impressed by the noticeable upgrade in meal quality. The vegetarian option was thoughtfully prepared, with a refreshing lightness compared to the heavier, oilier meals of previous years. Overall, this was an outstandingly comfortable flight that lives up to Qatar Airways’ reputation for delivering the finest Business Class experience in the skies.",5.0,5.0,5.0,,4.0,4.0,4,yes,Solo Leisure,Business Class,Copenhagen to Doha,January 2025,1,0.9616
qatar_airways,9th January 2025,Willy Fischer,10,True,"✅ Trip Verified | Qatar Airways, economy class, Doha to Paris CDG, B777, 09 September 2024. As always with Qatar Airways, crew are genuinely welcoming and helpful, both on the ground and onboard. I was able to access the Silver Lounge in Doha. Again, crew (mostly from Qatar / Middle East) very welcoming. Food and drinks (including wine) of good quality. Boarding swift. Crew always ready to help. Food, drinks, movies onboard all fine. Qatar Airways still has a miles-based Frequent flyer system (contrary to other airlines within One World Alliance that now have a money-based system) - and this is really appreciated. Last, but not least, i however prefer to fly Airbus (A330 A359 A380) rather than its competitor. Will choose Airbus aircraft within One World Alliance whenever possible, on any given route.",5.0,5.0,5.0,5.0,5.0,,4,yes,Solo Leisure,Economy Class,Doha to Paris CDG,September 2024,1,0.8908
qatar_airways,5th January 2025,David Sims,2,True,"✅ Trip Verified | I have never felt the need to give Qatar a negative review before. I am a Silver member, and travel exclusively Qatar Airways, and have done for many years but I will start looking at alternatives. My complaints were purely to in respect to the food and the food service. On this occasion it was so bad on both legs of my flight it did really spoil the experience. The plane was lovely, entertainment options good and seating comfortable. I will start with the food service, as a silver member you get a hostess visiting you at the start of the flight and ask you what you would like to eat come meal service, then to be told when the service arrives that that choice has run out. I normally sit with my wife in the central section and I have never fully understood why the food service is not synchronised to start at exactly the same rows on both sides of the plane.  I was in seat D and my wife in seat E, the hostess served my meal and moved on. I asked politely if my wife could have her meal and was informed that he was not doing the E seats only the D seat and she would have to wait till the other server arrived, who was about 15 rows forward and nowhere near our seats. I explained that we like to enjoy our wine and meal together at the same time, and that we were silver members and that someone had already taken our orders. He said he was allocated only to the D seats and could not do anything about it. I had finished my meal and had my tray cleared away and was served coffee, my wife still had not recived her meal, or a drink. It was some 45 minutes after I finished my meal that my wife required her meal and this was very disappointing and could have been resolved with flexibility by the staff. Now for the food Choices that  consisted of rice with  beef, or a chicken sausage wth frittata, and the 3rd which was pasta with a sauce.",5.0,2.0,1.0,5.0,1.0,3.0,4,no,Couple Leisure,Economy Class,Barcelona to Doha,January 2025,0,0.9503
qatar_airways,5th January 2025,L Han,6,True,"✅ Trip Verified |   Overall the flight with Qatar Airways itself was great, but the flight with one of its partner Malaysia Airlines to KUL is just terrible. For the Munich to Doha route, usually it is flown by the Boeing 787 or A350-900 which does not have QSuite, but on the day of my travel, we got the 777 with QSuite which was a huge upgrade from these types of planes that usually operate this route. Food was great, Staff was great, Entertainment was Good, WIFI is free for Privilege Club Member up to 1 hour. Arrived in Doha and we enjoy their Al Mourjan Business Lounge located at The Garden. Then we continue to Kuala Lumpur with Malaysia Airlines and the food was terrible, entertainment was very limited, WIFI was slow and staff was not so great. Qatar Airways needs to stop handing over their flights to their partners like MH and continue to operate their own daily flights instead.",5.0,5.0,5.0,5.0,5.0,5.0,1,yes,Family Leisure,Business Class,Munich to Doha,January 2025,1,0.9769
qatar_airways,2nd January 2025,Hubert Josef Lefarth,5,True,"✅ Trip Verified |   We had a pretty disappointing flight. As we boarded in Barcelona, ​​I noticed that the flight attendants didn't seem particularly friendly. The plane was old, my partner's screen didn't work, and the seat in front of me was difficult to recline. Service on the night flight didn't start until 1.5 hours after takeoff, which pretty much ruined our night. The quality of the food has been better before, there were no refills of drinks and no coffee before landing let alone breakfast. We are very disappointed this time and hope that it was just a bad exception and that Qatar will maintain its level in 2025.",3.0,2.0,3.0,3.0,5.0,,3,yes,Couple Leisure,Economy Class,Barcelona to Doha,January 2025,1,-0.8942
qatar_airways,1st January 2025,E Besine,10,True,"I✅ Trip Verified |    flew with Qatar Airways for a round trip between Paris CDG and Manila, with a layover in Doha. The overall experience was outstanding, both on the outbound and return journeys. The layovers were perfectly coordinated: around 2 hours on the outbound flight and less than an hour on the return. Despite their short duration, everything was handled smoothly and efficiently, without any stress. Onboard, the service was impeccable, with an attentive and professional crew. The food served was of high quality, and the seats were exceptionally comfortable, even on a long-haul flight. I highly recommend Qatar Airways for its seamless organization, exceptional service, and commitment to passenger comfort",5.0,5.0,5.0,5.0,5.0,5.0,5,yes,Couple Leisure,Economy Class,Paris CDG to Manila via Doha,December 2024,1,0.975
qatar_airways,28th December 2024,Theona Knight,10,True,"✅ Trip Verified | Qatar Airways is the absolute best airline ever! The service from the time of checking in to disembarkation is extremely thorough and professional. On board, the cabin crew is more than just polite, they are warm and friendly. They engage in conversation with you about your trip as if they are genuinely interested in you enjoying your journey and they are happy that they get to be a part of the process. I also liked that you never have to repeat a request. They listen carefully and follow through even with things like ""Please wake me up 2 hours before we land"" and try their best to accommodate special requests. The team on board this particular flight was one of the best I have experienced. They worked in unison to deliver guest satisfaction. It felt like they actually liked each other and were happy. I want to specially mention Fares who was catering to my side of the cabin. He had a warm, engaging smile. He was attentive and professional. I enjoyed his mannerism and I noticed that he took time to make every single person in his aisle feel special. To conclude, the crew for other airlines are polite, yes, but on Qatar, I feel they are more than just robotic smiling. They choose people who naturally understand good service and treat everyone with equal importance.",5.0,5.0,5.0,5.0,5.0,5.0,5,yes,Solo Leisure,Business Class,Doha to Hanoi,December 2024,1,0.9934
qatar_airways,28th December 2024,T Nieminen,1,True,"✅ Trip Verified | My flight was almost 4 hours late and I knew I was going to miss my transfer flight to Guangzhou. When I arrived to Doha I was really disappointed, that nothing was arranged for the missed flight. Instead many passengers were requested to wait in a hall for further arrangement. This was little bit weird, since the flight was delayed 3h and the flight itself took 7h. Why wasn't everything organized for the customers that you knew would miss their connecting flight? Two persons were assigned to help the customers, but that was one of the most confusing experiences I have ever had in an airport. Two guys running around like headless chickens, talking in a low voice and many people couldn’t hear what they say, stopping in middle of the way when some passer by stops them and ask for advice. I had to be alert all by myself, constantly checking when will my new connection flight can be arrangeme. It's either your system is lacking or those two guys are incompetent. One of the guys was also, not only incompetent, but arrogant. Telling customers that an accommadation is arranged in VIP-hotel, then a person ask what's the name of the hotel, he obnoxiously says he just stated the name of the hotel. Instead of clearing the confusion about the name of the hotel, he decides to belittle the tired and confused customer. When I finally got my connection flight ticket sorted and was ready to leave the airport he dragged me out the custom line after almost an hour waiting in the queue. Saying that they won't let out, because I have alcohol with me. He has to see some other arrangement for me. So I followed him, thinking that I wasn't allow to enter the city. In middle of the way he stops and starts to help other people, totally ignoring my existence. After helping others, he noticed me and said to me that my alcohol would be confiscated if I tried to get pass customs and he have to see if he could arrange for me to stay in a lounge room. Why didn't he fully tell me about my options first hand? I thought there were no options for me to leave the airport. It was almost morning. I haven't slept in almost 24hrs and he is suggesting me to stay in a lounge for rest of the time. There was over 20hrs until my next flight. I can’t stay in a lounge where there is no privacy. I refused his incompetent, useless help and wanted to get back to the customs. I demanded him to escort me there, because I didn’t want to queue again, but he refused and said he did his best to help me. Also I almost missed my next day connection flight, because the attendant told me I was arranged to 02.30 flight, but it was actually 1.30 flight. I had to run like crazy in the airport because I got there late and almost missed the flight.",2.0,2.0,2.0,2.0,1.0,,2,no,Solo Leisure,Economy Class,Helsinki to Guangzhou via Doha,September 2024,0,-0.9857
qatar_airways,24th December 2024,Philippe Gimenez,3,True,"✅ Trip Verified |   As an emerald platinum member of Finnair Oneworld alliance, I was not recognized in any way: no welcome drink, no words of welcome.  On the HKG-Doha flight, which took 9 hours 30 minutes, I was served was a disgusting snack and a mediocre breakfast with coffee that tasted burnt. The cabin temperature was terribly cold and nothing was done to change things. The icing on the cake was the distant, even contemptuous attitude of the flight attendants to me.",3.0,1.0,1.0,,2.0,,2,no,Solo Leisure,Economy Class,Hong Kong to Paris CDG via Doha,December 2024,0,-0.8975
qatar_airways,21st December 2024,Georgios Noutsis,10,True,"✅ Trip Verified |   In my opinion the best airline in the world. From the moment we booked our tickets they contacted us several times to inform us even about secondary issues. The itinerary and stopover in Doha the best we could imagine. All 4 flights left right on time. The food was really good and delicious. The behaviour of the flight attendants was perfect, friendly and professional. Tickets prices were competitive. It was my first time flying with this company and it will be a real pleasure to fly with them again",5.0,5.0,5.0,5.0,5.0,5.0,5,yes,Couple Leisure,Economy Class,Hanoi to Athens via Doha,December 2024,1,0.9815
qatar_airways,21st December 2024,Hy Lai,4,False,"Not Verified | Athens to Doha was good service but Doha to Tokyo was poor, attendant service very slow (Ath~Doh had 4 people serving economy meal at the same time, but Doha - Tokyo had 2 people serving my economy area). My meal quality was poor and amount of drinks as required. (Ath~Doh) offered drinks after meals and once during 3 hours flight and after meal, but Doha Tokyo offered drinks during the meals but not after meals, on request. Good seat quality and space.",5.0,2.0,1.0,3.0,2.0,,2,no,Solo Leisure,Economy Class,Athens to Tokyo via Doha,December 2024,0,-0.5423
qatar_airways,15th December 2024,Lucette Nyberg,9,True,"✅ Trip Verified |   Exceptional service, always kind and did their best to make you feel comfortable. Did not have a q suite and the seats may need be refreshed but did not matter when you get nice service good food drinks . I never felt discriminated as i often do because i am overweight, it may sound stupid but for me who travels a bit, that feeling is horrible. Thanks Qatar. Keep up the good job!!!",4.0,5.0,5.0,5.0,4.0,4.0,5,yes,Solo Leisure,Business Class,Doha to Cape Town,December 2024,1,0.8819
qatar_airways,14th December 2024,M Darsen,10,True,"✅ Trip Verified |   As always superb experience! Perfect service, friendly and attentive cabin crew, clean and fresh cabin. Food excellent!",5.0,5.0,5.0,5.0,5.0,2.0,4,yes,Solo Leisure,Business Class,Doha to Stockholm,November 2024,1,0.9652
qatar_airways,14th December 2024,M Darsen,10,True,"✅ Trip Verified |   As always superb experience! Perfect service, friendly and attentive cabin crew, clean and fresh cabin. Food excellent! And took me back to Air France in the 90s on long-haul flights, a lounge in the business class cabin. Excellent for stretching your legs, get a drink and mingle with other passengers. Splendid idea! But not free basic WiFi.",5.0,5.0,5.0,5.0,5.0,2.0,4,yes,Solo Leisure,Business Class,Denpasar to Doha,November 2024,1,0.8984
qatar_airways,14th December 2024,Kevin Kozinchik,1,True,"✅ Trip Verified |   I have flown them 6 times in the last year from Madrid to South Africa via Doha and in business class. Those who have flown on their Q-Suites (777), 787s, A350s, and their older 777 where it was 2 seats on the window with no real divider or privacy, understand there is a huge difference in quality between their planes and the experience overall. When choosing my route for an upcoming trip with them I chose a route that had a Q-suite followed by a 787, as they offer the most privacy and comfort. I just received notice that they have downgraded my plane from Doha to Johannesburg to their oldest configuration of their 777 where there are 2 seats on the window, no real divider, and no privacy at all. I understand that sometimes changes are necessary, however I've spent 3 days now trying to get them to change the 1 leg of my journey, the leg where they downgraded the plane to the old 777, to an alternative flight that would simply put me back on the 787. I'm not looking for an upgrade to a Q-suite, I just don't want to be on the same plane I booked and paid for. However, their service team refuses to make the change without me paying a fare difference. Apparently the only time they will allow a free change is if they downgrade you from the Q-suite, which is ridiculous. If they moved it from a 787 to an A350 it would have been fine, however their old 777 configuration is by no means anywhere near the same quality of experience. There is no flex, no desire to keep your business. I realize I am complaining about a business class experience, which may seem petty to some, however when you fly a lot, spend a lot of money to do so, there should be an expectation of service from the partners you choose.",,,,,1.0,,2,no,Business,Business Class,Madrid to Johannesburg via Doha,January 2025,0,-0.5615
qatar_airways,13th December 2024,D Mayle,5,True,"✅ Trip Verified |   There was serious confusion conveyed by flight attendants to passengers after arriving in Phuket. “Passengers flying on to Penang should disembark at Phuket.” “Passengers going on to Penang should stay seated.” “Passengers who will go on to Penang should come forward now to disembark.” “You should not be trying to disembark yet.” Now you need to disembark at the rear of the plane.” “You should not be coming back here. Return to the front.” Then a scheduled 90 minute layover became 3 hours. Upon arrival in Penang Qatar did not get a jetway, and it was raining hard. After moving forward to disembark we were told by the pilot that the airport is requiring us to sit on the aircraft for 30 minutes until the rain stops. About 40 minutes later the pilot informed us that we will have to wait at least another 10 minutes.",4.0,2.0,4.0,3.0,5.0,5.0,3,no,Business,Economy Class,Doha to Penang via Phuket,December 2024,0,-0.5423
qatar_airways,7th December 2024,Harish Vasudevan,5,True,"✅ Trip Verified |   The food and choices on the long haul from Bos-Doh was quite stressful. The Economy regular meals were to die for to be honest- some of the best chicken biryani, which you wouldn’t see in the special meal menus. This time it was stuff that neither me nor my family could get half way through. Either too bland or salty. Also the service was slow - kids get super cranky on late night flights without food and no butter, salt, pepper and sugar.  Unlike many other airlines, QR’s economy class is really good. In fact that was my biggest selling point for wanting to fly QR this time- collecting air miles is not an easy job! An older aircraft having >90% occupancy with an out of order toilet plus wi-fi doesn’t help. On the positive side, massive shout out to QR ground staff from Bos for a smooth path from check in to boarding. Also to the Doh- MAA flight pursers for explaining the shortage of on board meal options- only chicken was available in the general category.",4.0,4.0,2.0,2.0,5.0,,3,yes,Family Leisure,Economy Class,Boston to Chennai via Doha,December 2024,1,0.9309
qatar_airways,2nd December 2024,R Keale,5,True,"✅ Trip Verified |   It started when we checked in at Maldives and the check-in couldn't give us any boarding passes for the second flight between Doha and Copenhagen. They asked us to contact the Qatar Airways service desk after arriving in Doha. We did this upon arrival but was then referred to another Qatar Airways service desk. After queuing our way through the third service desk, we were told that they could not give us a boarding pass due to the flight being overbooked. They wanted us to go to some other service desk several times. After 3 hours of waiting we finally got boarding shortly after check-in at the gate opened. We had to rush to the gate. Since I had not received a boarding pass at the airport, I could not do any purchases from the airport shops as I normally do. While I wasn't checked in, all the updates via Qatar Airways' app on my mobile didn't show up, which features I appreciate. I have sent an email to their customer service support but no feedback in a month.",3.0,4.0,4.0,4.0,1.0,,3,no,Couple Leisure,Economy Class,Maldives to Copenhagen,November 2024,0,0.6486
qatar_airways,30th November 2024,Virginia Bolton,6,True,"✅ Trip Verified |   Qatar Airways is using Oman Air planes and crew on certain sectors. This sector was changed a few months after I booked my ticket, and I didn’t mind so much because I was keen to experience Oman Air. The business class layout is ok, and the seat was very comfortable. There were only 3 passengers travelling in business class on this flight and we were well attended to. The food and wine was good. Nothing more, nothing less. The crew were very pleasant and enjoyed a chat. I find the Qatar entertainment very limited and not a wide selection of movies. The flight itself was very smooth. Overall, a comfortable 5 hours in the air.",4.0,5.0,3.0,1.0,4.0,,3,yes,Solo Leisure,Business Class,Dar es Salaam to Doha,November 2024,1,0.9728
qatar_airways,30th November 2024,Virginia Bolton,9,True,"✅ Trip Verified |   Outstanding flight and crew. The food and wine were superb. The FA looking after our section was outstanding in her quiet delivery of her service. I had a very different experience on each of the four sectors I flew, and this sector together with the Doha/Nairobi sector were on par. Attentive service, good food and a comfy seat. The entertainment choices are very limited so I usually end up listening to my own music. The seat was very comfortable and I managed to get 6 hours sleep.",5.0,5.0,5.0,1.0,4.0,,4,yes,Solo Leisure,Business Class,Doha to Sydney,November 2024,1,0.9648
qatar_airways,27th November 2024,G Aliyev,5,True,"✅ Trip Verified | I recently flew Qatar Airways in business class, expecting the renowned QSuite experience. However, the aircraft was changed, and the QSuite was not available. The issues didn’t end there. When I contacted customer service to inquire about rebooking, the agent I spoke with was unhelpful and uninterested in assisting. Unfortunately, the service on board was equally disappointing. During boarding, the cabin crew paid little attention to passengers, creating a lack of warmth and hospitality. The in-flight dining service was far below the standard I expected: The dine-on-demand service was not offered. When I requested mezze, I was told it was unavailable. My alternative request for miso resulted in receiving a completely different dish. For the main course, two out of four options on the menu were unavailable. I was served chicken that appeared to be from the economy menu, and it was tasteless. My second meal, sushi, was barely edible. Even basic items like orange juice for a mocktail were not available. For a 12-hour flight, the limited meal selection and poor quality were unacceptable. When I raised my concerns with the purser, I did not receive an apology but was told I should have pre-ordered my meal—despite not being informed of this requirement beforehand. This experience was far from the premium service Qatar Airways promises its business class passengers. I hope the airline addresses these shortcomings to ensure better service in the future.",3.0,1.0,1.0,4.0,4.0,3.0,2,no,Solo Leisure,Business Class,Osaka to Doha,November 2024,0,0.8963
qatar_airways,26th November 2024,C Richardson,10,True,"✅ Trip Verified | ""Love at First Flight"". I took Qatar Airways for the first time two years ago. As a frequent business traveler, customer experience, value for money and safety are the two most important factors. In my opinion, Qatar Airways achieved full marks in all the three areas. Qatar Airways is now my No. 1 choice. Some of the meals that you have provided onboard have been one of the best experience that I have had over thirty years of flying. I feel treated as a ""First Class"" passenger on Economy class.",5.0,5.0,5.0,5.0,5.0,,5,yes,Business,Economy Class,London to Singapore via Doha,November 2024,1,0.9402
qatar_airways,26th November 2024,G Leyne,9,True,"✅ Trip Verified |   The flight lived up to expectations, though this older aircraft did not have as wide a range of movies loaded into its IFE compared to the flights operated by newer A350 and 787. Boarding of the aircraft was efficient and respected the assigned seating Zones. Good service from cabin crew, who were very courteous. The first meal service was a bland chicken sandwich (because the flight operated late at night, when most people just wanted to sleep). A full cooked meal service was provided later in the flight for breakfast, however. The flight operated on time.",5.0,5.0,5.0,4.0,4.0,,4,yes,Solo Leisure,Economy Class,Doha to London Heathrow,November 2024,1,0.908
qatar_airways,25th November 2024,N Aguilar,9,True,"✅ Trip Verified | Chaotic check-in at Kathmandu. The airport struggles to cope with volume of passengers, both land-side and air-side. The flight departed an hour late due to local air traffice restrictions, despite the incoming aircraft having arrived on time. The aircraft was one of the older ones in the fleet, and the IFE was not touch screen, nor did it have the same breadth of range of entertainment options as offered on Qatar's newer aircraft. However, service was good, including food & beverage offerings, despite the aircraft being fully occupied. Cabin crew worked hard and were always polite and attentive. As a result of the late departure, we arrived in Doha an hour late, too. The aircraft was parked a long bus ride away from the terminal, which didn't help the delay.",5.0,5.0,5.0,5.0,3.0,,4,yes,Solo Leisure,Economy Class,Kathmandu to Doha,November 2024,1,-0.1769
qatar_airways,24th November 2024,S Deylan,9,True,"✅ Trip Verified |   The best thing about this airline is the good training of its staff. They have been trained to be polite even in the face of problems. It goes a long way to making the experience more pleasant than it otherwise could have been. The booking experience  via their website was not fully satisfactory as the seat map could not be accessed at the time of booking nor via 'Manage your booking' after the booking was made. I had to ring up the call centre  to request them to book my specific seats. The call-centre staff were polite and very willing to help, but the quality of the phone line was poor. Online check-in could not be fully completed, requiring manual document checks at the airport (Heathrow) for the issue of the boarding pass. However, the queues for the self-service check-in machines at the airport was very long and every passenger seemed to require manual documentation check by staff (who were too few to cope with this - but handled it politely)s. Onboard service was excellent and plenty of food provided for the flight. IFE had an impressive selection of movies and TV shows.",5.0,5.0,5.0,5.0,2.0,,4,yes,Solo Leisure,Economy Class,London to Doha,October 2024,1,0.8925
qatar_airways,23rd November 2024,N Galen,9,True,"✅ Trip Verified |   Crew were hardworking and attentive on this full flight. Good provision of food. Excellent range of inflight entertainment. Flight took off and landed on time. My only gripe is that it was difficult to reserve my seat in advance- the online seat map was not working on their website nor on their app, and I had to ring up the call centre to sort it out.",4.0,5.0,5.0,5.0,5.0,,4,yes,Solo Leisure,Economy Class,Doha to Kathmandu,October 2024,1,0.7845
qatar_airways,21st November 2024,V Hargan,2,True,"✅ Trip Verified |   Traveling from Delhi to Düsseldorf, we encountered a long check-in queue, some open counters in the economy class were left unattended, with staff chatting instead of assisting passengers. We had an allowed baggage weight of 100 kg for our four tickets, each with a 25 kg limit. We checked in two bags, but the staff said that one bag weighed 27 kg instead of 25 kg and demanded payment for the extra 2 kg. We had to leave the queue to adjust the weight and upon returning, were asked to start from the end of the line. Onboard I had to settle for an Indian vegetarian meal, which I did not enjoy. While Doha airport was beautiful, we were transported to our connecting flight to Düsseldorf by bus, which was uncomfortable.",3.0,3.0,3.0,4.0,1.0,4.0,2,no,Family Leisure,Economy Class,Delhi to Duesseldorf via Doha,August 2024,0,-0.484
qatar_airways,21st November 2024,S Gale,2,True,✅ Trip Verified |   The staff were not friendly to me at check in. The seats aren't comfortable and my food did not taste good. Planes are smaller than some airlines.,2.0,3.0,3.0,3.0,1.0,,2,no,Solo Leisure,Economy Class,Doha to Dubai,November 2024,0,-0.7741
qatar_airways,17th November 2024,M Hanoje,10,True,"✅ Trip Verified |   I travelled with a baby on Qatar Airways. Though I added the baby late, they auto-assigned me a seat with a bassinet. On the flight, they were so kind and helpful. They had baby food and diapers. They helped me fetch milk from my bag. When the baby poured food all over me, they helped me clean up, including a member who wiped my feet. They were so kind and helpful - I was very moved.",5.0,5.0,5.0,5.0,5.0,3.0,5,yes,Family Leisure,Economy Class,Nairobi to Doha,November 2024,1,0.9556
qatar_airways,16th November 2024,M Lopez,2,True,"✅ Trip Verified | The plane was fine, for a long flight it is important, but the bathrooms were dirty. The meals they offer, you can choose if you are in the front, from the middle to the back, they only offer you what is left, pasta. The same at breakfast, if you don't want the option they give you, they tell you to wait until they serve the entire plane. You can ignore all this, but when you arrive at your destination and they have lost your luggage, the disappointment is total. And worse, when upon returning home, they lose your luggage again, they deliver it to you later, the suitcases are broken, they follow the instructions of their call center for the claim, and finally they do not take responsibility for the damages.",2.0,2.0,1.0,3.0,3.0,,2,no,Couple Leisure,Economy Class,Ho Chi Minh City to Barcelona via Doha,October 2024,0,-0.9851
qatar_airways,15th November 2024,P Maya,1,True,"✅ Trip Verified | I  took QR701 from Doha to JFK on Nov 11. I was flying business class and was seated in 10A. After we took off, the refreshing towel that was given before mwas still on my counter for about 30 minutes. I was served with breakfast 30 minutes after we took off. They left me for the next 8 hours on a 13 and 1/2 hours flight. I was taking naps off and on but lost track of time. No one checked if I needed anything. When I requested to have my meal served, it took about an hour and half from start to finish. The service was slow. No one was being served at that time around me. My dessert plate sat on my table for another 30 minutes after I finished. I asked for a drink about 2 hours to landing, no one picked up after for an hour or so.",4.0,1.0,1.0,,4.0,,2,no,Business,Business Class,Doha to New York,November 2024,0,-0.8847
qatar_airways,15th November 2024,M Saunders,4,True,"✅ Trip Verified | I have unfortunately witnessed a decline in service quality and value for money. My recent experience on a flight from JFK to Doha was particularly disappointing. The onboard meal service was far below expectations. I had ordered a special Asian vegetarian meal, but the food was of poor quality—extremely salty dal, undercooked rice, and watery, tasteless paneer left much to be desired. The inflight entertainment options were equally disappointing, with no new films available. Instead, the selection consisted of outdated blockbusters, making it hard to pass the time on a long-haul flight. While the new Boeing 777 aircraft offered moderately comfortable seats, the overhead storage was poorly designed, causing significant inconvenience. Adding to the frustration was the baggage policy enforcement. Qatar Airways enforced a single carry-on policy, which I assume is due to the overhead bin space. This policy feels overly restrictive and diminishes the overall travel experience. The service from the cabin crew was another letdown.  What once set this airline apart—exceptional service, quality meals, and attention to detail—now feels like a distant memory.",4.0,2.0,1.0,1.0,3.0,5.0,2,no,Solo Leisure,Economy Class,New York to Mumbai via Doha,November 2024,0,-0.6593
qatar_airways,15th November 2024,Harley Salinas,1,True,"✅ Trip Verified | My initial flight (QR 649) was scheduled on November 12 at 9:30 am from Kathmandu to Doha. On November 7, Qatar canceled my flight because of ""operational issues."" I was told that Nepal's airport renovation had resulted in several airline cancellations over the previous eight months. Qatar was aware of this problem for a long time because I made my travel arrangements in April 2024. My original flight (QR 649) was changed from 9 am to 7 pm on November 12 and there were other Qatar flights from Kathmandu to Doha on November 12 however Qatar never accommodated me to take one of those flights. Rather, I was instructed to fly from Kathmandu to Doha on November 18 or from New Delhi to Doha on November 11. I chose to fly from Delhi on November 11 because I had to return to Chicago by November 13 for work. Additionally, Qatar informed me that I would need to arrange my own airfare from Kathmandu to Delhi. I had to pay $500 to another airline for a ticket from Kathmandu to Delhi. I was informed by Qatar that I would not receive reimbursement for this flight. To get home to Chicago, I had to pay an additional $500 and cut my trip short by one day. Furthermore, Qatar misled me by claiming that there would be no additional flights on November 12.",,,,,1.0,,1,no,Couple Leisure,Economy Class,Kathmandu to Doha,November 2024,0,-0.7118
qatar_airways,14th November 2024,P Reddy,4,True,"✅ Trip Verified | Flew to London last week and the journey was totally flawless. On the return journey wanted to make a date change, so went to the terminal 4 hoping that this would be quicker and simpler. The ticketing staff was unhelpful and I had to stick to the original itinerary. Upon returning to Doha today early morning, there was NO jet bridge so passengers had to uae the stairs.",2.0,3.0,2.0,3.0,1.0,,3,no,Solo Leisure,Economy Class,Bengaluru to London Heathrow,November 2024,0,0.6966
qatar_airways,10th November 2024,N Barton,7,True,"✅ Trip Verified |   Disappointed with the service on the Melb to Doha leg. The FA was reluctant to serve me champagne before take off and when I asked for another glass during dinner, conveniently forgot. I had to ask for my tray to be clreaed after dinner. The same crew member made up the bed which again had to ask. The main meal was ordinary, not the same standard as in the past. The Qsuite was nice and comfortable and managed to sleep 8 hours. I would rate this flight 3 out of 5. My flight from Doha to Nairobi was outstanding. The FA were magnificent, efficient, served me champagne even though it was 2am without any question or judgement. The meals were nice. The flight in the  A350 . I paid BC as this is my trip to celebrate my 70th and was disappointed in the standard of service in the first part of the journey but definitely not the second.",5.0,4.0,3.0,2.0,4.0,,2,yes,Solo Leisure,Business Class,Melbourne to Nairobi via Doha,November 2024,1,0.9231
qatar_airways,8th November 2024,S Lobarda,1,True,"✅ Trip Verified |   I always fly business class with Qatar Airways and this is the first time I got disappointed with the service, especially with the food. They serve me cold omelette and I asked for cappuccino they serve me like a glass of milk with a small amount of coffee.",3.0,1.0,1.0,3.0,1.0,,1,no,Business,Business Class,Doha to Milan,November 2024,0,-0.1531
qatar_airways,8th November 2024,Ameer Ali,1,True,"✅ Trip Verified |   I booked business class KTM-DOH-LHR and back with British Airways and Qatar Airways. 2 days before my flight back from London I get a message stating they have cancelled my connecting flight from Doha to KTM and replaced it with a flight next morning, with a 10 hour layover. I expect them to do is provide transit accommodation in Doha, when they they chose to put me through the unwanted 10 hour layover but they don't. I am asked to land in Doha and try my luck with the transfer desk, I am not amused by the thought of running around for accommodation past midnight when my flight lands. I call them, chat with them, my agent in KTM files a request , my travel agent sends a mail, and I filed a formal complaint. Nothing.",,,,,1.0,,1,no,Business,Business Class,London to Kathmandu via Doha,November 2024,0,-0.4114
qatar_airways,7th November 2024,J Gregory,1,True,"✅ Trip Verified | Worst experience in over 50 years. 2 days before they cancel the flight for operational reasons and offer no alternative route despite having a flight a day before which I was willing to take and assume the cost of the extra night stay. I have traveled with them before, ok in flight, but will never expose myself to this lack of service again.",3.0,3.0,3.0,3.0,1.0,3.0,1,no,Solo Leisure,Economy Class,Madrid to Katmandu via Doha,November 2024,0,-0.7024
qatar_airways,7th November 2024,Mark Curran,1,True,"✅ Trip Verified | I paid a premium price and did not receive a premium experience. The aircraft on both legs was very dated, WIFI did not work and the entertainment was terrible. On both flights my main course was very dry and tasteless. My flight between Durban and Doha was chaotic, the cabin was half empty and I still had to keep asking for water or to have a second glass of wine. Drink quality was good but very controlled.",3.0,1.0,2.0,1.0,3.0,1.0,1,no,Couple Leisure,Business Class,Durban to Dublin via Doha,November 2024,0,-0.1779
qatar_airways,7th November 2024,Mark Curran,5,True,"✅ Trip Verified | This was my first time flying Qatar as I feel that Emirates are now getting very dated especially on the Dublin/ Dubai route. Qatar was excellent between Dublin and Doha. Cabin was modern, service was excellent and food was the best I have had on a flight . I really enjoyed it. The flight between Doha and Cape Town was not so good. It was a much older cabin but as it was a late night flight I did not want food so I cannot really comment on service and food quality although I was disappointed with the seat and the entertainment. There was very little selection, and some of the TV series were season 2 or season 3 which does not make sense if season one is not available. This part of my trip really did bust my bubble. Wifi on both legs was terrible and really not worth the effort.",3.0,3.0,3.0,1.0,5.0,1.0,3,no,Couple Leisure,Business Class,Dublin to Cape Town via Doha,October 2024,0,-0.1943
qatar_airways,6th November 2024,B Saunders,3,True,"✅ Trip Verified | My check in process through the Business counter was excessively long. The staff member had no idea what he was doing. The Economy counter next to me pumped out 3-4 people while this man pondered my check in at snail pace. It was very frustrating, but only the beginning of what was to come. On boarding the aircraft I realised it was a small A320 and had I known that at the time of the upgrade offer, I would never have paid for it. The seat is nothing more than a premium economy, it barely reclined, there was no footrest, there was no entertainment unit (unless you count an annoying stand alone IPad). Honestly, it was horrible. The seat was not comfortable at all, the aircraft was freezing, the windows were absolutely filthy with caked on muck BUT the icing on the cake was inflight service. It was very ordinary and although the food menu presented well and I enjoyed my appetizer and main, they forgot my dessert and coffee altogether. What a waste of money.",2.0,3.0,2.0,1.0,2.0,1.0,1,no,Business,Business Class,Istanbul to Doha,October 2024,0,-0.9437
qatar_airways,6th November 2024,Mouaad Joumani,10,False,"Not Verified | Excellent Service by the Flight Attendants on Qatar Airways (Flight QR 976, October 20). I recently flew with Qatar Airways on Flight QR 976 from Doha to Hanoi on October 20, in Business Class, and had the pleasure of being assisted by two amazing flight attendants, Yu Hee and Anastasia. Their service was outstanding from start to finish. They were attentive, friendly, and professional, ensuring that all passengers in Business Class were comfortable and well taken care of. Yu Hee and Anastasia’s warm attitude and attention to detail truly stood out, and they went above and beyond to make the flight a pleasant experience. Whether it was answering questions or offering assistance, they did it all with a smile and genuine care. I want to extend my sincere thanks to these wonderful flight attendants for their excellent service. They truly made a difference in my travel experience, and I look forward to flying with Qatar Airways again.",5.0,5.0,5.0,5.0,5.0,5.0,5,yes,Solo Leisure,Business Class,Oslo to Hanoi via Doha,October 2024,1,0.9943
qatar_airways,6th November 2024,H Khaldin,10,True,"✅ Trip Verified |   I've had the pleasure of flying with various airlines over the years, but Qatar Airways remains my top choice. Their exceptional service consistently impresses me, from lounge amenities to seamless departures and in-flight experiences, culminating in stress-free arrivals. Qatar Airways has earned my loyalty, and I wholeheartedly recommend them to friends and colleagues.",5.0,5.0,5.0,5.0,5.0,3.0,5,yes,Business,Economy Class,Doha to Karachi,October 2024,1,0.9692
qatar_airways,5th November 2024,Mohamed Sobh,10,True,"✅ Trip Verified | Qatar airways have been excellent in all aspects, starting from booking / changing you tickets online, promptness in flight timings, professionalism and courtesy of crew members and ground floor. Their only aim is to make you happy. Aircraft is always very clean, comfortable seating, great variety of entertainment, excellent quality of headphones and screens, food in first class could be easily Michelin star rated, great experience and I always look forward to travel in QA.",5.0,5.0,5.0,5.0,5.0,5.0,5,yes,Solo Leisure,First Class,Doha to Cairo,October 2024,1,0.9868
qatar_airways,5th November 2024,E Morton,7,True,"✅ Trip Verified |   Booked with Qatar last minute, glad I did. I downloaded the app which made changing dates and seats a breeze, and it has 247 live chat which is brilliant. First leg on new 777-300ER layout. I found the seats not very comfortable (23C exit seat). Entertainment was fantastic, more than enough to watch, almost like having Netflix onboard. My screen had issues which was frustrating though. Staff very friendlya and approachable. Food very good! Second leg not as good. Same plane but older layout. Food not as good. Really horrible sandwich, and my breakfast was only OK, not that appetising. Seat also not very comfortable (35C exit seat). I always have to pay for exit seats because of my height. I get annoyed when people see empty ones and sit in them when they haven't paid. There were quite a few empty seats on both legs of the journey, yet when I booked 48hrs before departure, there was only 1 seat left. Toilets kept quite clean, but the bins were overflowing on both flights.  Both flights delayed without explanation. Flight arrived 10mins early at final destination. Doha airport I find good. My second flight was not shown on the screens though, so there were a lot of people trying to flag down staff to check what gate.",3.0,5.0,4.0,5.0,4.0,,3,yes,Solo Leisure,Economy Class,Melbourne to London via Doha,November 2024,1,-0.8775
qatar_airways,1st November 2024,J Hayne,8,True,"✅ Trip Verified |   Evening departure from BKK. Qatar really struggle with boarding on occasions and this was no different. Seats were changed at the gate as one of our reserved one’s were wet. Allocated into the rear cabin 38A + B. Seemed to be an older aircraft with an older configuration in the business cabin. Busy flight. The seat proved to be very comfortable and superbly thought out. The best there is I think. Safety issue of individuals roaming around the cabin aisles looking for empty seat rows, including someone moving up and down the aisle with his bags, opening and shutting overhead bins blocking the aisle While the aircraft is taxiing under power for departure. Something that should of been jumped on very quickly, but wasn’t. Food was exceptional for Economy, as was the service from a hard working pleasant crew. Overall this sector proved that this is the best Medium to long haul Economy cabin product there is. . Doha Hamad Airport is exceptional and a pleasant transfer. Second Sector on a Boeing 787-8. 19F + G either side of an aisle. Flight appeared to be full and Departed on time, early hours of the morning. The seat’s on this Aircraft were significantly less comfortable. A . 3-3-3 configuration and the ACDFGJ seats each have an under seat IFE box mounted on it’s side that restricts the width of legroom available. Seats appear far narrower, and not so well thought out. Although I find the cabin appealing and the ride pleasant. I’ll generally avoid this particular type of Aircraft. because I find them particularly uncomfortable in Economy, especially on a busy flight.. Again, exceptional food, great Service and a lovely hard working crew. Nonetheless, overall a very nice Economy experience, highly recommend it.",3.0,5.0,5.0,5.0,5.0,5.0,5,yes,Couple Leisure,Economy Class,Bangkok to London via doha,October 2024,1,0.9887
qatar_airways,30th October 2024,Rashid Alammari,10,True,"✅ Trip Verified |   As a frequent flyer with Qatar Airways, I can confidently say that their service is consistently exceptional. The hospitality, from check-in to arrival, is outstanding; staff are courteous, attentive, and always ready to assist. Their scheduling is reliable and well-organized, making flights punctual and connections smooth. The ease of booking, online or through the app is incredibly user-friendly, allowing me to arrange trips without hassle. The lounge facilities are superb, offering a quiet, luxurious space to relax before flights with excellent dining options. Both ground and inflight services are top-notch, with a focus on comfort, quality, and efficiency. Qatar Airways truly sets a high standard in global air travel!",5.0,5.0,5.0,5.0,5.0,5.0,4,yes,Couple Leisure,Economy Class,Doha to London,October 2024,1,0.9865
qatar_airways,29th October 2024,A Mears,3,True,"✅ Trip Verified |   Doha to Athens plane was small with box that blocked leg room window seats. As a person with a disability I could not move, request to move was met with only had middle seat, as business class is only for people that pay for them. When I requested to pay by points for upgrade was told none available. When people in front chose to recline hostess reaction they are allowed to recline however when we tried our seats were rudely pushed upright by passengers. I have emailed Qatar as yet no response.",1.0,2.0,3.0,,4.0,,2,no,Solo Leisure,Economy Class,Sydney to Athens via Doha,October 2024,0,-0.8074
qatar_airways,28th October 2024,Martin Halshaw,10,True,"✅ Trip Verified |   In the past 10 days or so I've taken 4 long haul business class flights with Qatar and on all of them it's been like being in a 5 star hotel / restaurant. The cabin crew treated me like a VIP, the food & drinks were excellent and the facilities (seat, entertainment, wifi, toilets etc) were all fantastic. It is a real pleasure flying QA. The same goes for the lounges I used in Doha with the only negative being the lounges which they don't control outside of Doha.",5.0,5.0,5.0,5.0,5.0,5.0,5,yes,Solo Leisure,Business Class,Manila to Auckland via Doha,October 2024,1,0.9592
qatar_airways,27th October 2024,Brian Davies,3,True,"✅ Trip Verified |   Absolutely terrible trip. Started off well from Dubai to Doha nice 777 in first class which is business class rebranded for this route. Once in Doha the fun started in the Business Class lounge I was told I could only stay 30 minutes and access to the restaurant area was denied because they were busy, so no hot food. Staff were robotic and not at all interested. The connecting flight was an old A320 with a business class seat which was broken and they said cannot be fixed. Hardly any legroom and cramped. Poor inflight entertainment selection and no wifi. Breakfast portions dismal, left the flight hungry.",1.0,4.0,2.0,,1.0,,1,no,Business,Business Class,Dubai to Sofia via Doha,October 2024,0,-0.9156
qatar_airways,27th October 2024,R Han,4,True,"✅ Trip Verified |   I discovered that my luggage had been severely damaged during the journey. The crack spanned across the depth of the luggage, from the zipper to the wheel area, and the inner linings of my baggage were clearly visible. As I had left the Airport premises when the damage was found and I acknowledged that there might not be anything the airline could have done for me, their response was the most unhelpful I have ever received. My return flight on 29 September was cancelled. The instructions to collect our baggage and hotel vouchers were poorly communicated, we only heard muffled announcements and did not receive any email or text message on what to do next. It was chaotic and the airline staff were unhelpful, it took us more than 4 hours just to collect our baggage and vouchers at the airport, before we boarded the bus to the assigned hotel.  Following my trip, I also reached out to Qatar Airways Media/Customer Service to share my feedback, however, it does not seem like they took my feedback seriously. They took more than 10 days to inform me that they had forwarded my feedback on baggage irregularities to the Baggage department in Zurich.",2.0,3.0,4.0,4.0,2.0,3.0,3,no,Couple Leisure,Economy Class,Singapore to Zurich,September 2024,0,-0.8959
qatar_airways,19th October 2024,C Mitchell,5,True,"✅ Trip Verified | The experience from boarding, which was chaotic and confusing, to the seat, entertainment, staff and food was abysmal. Qatar have really gone downhill. During boarding the staff were giving contradictory messages to the passengers, with one person saying a certain group could board and another saying they couldn't. The economy seats are hard, small and uncomfortable. I was able to book an economy comfort++ for one leg of my journey. It should have been two but they changed the hardware, so I was bumped to economy. These seats are much better but it's a lottery if you can book one. My food servings were tiny, and a couple of the meals I couldn't finish they were that bad. The staff were didn't do anything above the bare minimum. The entertainment system on some planes is outdated and unresponsive, although much better on the newer planes. However, the selection of films is quite poor.",2.0,2.0,1.0,2.0,2.0,,2,no,Solo Leisure,Economy Class,Bangkok to Manchester via Doha,October 2024,0,0.1804
qatar_airways,19th October 2024,Craig Cutts,9,True,"✅ Trip Verified |   I have flown with QR 8 times this month, economy and business class. The airline is pretty good especially in economy as a Privilege club member with status, expedited check in and lounge access for both Silver & Gold levels. On board assuming you pick the right seat it's comfortable The food is good as is the service, it's very good and probably one of the best. Business class is great on any aircraft, I had my first experience of Q Suites which was nice, although I like the A380 too with a bit more space and a lounge to use. My 8th flight this month in Q suites from DOH to LHR was probably the least enjoyable, boarding was a shambles, the aircraft was a 20 minute bus ride away and once on board remained at 30c + for 45 minutes, the crew were just okay. Food options not available and the area around my seat is not cleaned with rubbish left by the previous passenger. Clearly QR and DOH airport offer great options, we all have off days so hopefully this is what happened with my last flight. Otherwise I will continue to use QR on my 8 to 10 trips each year, they really are customer focused and offer a great product they just need to get there boarding process sorted it's a bit of a let down sometimes.",5.0,4.0,4.0,5.0,3.0,1.0,5,yes,Solo Leisure,Business Class,Bangkok to London via Doha,October 2024,1,0.9933
etihad_airways,2nd July 2026,K Hang,2,True,"✅ Trip Verified | My experience on EY498, AUH–SIN, on 27 June, in The Residence, was one of the worst flight experiences I have had. The Residence should be Etihad’s halo product, but this journey felt fragmented from beginning to end. At Emirates Palace, I had Home Check-in scheduled between 14:00 and 15:00, with chauffeur pick-up at 15:00. The chauffeur arrived at 14:45, while the Morafiq Home Check-in staff appeared only at 14:55. The chauffeur did not seem to understand Home Check-in and questioned why I was checking in at the hotel rather than at the airport. I had to contact The Residence Concierge several times during hotel check-out. At one point, I wanted to cancel Home Check-in and proceed to airport check-in, but there was no clear way to communicate that request. The experience was chaotic, and no one apologized or took ownership. At AUH Terminal A, despite arriving in an airline-arranged chauffeur vehicle, there was no seamless curbside handover to Etihad ground staff. We were simply dropped off and had to find our own way to the First Class check-in area. Onboard, the product was not the main issue. The problem was service attitude. The crew member in charge of The Residence cabin was curt and not particularly welcoming. When we wanted to use the shower facility, it felt as though this was being treated as an inconvenience. We felt hurried while using a facility that should be central to the premium experience. I only learned just before disembarking that there had been a Korean-speaking crew member onboard. She spoke to us in Korean as we were leaving and said she had wanted to greet us earlier but had been too busy. Finding this out only at the very end was disappointing. The crème de la crème was the Meet & Greet service at Singapore Changi Airport. A staff member was waiting with my name on a sign, but she was alone and was also responsible for other passengers. For the first time in my experience, I had a Meet & Greet staff member present but still had to carry multiple pieces of luggage myself. Changi is highly automated and immigration is usually fast, so the practical value of Meet & Greet there is mostly assistance and luggage handling. The cabin crew had not reminded us about Singapore’s arrival QR procedure, so we had to complete it hurriedly in front of immigration. At that moment, the Meet & Greet staff member said she had to step away to assist other customers. I felt less like a premium passenger and more like a child being shepherded by a kindergarten teacher. If one staff member must look after multiple passengers, surely passengers arriving from The Residence should be the highest priority. While we were waiting for the chauffeur, she disappeared without even saying goodbye. In its own way, it was the perfect ending to the whole production. I did not complain during the journey. I even tipped the unfriendly chauffeur. I usually do not write harsh reviews; I simply choose not to use the service again. The Residence is still Etihad’s halo product and should be built on a true First Class service premise. Yet the best thing about The Residence was the Voss sparkling water in the glass bottle inside the fridge. I did not drink it.",5.0,1.0,3.0,3.0,3.0,2.0,1,no,Solo Leisure,First Class,Abu Dhabi to Singapore,June 2026,0,0.9165
etihad_airways,25th June 2026,E Hadani,1,True,"✅ Trip Verified | In the past few years, we see a complete mismanagement of this airline. I never had this kind of the problem with Etihad Airways before but lately, I often see a change in my travel dates even though the original flight I booked was not cancelled. I normally make my flight booking months in advance, but I often receive an email that says my flight is moved to another day.  I can no longer depend on this airline. During April 2026, my weekend flight was moved twice, and my final flight was put during the weekdays and that caused me a lot of grief with my current employer. My employer thought I was trying to have longer vacation, which was not true. The number of complaints is growing but management seems to ignore these complaints. I am again travelling overseas from Abu Dhabi in July 2026, and my tickets were purchased in early May, two months ago, but I received an email, just today, and I am told that my flight is delayed by two days. As a 4-Star Airline, Hadani Etihad can no longer be trusted. I see no point of planning ahead since Etihad airways can just change flight dates whenever it feels like it. Terrible.",4.0,3.0,3.0,4.0,3.0,2.0,2,no,Family Leisure,Economy Class,Abu Dhabi to Singapore,April 2026,0,-0.9649
etihad_airways,24th June 2026,Florian Gerth,1,False,"Not Verified | Absolutely terrible experience. The most unreliable airline in the world. They keep on changing their schedule and make the result your, and only your problem. Each and every person working in their customer service gives you a different opinion. None of which is of any help and none of which is correct. This is absolutey disgusting. A complete insult given the money you pay. Terrible!",1.0,2.0,2.0,2.0,1.0,1.0,1,no,Solo Leisure,Economy Class,Manila to Frankfurt via Abu Dhabi,June 2026,0,-0.9311
etihad_airways,15th June 2026,Stamatios Morakis,1,True,"✅ Trip Verified | It started with a minor 1-hour and 14-minute delay on my initial flight from Tokyo (NRT). Before takeoff, I asked Etihad staff if I would miss my connection. They said ""No need to worry, the system knows, they are prepared, and you have plenty of time."" The delay didn't change, yet upon landing in Abu Dhabi (AUH), instead of rushing connecting passengers to the departing gates, Etihad staff intercepted and blocked us from reaching the Athens gate, forcing us to miss the flight. After hours of waiting in lines, Etihad first tried to makr me to wait 1.5 days for their next flight. When I refused, they rerouted me through Cairo via EgyptAir, claiming no other options existed—despite online availability on much better airlines. This resulted in a 12-hour arrival delay in Athens, a missed working day, and a sleepless night.  Instead of providing hotel accommodation or lounge access, Etihad staff forced me into a customer holding area called the ""Guest Service Centre."" The conditions were shocking: the room was filthy, filled with garbage, emitted a foul odor. My luggage was lost during this rerouting and took 3 days to be recovered, having to return to the airport myself to claim it. When I contacted Etihad Guest Relations, they sent a robotic response dodging all liability, blaming air traffic, and washing their hands by telling me to contact EgyptAir. Etihad’s premium image is a complete, fraudulent illusion. The moment something goes wrong, they treat paying passengers with absolute contempt and zero respect.",1.0,1.0,1.0,1.0,1.0,1.0,1,no,Solo Leisure,Economy Class,Narita to Athens via Abu Dhabi,May 2026,0,-0.9814
etihad_airways,9th June 2026,Anna Bauerová,1,True,"✅ Trip Verified |   On May 4, 2026, during my connection in Abu Dhabi, something apparently happened at the airport and several departing flights were suddenly subjected to an additional security screening at a single gate. The issue was not the extra screening itself, but the complete lack of organization and communication. Passengers travelling to Egypt, Manchester, Jordan, Germany, and other destinations were all directed into one overcrowded gate area. Nobody explained what was happening. Staff appeared overwhelmed, communication was poor, and the entire process felt disorganized. We spent around an hour standing in a packed crowd with little room to move, no available seating, and very limited information. The situation became increasingly uncomfortable as the gate area grew more crowded. Despite the conditions, no refreshments were provided. The situation worsened after boarding, when the aircraft remained on the runway for approximately four additional hours. I understand that delays can occur, but I was disappointed by the limited communication and customer care during this period. At one point, the cabin crew distributed some water, but only limited refreshments were provided despite the lengthy delay. There was also no complimentary Wi-Fi available, making it difficult for passengers to update family members, rearrange plans, or deal with missed connections. As a result of the delay, I missed my onward transportation from Munich despite allowing what should have been a generous connection buffer. During other flights on the same trip, I also observed situations that reflected poorly on customer service. For example, a passenger who had paid extra for a seat with additional legroom was moved following an aircraft change and appeared to receive little explanation or apology. In several interactions, staff came across as dismissive and unhelpful. Etihad markets itself as a premium airline and charges prices that reflect that positioning. Based on my experience, the service, communication, and handling of disruptions fell well below those expectations. I did not expect perfection, but I did expect clear communication, respect for passengers, and reasonable care during a major delay. Based on this experience, I do not intend to fly with Etihad again and would not recommend the airline. The quality of the onboard food was also disappointing, and the portions felt inadequate, particularly given that the flight lasted several hours longer than scheduled.",2.0,1.0,1.0,,1.0,1.0,1,no,Solo Leisure,Economy Class,Hanoi to Munich via Abu Dhabi,May 2026,0,-0.99
etihad_airways,9th June 2026,Yi Huei Lu,1,True,"✅ Trip Verified |   Terrible customer experience. Etihad Airways closed their local representative office in Taiwan and disabled their local toll-free line, leaving local passengers completely abandoned with zero communication channels. We are facing severe geopolitical conflict risks in the Middle East for our upcoming flights in late August, yet Etihad imposes discriminatory waiver policies. New bookings enjoy free changes, while loyal customers who booked earlier are forced to pay hefty change fees for facing the exact same war-zone risks. Frontline support only provides robotic, unhelpful automated templates.",,,,,,,1,no,Family Leisure,Economy Class,Taipei to Milan via Abu Dabi,June 2026,0,-0.7178
etihad_airways,9th June 2026,Isabel Sanchez Alonso,1,True,"✅ Trip Verified |  We were denied boarding in February 2026 due to overbooking on flight EY101 from Abu Dhabi to Madrid despite having confirmed tickets. This flight was part of our return journey from the Maldives (Madrid–Malé–Madrid), which made the disruption even more significant after a long international trip. At Abu Dhabi Airport, airline staff informed us that compensation related to the denied boarding would be processed after we submitted a claim. Based on this information, we expected compensation reflecting the serious disruption caused by the overbooking and the fact that we arrived in Madrid more than 11 hours later than scheduled. However, after completing the claims process, the only compensation offered was a USD 200 voucher. This outcome was very different from the expectations created by the information provided at the airport. I cannot help feeling that we were misled regarding the compensation that would follow. Had we known that the final outcome would be a USD 200 voucher for three passengers after an 11-hour delay caused by overbooking, our expectations would have been very different. I am sharing this experience so that other passengers are aware of what happened and can make informed decisions if they find themselves in a similar situation.",4.0,4.0,,,1.0,,1,no,Family Leisure,Economy Class,Male to Madrid via Abu Dhabi,February 2026,0,-0.8456
etihad_airways,5th June 2026,S Valenci,1,True,"✅ Trip Verified |   Etihad is a perfect example of a company that charges premium prices while delivering a substandard customer experience. Their customer service is among the worst I have ever dealt with. Before the flight, during the journey, and after the trip, every interaction felt like a battle. Nobody seems empowered to solve problems, communication is poor, and their internal processes are painfully inefficient. Etihad charges premium prices, but delivers a disappointing customer experience and does not issue refunds after a flight cancellation. The customer service is extremely difficult to reach and largely ineffective. Before, during, and after my trip, getting assistance felt impossible. Communication was poor, issues were not properly handled, and I was repeatedly passed between departments without receiving clear answers. What frustrated me most was the lack of transparency regarding procedures and requirements when support was needed. Instead of helping passengers, the process seemed designed to make resolving problems as difficult as possible. The onboard experience was average and certainly not worth the high fares. Overall, one of the most disappointing airline experiences I have had. I would not fly with Etihad again and would not recommend it.",1.0,1.0,1.0,1.0,1.0,1.0,1,no,Couple Leisure,Economy Class,Rome to Hong Kong via Abu Dhabi,January 2026,0,-0.9867
etihad_airways,22nd May 2026,Ana Silva,1,True,"✅ Trip Verified |   Etihad cancelled our booking and failed to provide adequate support. After the cancellation, we repeatedly attempted to contact Etihad by phone in order to receive alternative flight options and assistance. Despite several attempts, we were left waiting every time, (once for more than 5 hours) without any support or viable travel alternatives being provided. The options offered were non-sense (as in not the same route we needed!). Therefore we were forced to purchase new tickets with another airline at our own expense. We submitted formal complaints and follow-up emails on 7 March, 8 March, 30 March, and 13 April, explaining the situation and requesting reimbursement of the alternative flights. Despite this, Etihad so far never formally replied to any of our communications. The airline later processed only a partial refund related to the unused flight segment, while ignoring the additional costs we incurred due to their failure to assist passengers. Etihad is not complying with EU law and this experience showed an unacceptable lack of customer support, communication, and responsibility toward passengers affected by cancellations.",,,,,,,1,no,Solo Leisure,Economy Class,Narita to Lisbon via Abu Dhabi,March 2026,0,-0.9528
etihad_airways,22nd May 2026,Chris Sansom,10,True,"✅ Trip Verified |  On the first leg CMB-AUH A320 had the exit row 3 seats to myself so comfortable, inflight catering of a high standard and cabin crew very good. The second flight on an A350-1000 that was relatively new had large entertainment screens and a good choice to view and listen to. A special mention goes who were very caring, professional and sociable. The Chicken Birryani and the pizza prior to landing very tasty. The crew offered drinks throughout the flight and the bar was open for top ups. Staff kept the washrooms refreshed throughout the flight. Very enjoyable flights.",5.0,5.0,5.0,5.0,5.0,4.0,5,yes,Solo Leisure,Economy Class,Colombo to London Heathrow via Abu Dhabi,May 2026,1,0.9781
etihad_airways,22nd May 2026,Chris Sansom,10,True,"✅ Trip Verified |   Great flight with 3 seats to myself. The cabin crew were excellent, it was my Birthday during my week away I was served with a card, cake and drink. The catering and bar service led to a very comfortable journey and the large entertainment screens was easy to operate. The second flight on the A320 EY392 also very good.",5.0,5.0,5.0,5.0,5.0,4.0,5,yes,Solo Leisure,Economy Class,London to Colombo via Abu Dhabi,May 2026,1,0.9652
etihad_airways,17th May 2026,S Darkevi,4,True,"✅ Trip Verified |   Very disappointed with the attitude of crew in general. After take off seatbelt sign went off , no-one of cabin crew walked down the aisle to check if pax were okay or needed anything. This was for over 30 minutes no sign of anyone in forward economy until the meal service. They ignored the call button that was kept on and refreshed for 25+minutes Toilets were not maintained clean. When asked to speak to person in charge .. aisle flight attendant said she was busy and ignored the request. Asked for green tea .. flight attendant never came back and when she passed and I asked again .. she said there was none and walked away. Headset was not working … after repeated requests to replace … finally after an hour it was replaced. On an 8 hour flight from Abu Dhabi to Mnl crew only came out during service and once to give water. Other than that they were not visible. Very disappointing experience with cabin crew as well as with check in staff at Riyadh airport. Service and attitude has slipped tremendously in dealing with economy passengers. What is happening to Etihad Airways?",2.0,1.0,3.0,4.0,1.0,,3,no,Solo Leisure,Economy Class,Riyadh to Manila via Abu Dhabi,May 2026,0,-0.6814
etihad_airways,13th May 2026,S Bahram,1,True,"✅ Trip Verified |   My baggage was damaged and after a long back-and-forth, their “final fair compensation” was only USD 50 or a travel voucher. Even worse, they closed the case and marked it as resolved despite my clear rejection of the offer and without my consent. I repeatedly contacted customer service, only to constantly hear “this is not our department” or “we cannot help you.” When I tried contacting the supposedly dedicated department via email, I was told the email address itself is inactive for claims handling. The irony is unbelievable — the department responsible for complaints apparently cannot even receive complaints.",3.0,5.0,3.0,1.0,5.0,1.0,1,no,Solo Leisure,Economy Class,Riyadh to Kuala Lumpur via Abu Dhabi,March 2026,0,0.0516
etihad_airways,25th April 2026,L Pan,1,True,"✅ Trip Verified |   40-hour delay, broken promises, and the disgrace of a 'Case Closed' without resolution. The ordeal began with flight EY871 on 20th December (HKG to AUH). Originally scheduled for 19:35, we were first told of a one-hour delay, which became four hours, before the flight was finally cancelled due to ""technical problems."" What followed was a complete failure in communication. Etihad only sent an email the following morning (21st Dec) rescheduling our flight to 12:30. This was seven hours earlier than the original daily schedule. The airline made zero effort to call or ensure we received this critical update. Had we not checked our emails at that specific moment, we would have missed the flight. To clear the terminal during the cancellatio, ground staff in Hong Kong instructed us to take a taxi home and promised a full refund of the expenses. Etihad has refused to reimburse the costs. The disruption continued on our return leg. Due to a delay from Casablanca, we missed our connecting flight to Hong Kong (EY870, scheduled for 31 Dec at 21:15). Instead of spending New Year's Eve as planned, we were stranded in Abu Dhabi and did not arrive home until 08:30 on 2nd January. Despite this 24-hour displacement on the return sector alone, Etihad has failed to provide an accurate Delay Certificate, preventing us from filing travel insurance claims. After four months of ""investigation,"" Etihad’s only response was an insulting USD 200 travel voucher, which I have repeatedly refused.  They simply chose to stop responding.",3.0,3.0,3.0,2.0,1.0,1.0,4,no,Couple Leisure,Economy Class,Hong Kong to Casablanca via Abu Dhabi,December 2025,0,-0.9843
etihad_airways,19th April 2026,C Maltin,1,True,"✅ Trip Verified |   Horrible customer service. No help what so ever, hours on the phone to get assistance and any opportunity to charge extra fees. Then to board a plane and things in the seat broken. Choose any other airline. And charging extra for wifi after a ticket costing $7000",1.0,1.0,2.0,2.0,1.0,1.0,1,no,Solo Leisure,Business Class,London to Sydney via Abu Dhabi,April 2026,0,-0.7234
etihad_airways,8th April 2026,R Malders,8,True,"✅ Trip Verified |   I recently flew business class with Etihad Airways and had an overall strong and well-organized experience. From boarding to arrival, the service, comfort, and catering were of a high standard and clearly tailored to a premium product. The cabin crew was professional, attentive, and consistent throughout the flight, which made for a relaxed and comfortable journey. The quality of the food was good, with a balanced menu and well-presented food. I sat in seat 10A (window seat), which offered a pleasant experience in terms of comfort and space. At the same time, there are a few points that could be improved to take the experience to an even higher level. Seat privacy could be better, especially for passengers who value a more secluded and quiet environment in business class. Additionally, flexibility regarding transfers in the event of delays could be further improved. A more proactive and solution-oriented approach would enhance the customer experience. With a few targeted improvements in privacy and operational flexibility, this level could grow further from good to excellent. All in all, a very positive experience. I would recommend Etihad Airways for business class travel and am certainly considering flying with them again.  Ik heb recent business class gevlogen met Etihad Airways en overall een sterke en goed georganiseerde ervaring gehad. Vanaf boarding tot aankomst waren service, comfort en catering van hoog niveau en duidelijk afgestemd op een premium product. De cabinecrew was professioneel, attent en consistent gedurende de vlucht, wat zorgde voor een ontspannen en comfortabele reis. De kwaliteit van het eten was goed, met een gebalanceerd menu en verzorgde presentatie. Ik zat op stoel 10A (window seat), wat qua comfort en ruimte een prettige ervaring bood. Tegelijkertijd zijn er enkele punten die verbeterd kunnen worden om de ervaring naar een nog hoger niveau te tillen. De privacy van de stoelen kan beter, zeker voor passagiers die waarde hechten aan een meer afgesloten en rustige omgeving in business class. Daarnaast kan de flexibiliteit bij transfers in geval van vertragingen verder worden verbeterd. Een meer proactieve en oplossingsgerichte aanpak zou de klantbeleving versterken. Met enkele gerichte verbeteringen in privacy en operationele flexibiliteit kan dit niveau verder doorgroeien van goed naar uitstekend. Al met al een zeer positieve ervaring. Ik zou Etihad Airways aanbevelen voor business class reizen en overweeg zeker om opnieuw met hen te vliegen.",4.0,5.0,4.0,4.0,3.0,4.0,4,yes,Solo Leisure,Business Class,Amsterdam to Phuket via Abu Dhabi,April 2026,1,0.9946
etihad_airways,6th April 2026,E Valtoure,1,True,"✅ Trip Verified |  Between Abu Dhabi and Lisbon, Etihad now uses a charter company, Hi Fly. A couple of weeks before our flight, we received an email informing us of this change. After checking, it appears that Hi Fly is not an airline but a charter company. The aircraft was an old A330, the crew was Portuguese. Basically, what you get is the level of a low cost airline for the price of Etihad. Old seats, almost non existent IFE: the large screen above your feet doesn't work, nor does the remote control (even for the lights). You need to use your own tablet and earset, scan a QR code hidden on the armrest, and get access to a list of maybe 10 movies, none of them worth watching. The crew was unprofessional and noisy (they all gathered in the front pantry to chat loudly, even with ear plugs I couldn't sleep). I complained to Etihad who couldn't care less. I had to press them to reply to me, which they finally did. Their position is that Hi Fly is their ""trusted partner"" and that I have no reason to complain. So, know it, between LIS and AUH, you will pay for Etihad and fly Low Cost. Of course, they play on the lack of alternative when you fly to the Far East from Lisbon. We will never fly Etihad again.",1.0,1.0,1.0,1.0,1.0,,1,no,Couple Leisure,Business Class,Abu Dhabi to Lisbon,February 2026,0,-0.9403
etihad_airways,30th March 2026,Richard Gregson,1,True,"✅ Trip Verified |   This is the worst experience I have ever had with an airline or travel company. The level of communication and assistance offered by Etihad after the US and Israel attacked Iran, disrupting airspace in the middle east, was non-existent. We had flown out to visit our son on the 19th February, a week before hostilities broke out. Due to fly home on the 7th March, our flight was first rescheduled earlier the same day and then cancelled 6 hours before take off. The only emails we received after that were Etihad trying to get get us to accept a refund for the return leg so they could cut us loose. We ended up having to book tickets home from Singapore via Tokyo 2 weeks later and £5000 more than planned. I can only imagine the situation some travellers found themselves in if they didn't have any spare cash. Terrible, terrible airline. In contrast, Japan Airlines and British Airways were superb (aside from charging £1600 each for a one way ticket home).",,,,,1.0,,1,no,Couple Leisure,Economy Class,Manchester to Kuala Lumpur via Abu Dhabi,March 2026,0,-0.9529
etihad_airways,21st March 2026,Ian Horrocks,1,True,"✅ Trip Verified |  Etihad now add ridiculous charges after booking. I would not mind if they were transparent, but they are not. Customer service do not know the meaning of the word. It is very disappointing as they used to be one of the best. Would now describe them as a budget airline, other than their prices. In flight service also simply average. An extremely poor third when compared to Emirates and Qatar.",2.0,4.0,2.0,1.0,1.0,3.0,1,no,Couple Leisure,Business Class,London to Bangkok via Abu Dhabi,March 2026,0,-0.7031
etihad_airways,25th February 2026,Hussain Munniwala,1,True,"✅ Trip Verified |   We recently went through a horrific experience with Etihad Airways. The airline appears to be overbooking its flights. The experience begins when I attempted to check in online and the system refuses to allow me to do so. At the check-in counter, the staff politely refuse to issue my boarding pass and direct me to another counter for further assistance. The staff at that counter ask me to wait for 1–2 hours and say that if space becomes available, I  will be allowed to board the flight. At first, we (a group of four) thought this was just a one-off incident, after numerous arguments and discussions with third-party staff we were left with no option but to take the next available flight to Colombo the following day. They offered us hotel accommodation 30–40 minutes from the airport. Upon reaching the hotel around 3:00 a.m. we came to the conclusion that this seems to be a policy by Etihad to generate additional revenue. Therefore, please be very careful when choosing to fly with Etihad, especially if you are short on time or have a tight connecting flight, as there is a significant risk of being denied boarding.",2.0,1.0,1.0,,1.0,,1,no,Business,Economy Class,Abu Dhabi to Colombo,February 2026,0,-0.4785
etihad_airways,22nd February 2026,S Karish,4,True,"✅ Trip Verified |   Etihad’s A380 has inconsistent service standards on Indian subcontinent routes. If you are flying for the seat, you will be happy. If you are flying for a seamless, premium end-to-end journey, you may find the inconsistencies and upselling frustrating. On the YYZ–AUH leg, the cabin was exceptionally quiet, spacious, and the crew was highly efficient. However, the experience becomes fragmented on regional legs (AUH–COK). Service quality dipped significantly, and one crew member lacked the basic professional tact and sensitivity expected in a premium cabin. Beyond service, two major drawbacks hinder the experience. Compared to other major carriers, the Etihad app is insufficient. It lacks essential real-time luggage tracking, which is a standard expectation in 2026. Despite holding a premium Business Class ticket, the airline continues to play ""upsell games"" for seat selection. This nickel-and-diming is a low-cost carrier tactic that devalues their brand. While check-in at YYZ was straightforward, the boarding process in Abu Dhabi remains disorganized and needs streamlining to match the quality of the new Terminal A.",4.0,4.0,4.0,4.0,3.0,,4,yes,Couple Leisure,Business Class,Toronto to Kochi via Abu Dhabi,February 2026,1,0.624
etihad_airways,20th February 2026,F Sahita,8,True,"✅ Trip Verified |   On arriving at Frankfurt, I am informed my manual extension of German resident permit is not recognised in Abu Dhabi.  I wasn't able to board the flight but I met the boarding crew Alexander tried every means to help me get on the flight or at least the next one. I have never seen anyone try so hard to help someone, let alone a stranger. A gem of a person with empathy, kindness, patience, commitment and responsibility. Thank you so much Alexander, I appreciate your efforts.",,,,,5.0,,3,yes,Solo Leisure,Economy Class,Frankfurt to Bangalore via Abu Dhabi,February 2026,1,0.9577
etihad_airways,18th February 2026,A Thaha,1,True,✅ Trip Verified |   Extremely disappointing experience with refund process. I was promised a refund within 45 business days for a ticket booking due to a date mismatch. It's been over 3 months with no refund or clear update despite multiple follow-ups. Customer care was unhelpful and didn't provide any concrete solution.,,,,,,,1,no,Solo Leisure,Economy Class,Kochi to Abu Dhabi,November 2025,0,0.0317
etihad_airways,18th February 2026,Mahmod Abu hamed,1,False,"Not Verified |  Very disappointing experience with Etihad Airways at the Phuket check-in counter. The service attitude was extremely unhelpful and unprofessional. The staff showed no willingness to assist or explain anything properly. This has nothing to do with the long waiting time — although the queue was the longest in the terminal with very few open counters — but everything to do with how we were treated. We were 1 kg overweight on our baggage amd were told we must pay 100 USD for excess weight. When we asked if we could remove 1 kg from the suitcase, we were told that we would need to leave the counter and rejoin the queue — meaning another 30–40 minutes of waiting. There was no flexibility, no effort to help, and no customer-oriented thinking. To make things worse, the staff members were whispering among themselves while looking at us, which felt disrespectful and unprofessional. Very disappointing customer service experience.",1.0,1.0,1.0,1.0,1.0,1.0,1,no,Solo Leisure,Economy Class,Phuket to Abu Dhabi,February 2026,0,-0.9716
etihad_airways,12th February 2026,Alena Totskikh,2,True,"✅ Trip Verified |   We had a holiday planned from 10 to 15 January on the route Larnaca – Male via Abu Dhabi. We booked separate tickets: Larnaca–Abu Dhabi return with Wizz Air, and Abu Dhabi–Male return with Etihad (our first time flying Etihad). On 10 January, just as we were leaving our home to start the trip, we received a message that our Abu Dhabi–Male flight was delayed by 24 hours and moved to 11 January. This meant we immediately lost one full day of our very expensive Maldives vacation. After arriving in Abu Dhabi, we went to the Etihad Travel Desk. We spent around three hours speaking to a manager. We were told we were entitled to a hotel for one night and a small compensation. I specifically asked if we could rebook our return flights, because our holiday dates were fixed and we were losing a day. The manager said it was possible, but refused to do it at that moment, explaining that a long queue had formed behind us and he had to assist other passengers as well. We were taken by bus to the hotel. The next day (Sunday), we tried to find an open Etihad office in Abu Dhabi, but could not. At the airport, the queues were so long that we could not wait for our turn because we had to depart. We flew to the Maldives. There was no Etihad office there either. To avoid losing another day, we rebooked our return for 16 January instead of 15 January. As a result, we had to buy new tickets at our own expense: Male–Abu Dhabi and Abu Dhabi–Larnaca. I contacted Etihad customer support and explained the situation, including the overbooking and the fact that we had to pay for new return flights ourselves because the Travel Desk did not help when we asked. The response was extremely disappointing: Etihad refused any reimbursement, stating that the issue should have been solved at the Travel Desk. When I explained that the manager refused to assist at that time, I was told nothing could be done. This was a very stressful experience and a complete lack of customer care. I rate Etihad 1/10 and I will not fly with them again.",3.0,3.0,3.0,3.0,1.0,1.0,3,no,Family Leisure,Economy Class,Larnaca to Male via Abu Dhabi,January 2026,0,-0.9655
etihad_airways,10th February 2026,C Hewitt,2,False,Not Verified |  They exclude access to Lounges on the Business Value Fares. Guess its a one time for me.,3.0,3.0,3.0,3.0,1.0,3.0,2,no,Business,Business Class,Sydney to Milan via Abu Dhabi,February 2026,0,0.128
etihad_airways,4th February 2026,Nadia Meyers,2,False,"Not Verified |  As a result of missing our connecting flight in Kuwait with Kuwait Airways, we were compelled to stay overnight at a hotel in Kuwait. On the following day, contrary to our original booking, we were not transported onward with Kuwait Airways. Instead, without any consultation or our consent, we were rebooked onto a flight operated by Etihad Airways to Colombo. This flight was extremely chaotic and poorly managed. The overall level of service was unacceptable and had a significant negative impact on our travel experience. This matter is serious given that we have previously encountered substantial issues with Etihad Airways, which was the reason we had deliberately chosen not to travel with this airline again. Despite this, we were effectively compelled to fly with Etihad once more, resulting again in a negative experience.",1.0,1.0,2.0,2.0,1.0,1.0,1,no,Couple Leisure,Economy Class,Kuwait to Colombo,January 2026,0,-0.8002
etihad_airways,30th January 2026,Z Maqsood,1,True,"✅ Trip Verified |   Don’t pay for the “change flight” option without reading the fine print very carefully. The flexibility is only valid for 4 months, is limited to a single change, and any additional changes incur extra fees. This information is not clearly disclosed elsewhere during purchase. On top of that, the fare difference charged for changes is almost as high as the cost of buying a new ticket, which defeats the purpose of paying for flexibility in the first place. Overall, the carrier feels disingenuous when it comes to hidden costs and lack of transparency. The experience left me feeling cheated, and it comes across as unprofessional and sleazy.",3.0,3.0,3.0,,3.0,,1,no,Business,Economy Class,Bangalore to Abu Dhabi,November 2025,0,-0.8399
etihad_airways,27th January 2026,A Larkin,1,False,"Not Verified |  Absolutely terrible experience. Delayed by two days - but it was the customer services and lack of care that let them down. Not interested in apologising, not interested in helping a family with children. They don't abide by basic care priniciples as laid out in their own charter. Horrendous compensation. I have traveled a few times now with Etihad and they are getting worse and worse. Food on plane was awful. ill thought out, stale bread. Small portions, treated like low class. Will avoid this airline at all costs next time as never want to deal with their dreadful customer services team who have no respect for people who have paid money. 12K to fly a family of 5 to Sydney and back and a really woeful experience from start to finish. Do better.",1.0,1.0,1.0,1.0,1.0,1.0,1,no,Family Leisure,Economy Class,Sydney to London via Abu Dhabi,January 2026,0,-0.9889
etihad_airways,27th January 2026,Andrin Koller,1,True,"✅ Trip Verified |   The absolute worst customer service available. They didn't let me board a flight because ""I didn't have a visa"". Turns out I didn't even need a visa for the country the flight was going to. I had to pay a second flight and then they told me I can't take the return flight previously booked together with the first ""missed"" flight because I haven't taken that one. Then they passed me forth and back between different customer support agents, ""escalations"" and random ""airline policy"" messages. Lastly, in the flight I ended up taking the food was bad even though I usually like airline food, the seats uncomfortable and the staff semi.",2.0,3.0,2.0,1.0,1.0,2.0,1,no,Solo Leisure,Economy Class,Zürich to Nairobi via Abu Dhabi,January 2026,0,-0.8225
etihad_airways,19th January 2026,R Hardianis,1,True,"✅ Trip Verified |   I flew from Athens to Phuket via Abu Dhabi. On arrival at the airport in Athens, I didn't have access to the business class lounge. I didnt care, as by flight was early in the morning. On arrival in AbuDhabi went to the Guest Services and I was told that I need to get to the hotel they booked on my own. On arrival at the hotel, I was surprised to learn that it was a 4* hotel, and I had the most cheap room type available. Next day, I went to the breakfast lounge and I realized that my accommodation didn't include breakfast. On arrival at the airport after 2 days, again they asked for extra cash to enter the business class lounge.",3.0,4.0,3.0,1.0,1.0,1.0,1,no,Business,Business Class,Athens to Phuket via Abu Dhabi,January 2026,0,-0.1847
etihad_airways,16th January 2026,Kayte Milcoy,1,True,"✅ Trip Verified |   A passenger in Manchester boarded our flight who had had nose bleeds and  we had to wait 2hrs for him to be removed from the plane this is classed as a medical offload meaning no compensation as they wipe their hands of any responsibility towards it! Not only did we have this drama we were crammed onto the world’s oldest plane where we had paid for extra legroom and had about a cm of space extra! The entertainment system didn’t work and when it came to land the couple in front still had their seats reclined staff did a quick once over the cabin but paid no attention or care to it. We landed in Abu Dhabi and had to stay over due to missing our connection, we waited nearly 2hours at the airport for our luggage as it had been sent to a connections zone and special requested to be returned to the belt and then a further 30 minutes for a taxi to the hotel where they put us….in the middle of nowhere and was undergoing renovations so was an absolute state! Once arriving home to express my concerns over there health and safety, lack of care and service they have washed their hands of us and closed the case, they don’t care what service they give you they just want your money.",5.0,1.0,1.0,1.0,1.0,1.0,1,no,Couple Leisure,Economy Class,Manchester to Tokyo via Abu Dhabi,December 2025,0,0.8168
etihad_airways,14th January 2026,Julia Franck,1,True,"✅ Trip Verified |   My flight from Melbourne to Abu Dhabi (flight EY 461 on 04/01/26) was delayed due to the late arrival of the aircraft. As a result of this delay, I missed my scheduled connecting flight from Abu Dhabi to Frankfurt, which was originally booked as a one-stop journey. I was rebooked by Etihad on an alternative routing via Zurich (EY 143), which converted my journey into a two-stop itinerary and included a layover of approximately five hours in Zurich. In addition, the rebooked flight to Zurich was delayed because flight preparations took longer than planned. Due to the combination of the initial delay, the extended rerouting, and the additional delay on the rebooked flight, I arrived at my final destination, Frankfurt, more than six hours later than my original scheduled arrival time (12:30 instead of 6:00am). I paid a higher fare specifically for a one-stop itinerary, and the rebooking significantly increased the overall travel time as well as expenses at the layover airport and inconvenience and expenses after arriving in Frankfurt due to missed train due to delay. I then contacted Etihad guest relations to request compensation or at the very least reimbursement for the costs incurred due to the delay and rebooked flight. After waiting a week for a response I received a response basically saying it's not their fault and I should use my insurance and that's it.  I could not recommend this airline, especially if you are traveling long distances do not expect good customer service.",1.0,2.0,1.0,2.0,1.0,2.0,1,no,Solo Leisure,Economy Class,Melbourne to Frankfurt via Abu Dhabi,January 2026,0,-0.8774
etihad_airways,13th January 2026,T Kanyenko,1,True,"✅ Trip Verified |   My recent flight from Abu Dhabi to Russia left me deeply disappointed and shocked by how drastically Etihad’s standards have fallen. The flight was operated on an A320, a narrow-body aircraft that is unsuitable for such a long international route. Spending many hours in such a small cabin was extremely uncomfortable, inadequate ventilation, and stuffiness throughout the flight.  Flying such a long distance in a small aircraft for the same price as a full-service long-haul airline is not just uncomfortable — it feels humiliating. The situation was made even worse by the extremely poor and limited catering. Due to the heat and lack of proper ventilation, water was repeatedly distributed in small plastic cups instead of bottles, which further emphasized the level of cost-cutting and downgrade. After take-off, the cabin lights were never properly turned on. The entire flight was conducted almost in complete darkness. Even during meal service, only minimal night lighting under the panels was used, and later all lights were switched off completely.  During boarding, cabin crew attempted to collect hand luggage from passengers, including small cabin-size suitcases, claiming there was not enough overhead space. This caused tension and frustration. Only after objections from passengers were people allowed to keep their cabin bags. Both in Abu Dhabi and upon arrival, boarding and disembarkation were carried out via buses to a remote stand. Boarding was done in two separate bus loads. Travelling with multiple bags, this was physically exhausting and completely unexpected from Etihad Airways and a major international hub.  Etihad’s current “optimization” feels like a serious downgrade and an insult to loyal customers.",1.0,1.0,1.0,1.0,1.0,1.0,1,no,Family Leisure,Economy Class,Moscow to Abu Dhabi,January 2026,0,-0.9793
etihad_airways,12th January 2026,Carl Bengelsdorff,1,True,"✅ Trip Verified |    My recent business class experience with Etihad Airways was, by far, the worst airline experience I have ever had. Even more disappointing than the flight issues themselves was the way Etihad handled the situation afterward, which was worse than what I have experienced with some low-cost airlines. Outbound Flight: Milan – Singapore (via Abu Dhabi) Abu Dhabi – Singapore The inflight entertainment system was not working. The compensation offered was close to ridiculous, and I was told on board that I could only receive it in the form of Etihad miles. Arrival in Singapore – Missing Luggage Upon arrival in Singapore, my luggage did not arrive. As a result, I spent 2 out of my 5 days in Singapore without my luggage. When I asked the Etihad lost-and-found agent how much I was allowed to spend on essential items, I was told that he did not know. This is unacceptable, as an airline should clearly inform passengers of the permitted expense limits. In the end, I was offered USD 50 for the delayed luggage, which I find almost offensive—especially considering that a business class passenger was left without luggage for nearly half of the trip. It also raises the question of how Etihad treats economy class passengers in similar situations. Return Flight: Singapore – Milan At check-in, I was moved from the window seat I had booked months in advance to a middle seat. Upon arrival in Milan, I discovered that my luggage was damaged, with personal belongings falling out. I reported the issue and later received an email from Etihad instructing me to visit the nearest authorized repair shop to obtain a damage assessment. The closest official repair shop is over one hour away, meaning Etihad expects me to waste half a day for something that should clearly be handled by the airline. More reputable airlines arrange for a courier to collect the luggage and return it repaired or replaced, without requiring the passenger to do anything. Poor Customer Service Follow-Up In total, I have sent 17 emails and 10 messages via Instagram. Every response has been the same: that Etihad is “looking into the matter.” More than two months have now passed without any resolution. I chose to try Etihad as I expect to travel extensively in that region in the future. However, this experience has been terrible in every respect, and I absolutely do not recommend Etihad to anyone. By far the worst airline I have flown with in the past 25 years.",3.0,1.0,3.0,1.0,1.0,,1,no,Business,Business Class,Singapore to Milan via Abu Dhabi,October 2025,0,-0.9837
etihad_airways,8th January 2026,N Garsen,1,True,"✅ Trip Verified |  This feedback is yet another disappointing Etihad codeshare experience operated by Wamos Air, and raises serious concerns. Shortly after being seated and while passengers were still boarding, A flight attendant abruptly and aggressively removed two jackets from an overhead stowage compartment, declaring that this was “not allowed.” The jackets were thrown to the wrong passenger, creating confusion and embarrassment. The rightful owner, seated in row 40, then placed the jacket under his seat. The same flight attendant returned, stating, again loudly, that no items could be placed under the seat because it was an emergency row. The jacket was ultimately returned to the same overhead bin where it had been placed in the first place. The cabin crew displayed consistently rude and dismissive behaviour. No name badges were clearly visible or worn; where they were worn, the print was so small it was unreadable, making it nearly impossible for passengers to identify, compliment, or formally complain about a crew member. Midflight, when I approached the same flight attendant involved in the jacket incident and politely requested a coffee and a bottle of water, her response was dismissive: I was told to “go to the back and get it myself.” When I asked whether she was not serving passengers, she walked away without response. Cabin crew are the face of the airline, and this behaviour reflects a complete failure in service culture. The aircraft configuration was clearly outdated and poorly maintained, with: Broken TV monitors, Broken food trays, Broken seats, Lavatory drains becoming blocked mid-flight, No travel or location map on the inflight entertainment system and No Arabic language options on TV or radio. For an airline representing the UAE, the absence of Arabic content is unacceptable. Passengers could not even track their journey due to the missing flight map, an elementary inflight feature.  If Etihad intends to continue such partnerships, it has a responsibility to communicate that the experience will not match Etihad-operated flights.",1.0,1.0,2.0,1.0,2.0,1.0,1,no,Business,Economy Class,Manila to Abu Dhabi,January 2026,0,-0.9888
etihad_airways,8th January 2026,L Kersen,4,True,"✅ Trip Verified |   The aircraft a WAMOS partner airline layout and cabin presentation did not align with Etihad’s premium brand expectations. Upon boarding, the air conditioning was not functioning, causing the cabin to become uncomfortably hot. This issue appeared to be addressed only after passengers began complaining, which is concerning. Passengers should never board an aircraft with a non-functional air conditioning system, nor should corrective action depend on complaints rather than proactive checks. The cabin felt more congested and cramped than typical Etihad-operated aircraft, and seating was uncomfortable. Crew members did not prepare seats adequately and did not offer assistance with Etihad seat covers, which further contributed to the feeling that this was not a standard Etihad experience. The crew, while professional in a basic operational sense, did not demonstrate the service excellence typically associated with Etihad cabin crew. The warmth, attentiveness, and proactive engagement that Etihad were largely absent. This distinction between Etihad crew and partner-operated crew was noticeable and detracted from the overall journey. The inflight entertainment system was non-functional during boarding and take-off. Once operational, the content offering was extremely limited, with only 39 movies available and none in Arabic, which is surprising and disappointing for an airline from the UAE. More concerning was the poor quality of the PA system, which was largely inaudible. In the event of an emergency, passengers must be able to clearly hear and follow crew instructions. This is not merely a comfort issue, it is a critical safety communication concern that must be addressed immediately. More than one hour into the flight, no drinks had been offered, making the service feel unusually slow. Additionally, the seatbelt sign remained on for extended periods, even during smooth flight conditions with no turbulence, unnecessarily restricting passenger movement. Once meal service began, I experienced good-quality food.  The aircraft, while operationally sound, showed clear signs of age and wear, including visible deterioration and duct tape holding panels together in the lavatory, which reflects poorly on cabin maintenance standards. The business class lavatory was clean and well-maintained, whereas the economy class lavatory was not, requiring cleaning before use.",1.0,1.0,2.0,1.0,2.0,1.0,2,no,Business,Business Class,Doha to Manila via Abu Dhabi,January 2026,0,0.3812
etihad_airways,8th January 2026,R Anthony Lerona,5,True,"✅ Trip Verified |   During this flight, the pilot did not provide any announcements apart from the arrival message, which was very difficult to hear due to poor audio quality. The flight attendants’ announcements were also unclear and not easily audible. Additionally, the cabin crew did not proactively offer water to passengers and mostly remained in the galley talking among themselves. When I requested water, the assistance felt reluctant and unwelcoming, as if it was an inconvenience to ask. Overall, the service made passengers feel uncomfortable rather than cared for.",4.0,2.0,3.0,,3.0,,3,no,Solo Leisure,Economy Class,Islamabad to Abu Dhabi,January 2026,0,-0.9048
etihad_airways,8th January 2026,Ahmed Issa,1,False,"Not Verified |  Horrible experience.  I was forced to pay for 1 kg overweight per passenger although I have 4 checkin bags. Check-in was a chaotic, slow ordeal  Etihad ground staff were dismissive, stubborn, unprofessional, and unhelpful. No entertainment screens. Food was poor a sandwich handed over by hand. Seats were uncomfortable, toilets were dirty and not maintained. Flight time was accurate the only positive from Etihad. Overall experience was horrible and nowhere near the standard claimed to offer.",1.0,3.0,1.0,1.0,1.0,1.0,1,no,Family Leisure,Economy Class,Abu Dhabi to Amman,July 2025,0,-0.9577
etihad_airways,8th January 2026,N Halena,6,True,"✅ Trip Verified | The cabin crew were not very approachable or attentive, and their announcements were unclear. Overall cabin service fell below expectations. My checked luggage was placed on a second flight and arrived three days later, causing significant inconvenience. On a positive note, the pilot made enthusiastic announcements throughout the flight and spoke with a reassuring tone during turbulence, which was greatly appreciated.",4.0,2.0,3.0,,3.0,,3,yes,Solo Leisure,Economy Class,Abu Dhabi to Islamabad,December 2025,1,0.8858
etihad_airways,7th January 2026,L Calliaro,1,True,"✅ Trip Verified |  I specifically booked a flight through Abu Dhabi because their system explicitly showed a hotel as available for my dates during the booking process. After taking my money, they refused to issue the voucher, claiming ""blackout dates."" This is bait-and-switch. They lure customers with the promise of a free stay, then deny it after the non-refundable flight is paid for. I paid a significant premium for a ""Deluxe"" fare to ensure flexibility. Etihad is now claiming that because one leg of the journey was ""Basic,"" the benefits I paid for on the Deluxe leg are void. You cannot charge for a service and then unilaterally decide not to provide it.  Upon arrival in Abu Dhabi, I was left stranded. No assistance, no meal vouchers, and no accommodation was provided despite the long layover I was forced into by their system's false promises.",1.0,1.0,3.0,,1.0,,1,no,Couple Leisure,Economy Class,Bangkok to Rome via Abu Dhabi,December 2025,0,0.7571
etihad_airways,25th December 2025,L Leal,1,False,"Not Verified |  My connecting flight to Abu Dhabi was delayed on 19th December 2025. Although my next flight to Bkk was rebooked by the airline, I never got a compensation for a hotel or food. It was a horrible  experience having had to stay at Abu Dhabi airport for 18 hours! The rebooking office was not very helpful either. I missed my paid one night hotel in Bangkok plus I spent money to stay in the airport lounge. Etihad Airways is the worst airline I've ever experienced.",2.0,1.0,1.0,1.0,1.0,1.0,1,no,Solo Leisure,Economy Class,Nairobi to Bangkok via Abu Dhabi,December 2025,0,-0.9266
etihad_airways,19th December 2025,William Jackson,1,False,"Not Verified |  Just an update on my nine month battle with Etihad Airways to try to obtain compensation after a disastrous experience. Flight booked with and paid in full to Etihad Airways from Barcelona to Da Nang via Abu Dhabi and Kuala Lumpur. I was denied boarding at Kuala Lumpur by Etihad's partner airline Batik Air Malaysia as they said I needed a visa to enter Vietnam. As a UK passport holder I didn't need said visa. After arguing the toss backwards and forwards with both airlines, Batik Air finally agreed that it was their error and they would reimburse me my extra expenses, some 850 dollars in all, provided Etihad Airways provided an RAA (Refund Application Authority). Etihad are refusing to provide this for some reason known only to Etihad. They really must be one of the world's worst airlines. They will certainly never see another cent from me.",3.0,3.0,3.0,3.0,1.0,3.0,1,no,Couple Leisure,Economy Class,Barcelona to Da Nang via Abu Dhabi,March 2025,0,-0.9524
etihad_airways,19th December 2025,E Gale,1,True,"✅ Trip Verified |   Never fly with this airline. We had an 18-hour flight, and Etihad staff confiscated our power bank that cost $100. We have traveled with this power bank many times, on different airlines and to many countries, and never had a single issue — only with Etihad. The power bank was not damaged, not defective, and fully compliant, yet it was simply taken away without any alternative solution. As a result, we lost $100 and were left without any power for our phones during an 18-hour flight. This is completely unacceptable and extremely frustrating. A long-haul flight without phone battery is not just inconvenient, it’s stressful. Very disappointing experience.",1.0,1.0,1.0,1.0,1.0,1.0,1,no,Family Leisure,Economy Class,Seoul to Tel Aviv via Abu Dhabi,December 2025,0,-0.9342
etihad_airways,17th December 2025,Rohith Jayawardene,9,True,"✅ Trip Verified | While flying economy on the Dreamliner with Etihad is not an exceptionally pleasurable experience, in Business Class it's a whole other level altogether. Despite the 1x2x1 layout, I purposely chose a window seat, as it offers a little more privacy. I also do like the larger windows on the 787, although the blinds came down being on a night flight. The seat is exactly the same as in their A380s, fully flat for sleeping, with extra features like lumbar support, firmness and massage facility. The cabin crew on both flights were extremely professional and friendly, addressing me by name, taking my meal and drinks orders, and serving times (dine on demand service). I was also able to request drinks/cocktails not mentioned in the menu, which were perfectly blended and promptly served. From pre-departure drinks to dinner and breakfast, the service was attentive and on time. My only constant little gripe is about the E-Box IFE, which seems to have the same old stuff with little new additions. This could be, as I fly frequently with Etihad and am familiar with what's on. A couple of things were missing from my previous experiences - no turndown service anymore. However, the thin mattress provided was adequate, and I did get a couple of hours' sleep. The Espa Amenity Kit has the basic items, minus the cologne.",5.0,5.0,4.0,3.0,5.0,,3,yes,Business,Business Class,Abu Dhabi to Hong Kong,December 2025,1,0.8545
etihad_airways,17th December 2025,Rohith Jayawardene,8,True,"✅ Trip Verified |  I have always enjoyed flights on the A380s, and especially the excellent cabin layout and on-board service. However, on my last two trips, there was a slight drop on the service front. On the outbound night flight, the cabin was full, and the dining had got to a poor start. After a long wait, pre-dinner drinks were served with nuts (not warm). I don't know whether there were fewer cabin crew, but the couple I saw were frantically pacing up and down to serve dinner. Following my starter, I had to wait for 35 minutes for the main course - Braised Beef, which was only slightly warm. The drink I requested with my meal was also forgotten. Moving to the small lounge later on, I was able to help myself to a drink, and coffee which was served promptly. Later on, I was also served with my favourite snack - the steak sandwich. The flight was comfortable in both directions, and I was able to get a few of hours of sleep. A couple of things I noticed have also changed. There was no 'Food and Beverage' service that you could directly order from the IFE (I was told that this was a temporary issue). The cold towels also did not come on a tray, instead it was provided in a small sealed pack, which lacks that personal touch. And one last thing - the amenity kit placed on my table had already been opened, and two items were missing.",5.0,3.0,4.0,3.0,5.0,,3,yes,Business,Business Class,London Heathrow to Abu Dhabi,December 2025,1,0.0163
etihad_airways,17th December 2025,S Gallo,1,False,"Not Verified |    Horrible experience. Booked to try their stopover program, to get a reply just after a booked that they were fully booked in all their hotels. After ignoring all.my request, since wasn t anymore point for me to spend 75 hours in Abu Dabhi i ve been ask to pay over 300 usd of just penalty to change the flight to have a shorter layover. Costumer service horrible, and never will fly again",1.0,1.0,1.0,1.0,1.0,1.0,1,no,Couple Leisure,Economy Class,Bangkok to Rome via Abu dabi,December 2025,0,-0.775
etihad_airways,16th December 2025,C Hee,8,True,"✅ Trip Verified |  Overall quite good. The seat, mattress and duvet were all copmfortbale. They offer dine on demand which is much more convenient. The cabin crew were very attentive.",5.0,5.0,4.0,5.0,5.0,5.0,5,yes,Solo Leisure,Business Class,Abu Dhabi to Hong Kong,December 2025,1,0.4005
etihad_airways,15th December 2025,Sandra Harb,1,True,✅ Trip Verified |   They broke my husband’s TUMI luggage (it was even wrapped) and refused to compensate; There way a lot of incoming and outgoing emails with zero outcome; so unprofessional.,1.0,1.0,1.0,1.0,1.0,1.0,1,no,Couple Leisure,Economy Class,Beirut to Abu Dhabi,November 2025,0,-0.793
etihad_airways,15th December 2025,L Hee,5,True,"✅ Trip Verified |   Disappointing airline. The flight started with a nearly three hour delay that caused significant inconvenience. The cabin crew was rude and not caring. The seat was good and they offer earplugs, eyemasks and lotion to passengers.",4.0,1.0,3.0,3.0,1.0,3.0,4,yes,Solo Leisure,Economy Class,Hogng Kong to Abu Dhabi,December 2025,1,-0.8372
etihad_airways,13th December 2025,Summer Basharat,2,False,"Not Verified |  I traveled through Etihad airlines from Colombo to Islamabad via Abu Dhabi along with my sister. Our flight was cancelled delayed and rescheduled several times, no food provided nor any hotel stay by Etihad. I am trying to contact through Etihad whatsapp but it's AI so system is replying regular systematic messages, Etihad chat is not accepting my name saying ""invalid input"", and no response from Etihad email. We are disappointed.",1.0,1.0,1.0,1.0,1.0,1.0,1,no,Couple Leisure,Economy Class,Colombo to Islamabad via Abu Dhabi,November 2025,0,-0.9057
etihad_airways,13th December 2025,Dila Cuhadar,1,False,"Not Verified |  This was genuinely the worst travel experience of my life. On what is supposedly one of their most popular flights, the airline overbooked by about ten passengers, and I was forced onto an alternative route that added 10 extra hours to my journey. I then had to wait at the transfer desk for three hours, along with dozens of other stranded passengers. People were crying, there was no water provided, and only two staff members were trying to handle what felt like around a hundred cases. The situation was completely chaotic and incredibly stressful. I’ve since started a claim regarding what happened, but so far no one has responded to me. Based on my experience, I will be telling everyone I know to avoid this airline at all costs.",1.0,1.0,1.0,1.0,1.0,1.0,1,no,Solo Leisure,Economy Class,Trivandrum to London via Abu Dhabi,November 2025,0,-0.918
etihad_airways,12th December 2025,Dhanoop Jose,2,False,Not Verified |  I booked a basic ticket from New York for January 8th with a return on January 18th. It was only days after booking that I realized the fare included only a 7kg carry-on. I had to pay an additional $200 for each leg for a checked bag. Lesson learned.,3.0,4.0,3.0,4.0,4.0,3.0,1,no,Solo Leisure,Economy Class,New York to Cochin via Abu Dhabi,December 2025,0,-0.1027
etihad_airways,8th December 2025,Tomer Noiman,1,True,"✅ Trip Verified | Had a terrible experience with Etihad. Food was Ok. However, the return flight was delayed, and ALL the luggage on the plane did not arrive at Tel Aviv. This was made worse when I was forced to check my trolley due to a lack of space on the flight. I arrived at Tel Aviv without a toothbrush or a change of underwear, and I had an extremely important conference the next morning. I bought everything I needed, assuming Etihad would reimburse me. Of course, I kept the invoices and filed a proper lost luggage complaint. The luggage arrived two days later. Then Etihad claimed I was not entitled to reimbursement because my luggage was eventually found, and I was in my home country anyway. It should be noted - I live in Eilat, not Tel Aviv. Telling me I don't deserve reimbursement because I was in my home country is like telling a New Yorker staying in Boston that they could just go home and pick up a change of clothes. It's a 4-5 hour drive. I canceled all future flights with the airline. Don't go for the low prices, they come with low-quality care.",4.0,4.0,2.0,2.0,1.0,3.0,1,no,Solo Leisure,Premium Economy,Tokyo to Tel Aviv via Abu Dhabi,November 2025,0,-0.9005
etihad_airways,7th December 2025,S Saiyed,1,False,"Not Verified |  When flying with Etihad on a basic economy ticket, passengers are not allowed to bring any luggage for free. This means that if you want to bring a bag, you have to pay a fee of $200 for each one. My mother had to pay this amount when she traveled yesterday, but the receipt she received said it was for excess baggage charges, which was confusing. The staff member who helped us was very rude and unhelpful.",1.0,1.0,,,1.0,,1,no,Solo Leisure,Economy Class,New York to Ahmedabad via Abu Dhabi,December 2025,0,-0.8196
etihad_airways,1st December 2025,H Neitsen,1,True,"✅ Trip Verified |   After many years of flying Germany-Australia with Etihad we had to cancel tickets in 2022 due to a death in the family. Despite providing all the required documentation, hundreds of phonecalls, emails and chats later we still have not received the refund. Twice we were contacted to say that the refund had been approved if we send the documentation again which we immediately did. The constant reply over the years of ""thankyou for your patience"" is extremely frustrating. A warning to others whose plans may change, don't fly Etihad.",,,,,,,1,no,Couple Leisure,Economy Class,Frankfurt to Sydney via Abu Dhabi,November 2025,0,-0.8384
etihad_airways,22nd November 2025,J Harris,1,True,"✅ Trip Verified |   Before booking, I contacted Etihad to confirm the Guest Miles needed to upgrade our Abu Dhabi to Sydney flight. Their live-chat team confirmed in writing that the upgrade for two passengers would cost 100,000 miles in total. Based on that assurance, I transferred the miles immediately. I acted exactly as Etihad told me to. Then Etihad quietly increased the requirement to 160,000 miles, without any warning or acknowledgment, and the customer service nightmare that followed was unlike anything I’ve experienced. Instead of owning their mistake, Etihad began an endless cycle of delays, avoidance and scripted replies; behaviour that felt deliberately designed to push me to the point of exhaustion. Across months of emails, messages, and social media DMs, I received nothing but the same lifeless automated line: “We understand that you are looking for an urgent update on your case. Rest assured the team is doing their best and will share the outcome with you once they have fully investigated it.” Different agents, different days, but always that identical, robotic message. It became painfully obvious that nobody was “investigating” anything. Nobody was reading the case notes. Nobody was acknowledging the written upgrade confirmation I was given. And nobody was willing to escalate or take responsibility. It was as if Etihad had one strategy: ignore the problem until the customer collapses from frustration. Because of Etihad’s deliberate delays, the upgradeable seats that were available at the time of the miles transfer disappeared. That delay had extremely real consequences. Etihad even credited the flight miles incorrectly; 3,753 instead of 8,750, forcing me to chase yet another avoidable error. And again: no explanation, no ownership, no urgency - just more empty reassurances that someone “was looking into it.” What stood out most was the complete absence of transparency. Etihad repeatedly attempted to reframe the issue as a matter of seat availability, refusing to acknowledge the core problem: Etihad gave a confirmed price, induced the transfer of miles, changed the rate afterwards, and then delayed so long that the original inventory disappeared. At no point did any staff member take a moment to understand what had actually happened. It felt like dealing with a brick wall programmed to say “we’re sorry for the inconvenience” without ever meaning it. Even when miles-upgradeable seats later became available on the return leg, Etihad still showed no willingness to offer even a modest gesture of goodwill.",1.0,3.0,1.0,2.0,1.0,2.0,1,no,Couple Leisure,Economy Class,Abu Dhabi to Sydney,November 2025,0,-0.9559
etihad_airways,22nd November 2025,R Karmatasan,5,True,✅ Trip Verified |    Traveling on my return flight from London to Bangalore via Abu Dhabi and ticket is booked on Etihad Airways. I discovered on the return flight back to Bangalore that the travel leg from Abu Dhabi to Bangalore will be on Akasa Air flight. The seat selection was not possible for this Abu Dhabi to Bangalore Akasa Air flight at the time of the check-in and I was told at London airport that they could not do it either due to the Akasa Air thing and that a middle seat was automatically allocated - which I hate the most. I was also told that the seat selection can be changed at the departure gate in Abu Dhabi. The flight was delayed by three hours and when the personnel arrived at the gate - not possible to change seats and the flight is full. The seats in the B737 max were very narrow and not fit for an international flight and being in the middle seat made it too squeezed.,2.0,3.0,2.0,2.0,3.0,,2,no,Business,Economy Class,London to Bangalore via Abu Dhabi,November 2025,0,-0.7724
etihad_airways,21st November 2025,DESI Sumadio Madsedio,1,True,"✅ Trip Verified |   They gave us an unbelievably terrible experience. The ground staff in Madinah were arrogant, rude, dismissive, and unhelpful. We were traveling with a group for Umrah, including 11 family members, with a baby, young children, and elderly parents. They intentionally placed the baby far away from the parents, and the children and elderly were also scattered in seats far apart. When we asked for help to put us together, especially the baby and young kids, they refused to care at all. Only after we raised our voices and got angry did the airport manager finally step in to help. From check-in onward, every ground staff member acted arrogant and full of themselves, as if we were a burden. They behaved like we didn’t even pay for our tickets. Your entire business is nothing without customers. Show some respect and provide proper service. Even the cabin crew acted cold and detached, no warmth, no hospitality, nothing you would expect from a professional airline. I will never fly with Etihad again.",2.0,1.0,2.0,3.0,1.0,2.0,1,no,Family Leisure,Economy Class,Madinah to Medan via Abu Dhabi,November 2025,0,-0.8585
etihad_airways,20th November 2025,T Maston,1,True,✅ Trip Verified |   Everything happened on ground in AUH. Lounge crew assigned me for a gate change C38 at end of terminal. I double checked and it was confirmed so. When I reached that gate it was a flight to Lahore ! My flight changed again to gate B26 which is completely opposite the other site of the airport and far to reach. As a consequence I missed my flight and stayed in AUH for 7 h more! I confront ground staff with their mistakes but the only thing they do is say that it’s not their mistake and they assigned me for business class lounge again and have to wait. I will not recommend this airline.,3.0,4.0,4.0,3.0,1.0,2.0,1,no,Solo Leisure,Business Class,Bangkok to Jeddah via Abu Dhabi,November 2025,0,-0.508
etihad_airways,17th November 2025,Tomas Ficza,1,False,"Not Verified |    Even though I booked the flight well ahead they told me it was full and I can't fly. Every staff member at the airport told a different story and told me to go ask someone else. Shockingly, one member told me, that I should have paid for extra seats and I would be on the plane. Very unprofessional, noone knows what to do and I'm sitting at the airport waiting for some information.",,,,,1.0,,1,no,Solo Leisure,Economy Class,Abu Dhabí to Prague,November 2025,0,-0.4927
etihad_airways,7th November 2025,M Reynolds,3,True,"✅ Trip Verified |   The flights left and arrived on time, but service from cabin crew was 1.5 star. They seemed to have no clue what even minimal polite service should be, and I don't think I saw any of them smile. I will happily pay more next time for a different flight experience.",3.0,1.0,2.0,2.0,4.0,,3,no,Solo Leisure,Economy Class,Delhi to Atlanta via Abu Dhabi,November 2025,0,0.6956
etihad_airways,5th November 2025,Eva Rohlfes,1,False,"Not Verified | We flew with Etihad this spring and our stroller got lost on the way back home. Since then, it took me several hours to fill out all the forms and evidence. They make it almost impossible for you to get to the point where they offer you a refund. I managed to get there, but even then there is no direct e-mail adress or a direct person you can contact. I had to use the chat on their homepage to get some information, but they never give you a direct e-mail adress. So I filled out the form with my bank details and signed it, but at the end I always get an error code, but the system doesn't show you what is the error. Now I get reminders every few days that I have to fill out the form, otherwise the refund link will expire. The Email adress is a no reply e-mail. When I wrote to the Feedback Email I got an e-mail back that no one will read it or reply. So I used the chat again and they told me, I should not worry and the manager of the claim will contact me. No one contacted me and there is no way to reach them. Of course they do this on purpose and hope that you will give up at some point. This kind of behavior should be forbidden by law. First they lose your stuff, then they make it impossible to get back your money for it. I have spent about 6 hours to try to solve it and it is still unsolved. My frustration is endless and I am so mad at them.",1.0,1.0,1.0,1.0,1.0,1.0,1,no,Family Leisure,Economy Class,Singapore to Frankfurt via Abu Dhabi,March 2025,0,-0.9842
etihad_airways,2nd November 2025,J Kean,1,True,"✅ Trip Verified |   Etihad lost the bags for the entire business class for two hours after landing. I had an Airtag in my bag, so I knew it was in Boston, and it just sat on the tarmac. There were no Etihad people to talk to, no one who would bring the bags the final 100 yards to the baggage claim, no one to say they were sorry. After traveling for 20 hours and paying for a a business class ticket that includes priority baggage, this was ridiculous. The level of service here is inexcusable. Etihad refused to offer even a discount on a future flight.",3.0,3.0,3.0,3.0,1.0,1.0,2,no,Business,Business Class,Doha to Boston via Abu Dhabi,October 2025,0,-0.8979
etihad_airways,30th October 2025,C Marbin,1,True,"✅ Trip Verified |   We had a connecting flight from Osaka to Warsaw via Abu Dhabi, where upon arrival, our second connecting Etihad flight was delayed by an additional 5 hours. There were three of us, and it was the middle of the night. The airline only offered a meal voucher. We could sleep on the airport seats. Upon returning, I filed a complaint demanding compensation for EU law, which is €600 per person. The airline responded that they were outside the EU, only landed at an EU airport, and issued a $100 voucher. There was no further response to the complaint for days. Be aware that if you buy tickets with them, you will only receive a small handout in the event of delays.",3.0,2.0,2.0,4.0,1.0,5.0,1,no,Family Leisure,Economy Class,Osaka to Warsaw via Abu Dhabi,September 2025,0,-0.8176
etihad_airways,28th October 2025,Ritz Bayanin,1,True,"✅ Trip Verified |    The flight was operated by Wamos Air. Cabin crew are not friendly! Skipped a meal for us and didn’t even apologise. Bathroom stinks! It seems like they are not cleaning and maintaining the cleanliness. If I only knew that this is not the real Etihad, I will not book a flight. There’s a very big difference between Wamos and Etiha. Such a poor service with Wamos air. Will never book this airline again.",1.0,1.0,2.0,1.0,1.0,,2,no,Solo Leisure,Economy Class,Manila to Abu Dhabi,October 2025,0,-0.4959
etihad_airways,26th October 2025,Michael Britton,5,True,"✅ Trip Verified |   Fantastic trip from LIS to AUH, excellent service. From AUH to BKK a nightmare. Had to beg for food and wine. Ordered breakfast but when I asked where it was, I was told it was 'too late' Problem with these airlines is they can treat you really badly, but there is no recourse.",5.0,3.0,5.0,5.0,5.0,5.0,4,no,Couple Leisure,Business Class,Lisbon to Bangkok via Abu Dhabi,October 2025,0,-0.5775
etihad_airways,18th October 2025,A Harsana,1,True,"✅ Trip Verified |  My Etihad flight was delayed for more than 7 hours, causing me to miss my connecting flight. Despite being entitled to compensation under airline regulations, Etihad has been avoiding responsibility for over two months. I’ve received only repetitive automated emails asking to “check bank details,” even after providing verified information multiple times. On top of that, I faced rudeness and complete indifference from the airline’s staff during the delay. This experience showed an alarming lack of professionalism and respect for passengers.",1.0,1.0,1.0,1.0,1.0,1.0,1,no,Business,Business Class,Lisbon to Jakarta via Abu-Dhabi,August 2025,0,-0.8629
etihad_airways,18th October 2025,H Nasulev,1,True,"✅ Trip Verified |    Our flight was delayed over five hours, and despite being entitled under local law to accommodation and having written confirmation we were left stranded with no hotel and no real assistance. The customer service was shockingly poor. After submitting detailed feedback about the lack of hotel accommodation, the lack of support, the airline ignored all of it and simply closed the case without addressing any of the issues.",2.0,1.0,2.0,2.0,1.0,1.0,1,no,Family Leisure,Economy Class,Seychelles to Tel Aviv via Abu Dhabi,October 2025,0,-0.9203
etihad_airways,12th October 2025,L Han,1,True,"✅ Trip Verified |   First time flying Etihad and will be last. As others have stated the delays and service are simply awful. Our flight was delayed by 3.5 hours for a less than 1 hour flight. According to flight aware the plane has not left the previous destination when we checked in but it wasn't until about 2 hours to boarding that I received an email for the delay. After reaching new gate assignment there were no Etihad personnel other than an agent from previous flight. About 100 passengers were waiting and asking for clarification but none was given other than it's delayed. That agent received tons of pressure from pissed off passengers although not warranted but justified given Etihad never sent a qualified agent or supervisor but simply let passengers to fend for themselves. Mind you this is at AUH their home hub and there are no planes substitute for the short 1 hour flight which is hard to believe. Not to mention the number of personnels walking, talking and sitting around through terminal and no one cared or told to do anything. Eventually I spoke to someone who directed me to the transfer desk for more information. Now the transfer desk is OUTSIDE security how idiotic can you be to direct passengers there. When I did reach the desk there were about 100 people in line and another 100 people in the room waiting. What a ridiculous setup and direction. Gave up and went through security again in case the flight got moved up and received another email the Etihad will compensate for food and drinks. No instructions on how to use and still no one around cared to explain what and how to redeem. Since I've already spent my own time and money to purchase items the compensation was too late. After chatting with Etihad agent online was told able to redeem at food court so decided to test. The closest vendor said food orders will take 30+ mins as many are ordering. So I inquired about the premade sandwiches in case and she said they they are not of the reimbursement. Then I asked for a bottle of sparkling water and again was told only some soda and juice are allowed. Instead of typical $10 to use Etihad has the process where it's almost impossible to redeem. The food agent felt sorry that I wasn't able to redeem for anything I asked decided to give me the bottle as I'm not asking for food. If Etihad agents would simply get off their butt and face passengers to offer assistance they will understand the situation like the food vendor. But instead they chose to let others deal by sending passengers other way. Also the food vendor never asked for my boarding pass like the Etihad email stated as she clearly senses the emotion knowing I'm not some guy from a different flight looking for free food and drinks. They should look at their neighbor Qatar for improvements.",4.0,3.0,3.0,,1.0,,1,no,Family Leisure,Economy Class,Abu Dhabi to Doha,October 2025,0,-0.9097
etihad_airways,12th October 2025,D Bawtir,1,True,"✅ Trip Verified |   Worst customer service ever. Flight from Melbourne got delayed and I knew we will miss our connection to Munich. Talking to the ground staff in Melbourne they kept reassuring me that I will make the connection (and same in the airplane after asking multiple times before landing). During the layover we had to wait 12 hours (after a 13 hours flight and 1 hour delay). The airline offered to give us a hotel room. But, the hotel is outside the airport and we needed a visa to get out. Instead of being flexible and giving us a room in the airport's hotel, they took our passports and made us wait 7 hours only to tell us we did not get a visa. During those 7 hours I talked to all representatives in the airport and at the call center. No one would reason with me and agree to grant us access to the lounge or airport hotel.  At 9 am, after being so insistent they agreed to finally give us a room at the airport's hotel. So, it was actually possible to do so.",3.0,3.0,2.0,4.0,1.0,,1,no,Couple Leisure,Economy Class,Melbourne to Munich via Abu Dhabi,October 2025,0,0.844
etihad_airways,7th October 2025,Bart Nanya,1,False,"Not Verified | My parents wanted to change their flight to a few weeks earlier. I went on the Etihad website, and everything went smoothly — I could easily arrange it myself. I found a flight, and that’s the one we agreed to book. The price difference was about €450 in total — that’s after subtracting the value of the original tickets, adding the fare difference and the rebooking fees. So for two people, the total came to around €450 or slightly less. When I went to continue to the payment page, I noticed that my mother’s surname had one extra letter by accident. Before paying, I decided to contact Etihad through chat, and they were able to fix it for me right away. That part went smoothly. After that, I tried again to rebook the flight — and that’s where the problems started. The website kept giving error messages saying I had to contact support or try again later. I waited and tried again several times, but it just didn’t work. I also chatted with Etihad, but that was difficult because the chat system somehow stopped letting me connect with an agent. I waited until the next day, thinking maybe it was just busy. I had already cleared my cache and browsing history, as they later told me to do, but nothing worked. The next day, I tried again — still the same error. I even tried on other browsers, on my phone, on a laptop, and on another laptop — always the same error message. Now, 24 hours later, I finally managed to speak to a live agent again. I got through by asking different questions in the chat. The agent was able to find the same flight I had tried to rebook earlier. But now, suddenly, it wasn’t €450 anymore — the rebooking cost had jumped to €1100. That was strange, because they’re supposed to subtract the value of the original ticket from the new one. The agent said, “Yes, but it’s still €1100.” That would mean the new tickets would have to cost around €1700 in total, which didn’t make sense. I quickly checked on Skyscanner and found the exact same Etihad flight for €1000 total for two people — not €1100. I pointed that out, but the agent just said, “I don’t know either. This is the price difference I can offer you.” I said that was strange, because the ticket became 2.2 times more expensive in only 24 hours. She kept repeating that there was nothing she could do. Its weird that she also said that the price was adjusted with our old tickets while a new ticket is even cheaper than the adjusted price. I am really, really disappointed in Etihad, and I honestly wouldn’t recommend anyone go through this process. You get taken advantage of right in front of your eyes. how is this even allowed. I personally fly a lot with my family and will never ever fly with Etihad ever again.",,,,,,,1,no,Couple Leisure,Economy Class,Colombo to Amsterdam,October 2025,0,-0.655
etihad_airways,5th October 2025,Samir Garg,2,False,"Not Verified | I had booked a flight for my wife from Mumbai to London on Etihad Airways for the 3rd of October & return on 13th of October. The fare booked did not have a check-in luggage included & nowhere on their website were we able to add the check-in luggage. On contacting the airline, we were told that the check-in luggage cannot be added in advance & we will need to do the same at the counter. On enquiring about the cost, we were told that the cost for the luggage would be max. 200$.  On reaching the counter for the Check-In, we were informed by the staff that it will cost us Rs. 55,000/- (USD 650$) for check-in bag weighing 20 Kgs. This was ridiculous, but even after arguing with their manager for an hour, they did not even budge and we had to pay that amount. Next day I talked to Yatra & my travel agent to cancel the return flight so that I can book another flight, but was informed that the cancellation fees is 100% & I will not get any refund, nor can I upgrade the ticket to a higher class which will include the luggage.",2.0,2.0,2.0,2.0,1.0,2.0,1,no,Couple Leisure,Economy Class,Mumbai to London via Abu Dhabi,October 2025,0,-0.8151
etihad_airways,5th October 2025,S Marney,1,True,✅ Trip Verified |   I wish I had read the reviews. Was absolutely surprised to see that lounge access is not allowed to Business Class passengers. First experience traveling in Business Class for last 30 years. The crew was very polite but not professional. Service was less than poor.,2.0,1.0,1.0,3.0,3.0,1.0,1,no,Business,Business Class,Toronto to Bangkok via Abu Dhabi,October 2025,0,-0.3151
etihad_airways,29th September 2025,P Hayne,3,True,"✅ Trip Verified | This airline sells business class tickets without lounge access. So really this is an over priced premium economy product. ($11500aud). Food choice mediocre, service slow, bleak 777 cabin. I would expect more for my money. Will not fly with this airline again.",3.0,2.0,1.0,2.0,2.0,2.0,2,no,Solo Leisure,Business Class,Sydney = to Manchester via Abu Dhabi,September 2025,0,0.0
etihad_airways,25th September 2025,A Takla,1,False,"Not Verified | Our experience with Etihad was nothing short of terrible. Our flight from Lisbon to Abu Dhabi was delayed, which caused us to miss our connection to Melbourne. Even though we arrived at the gate about 20 minutes before boarding closed, the ground staff were dismissive and unhelpful, telling us we had already been re-routed and could not board without our bags. Their lack of care and unwillingness to assist was appalling. We were then rebooked on a flight to Singapore, which was also delayed, leaving us scrambling yet again to make our next flight. Thankfully, Singapore Airlines handled the situation with professionalism—meeting us at the terminal, escorting us to our connecting flight, and even delivering our baggage (which Etihad failed to transfer) to us the following day. The contrast could not be clearer: Singapore Airlines went above and beyond, while Etihad failed at every stage—delays, poor communication, and complete lack of customer care. What was once considered a first-class airline has clearly deteriorated. I will not fly Etihad again, and I strongly advise others to avoid them as well.",2.0,5.0,4.0,4.0,1.0,1.0,1,no,Couple Leisure,First Class,Lisbon to Melbourne via Abu Dhabi,September 2025,0,-0.5784
etihad_airways,17th September 2025,C Hamarty,2,True,"✅ Trip Verified |   No wheelchair was available at AUH despite pre-booking. As I have very low connection time, I have to walk a lot which was very painful for me AUH-CCU is code shared with Air Arabia. I was told that I will be provided meal, but no food was provided. In JFK-AUH sector, seat was very uncomfortable.",1.0,4.0,2.0,3.0,1.0,,1,no,Solo Leisure,Economy Class,New York to Kolkata via Abu Dhabi,September 2025,0,-0.8531
etihad_airways,16th September 2025,S Dawson,10,True,"✅ Trip Verified | I want to take a moment to express my appreciation for the exceptional service I received from the Etihad staff at Dublin Airport today. From the ticketing counter to the boarding area, the entire team displayed high professionalism and customer service. I encountered a staff member named Bradley at the check-in area, who exemplified excellence in her role and followed all necessary protocols. In the boarding area, I had the pleasure of interacting with Reji, who was instrumental in addressing my inquiries and assisting me and fellow travellers. I am grateful for the opportunity to share this positive experience as a gesture of thanks for the outstanding efforts of the Etihad Airlines team. Their dedication enhances the travel experience for all passengers and highlights the importance of exceptional customer service in the aviation industry.",5.0,5.0,5.0,5.0,5.0,5.0,5,yes,Family Leisure,Premium Economy,Dublin to Abu Dhabi via Colombo,September 2025,1,0.9862
etihad_airways,10th September 2025,S Gerner,1,True,✅ Trip Verified |  Etihad service is getting worse and worse. Several times we traveled with Etihad. It was ok in the past. But it is the 2nd time that my flight back from Jakarta is cancelled and changed. The first time it was ok as there was a convenient option. But this time? The flight has been cancelled and changed to be 20h earlier with 9h layover in Abu Dhabi instead of 2h. Our flight from Bali to Jakarta with Air Asia had to be cancelled. Alternatives??? Stop in Abu Dhabi and Rome? This was the last time with Etihad!,3.0,2.0,1.0,3.0,3.0,1.0,1,no,Family Leisure,Economy Class,Jakarta to Munich via Abu Dhabi,September 2025,0,-0.8821
etihad_airways,4th September 2025,Ehud Skolnik,1,True,"✅ Trip Verified | Etihad Airways: A Warning to All Travelers Don't let the ""luxury"" lie fool you. My wife and I just finished a nightmare experience with Etihad, proving that paying for business class doesn't buy you a shred of accountability. We are sharing our story so you don't make the same mistake. From a two-day baggage delay on our outbound flight to two completely destroyed suitcases on our return, our trip was ruined. But the real insult? The way Etihad’s customer service handled it. Etihad's playbook for avoiding responsibility: Claiming ""Minor Damage"": A professional luggage repair service told us our suitcases were beyond repair. Etihad’s agents repeatedly insisted the damage was ""minor."" This isn't just a lie — it's a deliberate attempt to dismiss a legitimate claim. They sold us a premium ticket and left us with useless luggage. The Impossible Demand for Receipts: Etihad demanded we provide the original purchase receipts for bags we’ve owned for years. This is a transparent, ridiculous tactic designed to make it impossible for us to be compensated. Insulting Compensation: After weeks of being ignored, we were offered a pathetic $100 for two destroyed suitcases and for the two-day delay. As if that wasn't bad enough, they offered a useless flight voucher — a credit we will never use because we will never fly with Etihad again. Etihad Airways has proven they have zero respect for their customers, especially those who pay for a premium experience. Their refusal to provide a fair resolution and their disgraceful tactics are a clear warning to everyone. This isn't a minor issue; it's a systemic failure of customer service. We have exhausted all attempts at a reasonable resolution. Consider this a public service announcement: Don't be fooled by the fancy branding. When things go wrong, Etihad Airways will not stand by you. They will lie, evade, and insult you until you give up. We refuse to.",4.0,4.0,4.0,4.0,1.0,,1,no,Couple Leisure,Business Class,Tel Aviv to Phuket via Abu Dhabi,July 2025,0,-0.9957
etihad_airways,4th September 2025,Ajaypal Singh,1,False,"Not Verified | Paid 1200 extra for extra leg room “deluxe” economy seats but was told the only way I can get them is if I have my 5 y and 7 y old children sit separately in middle seats away from me. If we wanted the kids to sit with us, only regular economy seats are available. Not sure how a 5 yo can fly 13-14 hours alone. The help desk was of absolute no help. Basically fly economy while we charged you extra for so called “deluxe economy”. Never flying with them again.",1.0,1.0,,,1.0,,1,no,Family Leisure,Economy Class,Delhi to Chicago via Abu Dhabi,September 2025,0,-0.6684
etihad_airways,3rd September 2025,H Irving,4,True,"✅ Trip Verified | The main disappointment was the ground crew, who destroyed the electric wheelchair we checked in from Tokyo and picked up in Warsaw, with a change of flights to Abu Dhabi. The wheelchair we picked up at the final airport was broken, wrapped in strings, with clips attached to the wheelchair's securing straps in the cargo hold. A complete lack of professionalism and respect for other people's property, especially for a wheelchair for a disabled person who needs one. The flight itself was relatively okay, but that was mainly due to the excellent airport staff at Tokyo and the decent service on board. Regarding the meals, I was also very disappointed because they offered a vegetarian option or chicken with rice. Wi-Fi was available on one flight, but stopped working after a while. A month earlier, on a flight in the opposite direction, the screen and entertainment system in my seat weren't working, so the flight attendant recommended contacting Etihad after landing to file a complaint. A month has passed since I filed my complaint, and Etihad hasn't responded. Overall, I'm very disappointed with Etihad Airways and I don't intend to repeat this experience on another flight. There are many other airlines with better customer service than Etihad.",2.0,3.0,1.0,2.0,1.0,3.0,3,no,Family Leisure,Economy Class,Tokyo Narita to Warsaw via Abu Dhabi,September 2025,0,-0.6345
etihad_airways,31st August 2025,Martin Ligas,5,False,"Not Verified |    Compared with other middle easter airlines Etihad seem to be a budget option, providing basic amenities to sustain their brand. We flew with Etihad last year, where during our stop in Abu Dhabi our connecting flight got delayed for over 7 hours and with the exception of a water there was nothing the airline offered to their customers. Ad hoc live customer support is basically non existent. You can chat with bots or human operators that behave like bots and give you basic excuses but not a real assistance. This year a similar story occurred once we had issues with our loyalty program membership. One can just write emails that are left without reply or use a useless chat option that lets you connect with a human being after an hour waiting. And you won't get much of help. As a carrier they might be ok, but once it gets to issues do not count on getting any assistance.",3.0,5.0,4.0,4.0,1.0,4.0,3,no,Couple Leisure,Economy Class,Vienna to Bangkok via Abu dhabi,August 2025,0,0.7311
etihad_airways,27th August 2025,Thomas Corrigan,1,True,"✅ Trip Verified | I decided to fly with Etihad Airways. Never again will I do this and I want to warn others of their incompetence and neglect. My original flight plan was meant to take 16 hours. With Etihad it took over 50 hours and they lost my luggage. I booked with Etihad Airways to get me to Johannesburg airport in South Africa, from London Heathrow, with a 2 hour stop in Abu Dhabi. I paid a lot of money for this flight, over £1100. The flight left Heathrow on time and as the flight landed in Abu Dhabi they announced some passengers connecting onto Johannesburg needed to wait for assistance. I was met by an Etihad worker who instructed me I was being removed from the flight, the connection to Johannesburg that I had booked and paid for, because they had over booked the flight! How is this possible? I had to make my way to a hotel and stay there for two nights before they could book me on to the next flight to Johannesburg (which they didn’t, they instead sent me to a different country). THATS NOT THE WORST PART. After already losing a day of my holiday I had discovered Etihad Airways had booked me onto another flight but instead of flying me to Johannesburg, which was my original plan, which I had paid for, they instead sent me to Nairobi, Kenya, with a connection from Nairobi to Johannesburg. But guess what? They delayed this flight to Kenya by 3 hours, leaving me waiting in the airport with no help or assistance. In addition, this delay caused me to miss my connection in Nairobi, Kenya. Etihad left me in Nairobi airport for 7 HOURS with no food and no water, as well as no assistance or help. I got a lovely email stating they wanted to fly me to Dar es Salam, Tanzania and then on to Johannesburg. After hours of back and forth I managed to find a helpful lady who went above and beyond and booked me on a direct flight to Johannesburg. Why couldn't Etihad airways have done this?! My chaos was not over yet. After finally reaching Johannesburg over 50 hours later, Etihad airways had lost my luggage. I lost 3 days of my holiday being flown around by this incompetent airline. They finally found my bag and returned it to me 2 days after landing in Johannesburg. I strongly recommend you DO NOT fly with this airline. If this was an elderly person, or a family, I dread to think the stress this would have caused them. The airline has not been in touch, nor compensated me for any of my delays, or kicking me of my first flight when they overbooked. Its a disgrace and I want to warn others. Etihad you're a disgrace.",1.0,1.0,,,1.0,,1,no,Solo Leisure,Economy Class,London Heathrow to Johannesburg,July 2025,0,-0.9847
etihad_airways,26th August 2025,R Vish,1,False,"Not Verified | I had a flight booked from Abi Dhabi to LHR. During online check-in I was randomly assigned a middle seat (seat 47J). I paid extra money on their app to move to an aisle seat (seat 70C) as I had some pain in my legs and needed the space to stretch out. Etihad took the money from my account to move seat. When I got to the boarding gate, they issued me a boarding pass with my original, free, randomly assigned seat (seat 47J) and told me there must have been a glitch with the booking system as seat 70C had already been taken. I submitted a refund request to the feedback email address immediately after landing, but they are refusing to refund me. I've called the complaints number numerous times and have just been told there is nothing they can do, claiming I ""was given a seat in the same cabin as the one I paid extra for so its not their fault""? They've literally scammed me and when confronted just shrug their shoulders and say there is nothing they can do. I would give them 0 stars if I could.",1.0,1.0,1.0,1.0,1.0,1.0,1,no,Solo Leisure,Economy Class,Abu Dhabi to London,July 2025,0,-0.65
etihad_airways,26th August 2025,D Davis,3,True,"✅ Trip Verified | Its not a premium brand. If you go with that mind set then its fine. Else you are into a bad experience. From booking ticket to onboarding everything ended up a nightmare for us and finally decided we will not be flying through Etihad again. Most worrying part is the biggest brand, represents a country. Does it means the business is not over all good ?",3.0,1.0,2.0,1.0,2.0,1.0,1,no,Family Leisure,Economy Class,Mumbai to Dubai,August 2025,0,-0.7782
etihad_airways,25th August 2025,A Barkila,1,True,"✅ Trip Verified |   Our flight was postponed by 24 hours about a week before our vacation, which meant we had to book a new hotel, new transfers to the airport, etc. We were offered the choice of either taking the flight or canceling it. Since we had no other choice, we had to accept the new flight. At the same time, we were told to document the additional costs we incurred and then contact customer service. Spoiler alert: It didn't help us, because the explanation was, well, you accepted the flight, so there's nothing to compensate. So far, so good. So we flew back home and lo and behold: two of our suitcases were badly damaged (see pictures). We went straight to the counter to get official confirmation of the damage. We got confirmation of the damage and at that point had no idea how long it would take to resolve the issue. We were required to obtain an evaluation from a luggage manufacturer stating that the suitcase could be repaired or was irreparable. We drove to a luggage manufacturer and obtained an evaluation for €25. We weren't surprised to learn that the suitcase couldn't be repaired because the damage was too extensive. We submitted the claim and after a few days received a message saying that we would either receive $50 by bank transfer as compensation or $75 store credit, as we hadn't uploaded a proof of purchase for the suitcase. Quick side note: The airline only allows (as far as I remember) 4 uploads on the platform, which makes it extremely difficult to upload all the evidence for the claim at once. A full refund would only be possible if we uploaded the original receipt. We bought the suitcase at a small outlet on our 2024 trip to Japan and had to search for the proof of purchase for hours in old documents. We were very happy when we found the proof of purchase (29,000 yen / about 169€) and uploaded it and the evaluation again. We rejected the offer. It didn't take long for the next email to arrive, again requesting the purchase receipt and offering us $50. We thought to ourselves: Maybe they didn't see the purchase receipt in the uploads. So we called and worked with customer service on the phone to ensure that the responsible employee received the documents. Now everything was done, now we would definitely get our money back, but unfortunately we were wrong, because the next email arrived a few days later. The proof of purchase had to be “itemized” and only then could full compensation be paid out. So we spoke to customer service again and made it clear that we had already uploaded the proof of purchase. It felt like Groundhog Day, because a few days later another email from our case handler followed: The purchase receipt must be “itemized” for full compensation, and this is the final compensation offer of $50 or $75 store credit. When we read this, we fully understood what was happening: the purchase receipt we had received, the only one we still had from our trip in 2024, the only one we had ever received and had struggled to find, was not enough for our case handler. It is not “itemized” enough for him: the purchase price, the name of the suitcase company, the date, the time, the name and address of the store in Shibuya, the change money we got back. None of that is enough for him. Maybe he wants us to go back to Shibuya and get a new one? I will not recommend this airline to anyone.",2.0,3.0,3.0,4.0,1.0,2.0,2,no,Couple Leisure,Economy Class,Osaka to Frankfurt via Abu Dhabi,June 2025,0,-0.3273
etihad_airways,20th August 2025,A Hassen,1,True,"✅ Trip Verified |   As i wait in Muscat airport after 4 times getting my flight rescheduled. Their app shows that the flights latest update is at 23:50 while the screen at the airport is showing 22:25 and when i went to their helpdesk, the useless guy over there could not even provide any update. When i asked him which time is the correct one, he said : I don’t know. 4hours of delay for a 1hr trip.m. They decided to save some money by removing the screens from the airplanes and replaced them with the EBox that never works because the inflight internet doesn’t work. The flights are so packed that you can barely fit your legs. I am an Etihad gold guest and i am sorry to say that Etihad became now, in my opinion, the worst carrier that should be stripped from the title of being the national carrier of UAE.",1.0,1.0,1.0,1.0,1.0,1.0,1,no,Business,Economy Class,Muscat to Abu Dhabi,August 2025,0,-0.624
etihad_airways,20th August 2025,Luca Anselmi,9,False,"Not Verified | I fly the Rome–Abu Dhabi route on average 25 times a year, and no matter which class I travel, Etihad offers a level of hospitality and care that no other airline can match.",4.0,5.0,3.0,3.0,5.0,5.0,5,yes,Solo Leisure,Economy Class,Rome to Abu Dhabi,August 2025,1,0.2325
etihad_airways,18th August 2025,David Houlihan,2,False,"Not Verified |   Yet another poor review I am afraid for Etihad to join what appears to be the "" norm:"" looking at the other reviews. Having been a Gold member for over 14 years I have see the ups and downs of this once Iconic brand. Marketing bling versus reality is now the norm. To be brief the latest flight DUB - AUH in Business. An old tired, retro B777 aircraft is always used on the AUH-DUB route. Seat was filthy dirty - previous passengers ear plugs( clearly used) food all over the seat and floor, empty used packaging stuffed down the seats, used socks stuffed into the side of the seat. I used a number of wipes to clean the seat and surroundings which came out black with dirt. Service slow, staff cutting is obvious and they are overwhelmed - how basic is to get a pre ordered glass of wine with your meal and not have to request it a number of times? sloppy, very young crew who had to bring other colleagues from Economy to help and step in and serve. The menu if it was costed I would say cost no more than 12 euro to produce and the wines are bottom shelf. Do not charge 20,000 AED if you simply can't deliver. I have said this again and again - Etihad continue to overprice consumers originating from AUH with prices double that of Qatar Airways and frankly do not deliver. So like many Abu Dhabi residents, I will use Qatar Airways and get a better, consistent product at a competitive price even with the added inconvience of having to transit.",1.0,1.0,1.0,2.0,3.0,,1,no,Business,Business Class,Dublin to Abu Dhabi,August 2025,0,0.4838
etihad_airways,18th August 2025,P Deane,1,True,"✅ Trip Verified |   We bought our tickets in January for July travel. 4 of us in total from NRT to ATH via AUH. Due to aircraft change they downgraded 2 of us on the AUH to ATH leg. (3rd one only got a seat at the very last minute). There are no communications or alternatives, they should know well in advance if they overbooked, we only find out at the check-in in NRT that we are on standby and to ""talk to the staff at the gate"". To add insult, they offer a voucher for so call compensation that we can use for future flight or cash in. To cash in, we need to contact the call centre who will then generate a stupid link for us to input our bank details. They should refund directly to the original form of payment, what kind of poor practice is this? It's August and we are still waiting for the cash to show up in our bank. Such a low cost carrier approach. Their customer service online (chat and feedback form) are pretty poor too, you need to be a man for them to respond respectfully, if you are a woman they dismiss your message.",2.0,3.0,3.0,2.0,2.0,1.0,1,no,Family Leisure,Business Class,Tokyo to Athens via Abu Dhabi,July 2025,0,-0.8016
etihad_airways,15th August 2025,S Tomasulo,1,False,"Not Verified |   Flight EY079 on 25 May 2025 was delayed over 5.5 hours due to weather in India, arriving in Milan after midnight on 26 May,  long after public transport had stopped. I incurred $300 AUD in taxi costs. I approached Etihad’s ground staff in Abu Dhabi for assistance or alternative options, and they  refused to help. I was given was to complete an online feedback form. I submitted it multiple times, only to receive identical, generic no-reply emails each time — clearly automated — offering a $100 USD Etihad travel voucher. There is no way to reply, escalate, or speak to a real person. I accept that delays happen. But what defines an airline is not its glossy marketing, but how it treats passengers when things go wrong. In my case, Etihad demonstrated zero compassion, zero accountability, and no real customer support.",1.0,3.0,3.0,2.0,1.0,2.0,1,no,Business,Economy Class,Sydney to Milan via Abu Dhabi,May 2025,0,0.25
etihad_airways,7th August 2025,Arina Cherchik,1,True,"✅ Trip Verified | I am shocked and deeply disappointed by the way Etihad handled my flight delay. My connection was delayed by almost 6 hours, and Etihad staff in Abu Dhabi openly admitted that the delay was their fault — not due to weather, not due to any external cause. Still, they refused to provide proper care or compensation. I had to pay €170 out of my own pocket for a hotel inside the airport to get some rest, and €50 for food since the only thing Etihad provided was a “meal” consisting of two eggs and a glass of cola. Yes — for nearly 6 hours of delay, they claim this is “enough”. On top of that, because of this delay, I missed important evening plans and had to rebook a hotel and pay for a taxi upon arrival, which I wouldn’t have needed otherwise. Total chaos, totally on Etihad — and they just shrugged and said it’s not their problem. This was not my first flight with Etihad — but definitely the last. The way they treat their passengers with such indifference and arrogance is absolutely unacceptable for an airline that claims to be premium. Etihad, if you want to call yourself a 4- or 5-star airline, start by treating stranded passengers like human beings — not like cattle.",2.0,1.0,1.0,1.0,1.0,1.0,1,no,Business,Economy Class,Zurich to Moscow via Abu Dhabi,August 2025,0,-0.8566
etihad_airways,27th July 2025,Zahid Islam,1,True,"✅ Trip Verified |   Etihad has recently disappointed me continuously and I will never fly with them again. As a silver member, I no longer receive a different type of Welcome back greeting from the crew. I no longer have a crew member come looking for me during the flight and get asked if everything is alright and if I need anything. The food in economy is terrible and they have also become stingy and the bare minimum amount of food is served. Your tissue is also your napkin! The Etihad lounge at Abudhabi is equally bad. The same food gets prepared everyday. For breakfast, they were serving South Indian food for some reason! Stopover programs only includes Premier Inn now. Previously, I stayed at WTC Marriott. It is a shame but Goodbye Etihad.",3.0,1.0,1.0,1.0,2.0,1.0,1,no,Solo Leisure,Economy Class,London to Muscat via Abu Dhabi,July 2025,0,-0.7379
etihad_airways,25th July 2025,C Mee,2,True,"✅ Trip Verified |   My family flew with them end of June with all 3 of us in business class. Not only did they change our flight timing twice (with once close to the departure date and no email informing us of the flight change), they also lost one of our checked in luggage. After lodging the lost baggage report at the airport, numerous chaser emails and chats, it took them more than 28 days to say it was not their problem and that I should have bought travel insurance.  My fault for believing I paid for a premium product and got treated like I was on a budget airline!",3.0,3.0,3.0,3.0,2.0,3.0,2,no,Family Leisure,Business Class,Singapore to Lisbon via Abu Dhabi,June 2025,0,-0.6167
etihad_airways,25th July 2025,Michael Magerkurth,4,True,"✅ Trip Verified | Chaos and nonsense. I had one fantastic team member, but everything else on this leg of my flight was way under my expectations of value for money, and value paid for a Business Class ticket. In the fantastic lounge it was announced that boarding would start, from the lounge, from the second floor, then the nonsense started. No crew/staffing, no direction, no  help, no signage. I asked for guidance, none. Then boarded, no help, no kindness, no service...until one staff member noticed my frustration 1.5 hours into the flight. I explained that previous members had promised help and been changed around. I talked to the purser, he said there would be a report, customer service, nothing. I called, wrote and got even more promised....we will check on this. Very poor experience, very poor communications.",2.0,1.0,1.0,,3.0,,1,no,Business,Business Class,Abu Dhabi to Singapore,June 2025,0,-0.4612
etihad_airways,25th July 2025,Erhan Gogebakan,2,True,"✅ Trip Verified |  Etihad ruined the first 2 Days of our honeymoon. On July 21, 2025, we were supposed to fly from Istanbul to Abu Dhabi on flight EY544, then connect to EY414 to Phuket. Due to a delay with EY544, we missed the connecting flight — it departed without us. We were stuck in Abu Dhabi for 1 night and 2 full days, losing the first 2 days of our honeymoon. T They only provided a hotel in Abu Dhabi, but there was no real compensation, no sincere apology, and no effort to make up for the time we lost. I contacted Etihad by email multiple times and asked, at the very least, to postpone our return flight by 2 days so we could recover part of our lost time — but there was no helpful response. I expected much better from an airline like Etihad. This experience has been hugely disappointing, and I feel completely ignored as a customer.",4.0,5.0,4.0,2.0,2.0,2.0,2,no,Couple Leisure,Economy Class,Istanbul to Phuket via Abu Dhabi,July 2025,0,-0.9776
etihad_airways,23rd July 2025,E Balsayen,1,True,✅ Trip Verified |  Avoid this airline at all cost the customer service is terrible. They don’t care about the well-being of their customer me and my two daughters 11 and 12 years old we’re scheduled to fly to Beirut with the news of a war breaking out I reached out to reschedule or cancel my flight or get a credit for future bookings. I emailed and called over and over again never received a response was not allowed to speak to a supervisor while. Absolutely no customer service,,,,,,,1,no,Family Leisure,Economy Class,Chicago to Beirut via Abu Dhabi,June 2025,0,-0.7574
etihad_airways,22nd July 2025,Rana Alsaleh,1,True,"✅ Trip Verified |   On May 2, 2025, my 73-year-old mother traveled in Business Class with Etihad Airways. What should have been a comfortable flight turned into an ordeal that has been both shocking and infuriating. During the flight, my mother’s phone became stuck between the seats. She informed the cabin crew, who made an attempt to retrieve it but were unsuccessful. Instead of ensuring the phone was safely returned to her, the crew instructed her to leave the aircraft without it, assuring her that it would be located and returned on the plane’s next trip to Toronto. This was a deeply concerning decision, but it only got worse from there. My elderly mother was traveling alone, did not speak English, and was left stranded at the airport without her phone, without any contact information, and without anyone to help her. She was unable to reach me or anyone else in a foreign country.  Losing the phone wasn’t just inconvenient, it posed a serious privacy and security risk.  We submitted a Lost and Found report immediately after the flight and followed up multiple times via phone and email. After two months of waiting and hearing nothing, we finally received an email on July 8, stating that after contacting the crew and the maintenance team, the phone was not found on the aircraft. This response is unacceptable. Etihad made promises, gave false hope, and then simply failed to take responsibility. There has been no apology, no compensation, and no real effort to rectify the situation.",1.0,,,,1.0,,1,no,Solo Leisure,Business Class,Abu Dhabi to Toronto,May 2025,0,-0.9652
etihad_airways,20th July 2025,Melissa Wade,1,True,"✅ Trip Verified |   Terrible flight. Booked a premium economy flight (extra legroom) with Etihad. Flight was to be operated by Etihad at time of booking. Discovered at Madrid airport that the flight was to be operated by Air Europa and that seats with extra legroom were unavailable. Sat in a seat with no legroom, not an aisle as booked for 6.5 hours on an overheated plane with grumpy Aireuropa staff. Made a complaint to Etihad post flight. No compensation or apology. Apparently it’s all in the fine print on the booking that you can pay extra for legroom on an Etihad flight and end up with none on an Air Europa flight. Don’t be fooled. I’ll never fly with them again.",1.0,1.0,2.0,1.0,1.0,,2,no,Couple Leisure,Premium Economy,Madrid to Abu dhabi,July 2025,0,-0.8764
etihad_airways,19th July 2025,R Karsen,5,True,"✅ Trip Verified |   What an abysmal experience. The airplane was a very old 777-300 with an outdated inflight entertainment system. The touch screen had a 2cm discrepancy and could not be used by touch. The remote did work, but not very well. The seat recline was super hard to manage. The food was fine, and they did 2 services on a 6hr flight. The cabin staff was severely lacking. Next to me sat a passenger with a horrendous bodily odor. We sat four abreast; husband, child, wife and me. I spoke to the cabin staff and they told me the flight was fully booked so they could not reseat me. Okay, too bad. I then asked if they could talk to the passenger about her odor, or perhaps ask her to switch places with her husband. The cabin staff refused to help me. They told me its forbidden by Etihad/Senior Purser to confront passengers in these situations.  Its appalling to be treated like that, what a poor show.",3.0,1.0,4.0,1.0,5.0,1.0,3,no,Family Leisure,Economy Class,Amsterdam to Phuket via Abu Dhabi,July 2025,0,-0.9628
etihad_airways,17th July 2025,Rasa Monazzahian,1,True,"✅ Trip Verified |   I’ve flown with Etihad many times before and never had an issue — until now. I booked a ticket from Phuket to Yerevan through a third-party site. At no point during booking or online check-in did it mention that checked baggage wasn’t included. No baggage option appeared at check-in either. I’ve traveled with Etihad just last month to London with a 30kg baggage allowance. So imagine my shock when I arrive at Phuket airport and they tell me I have to pay $370 for a 15kg bag.  After arguing for 30 minutes, the check-in staff finally said, “I’ll help you — go buy a small bag and remove 7kg, then I’ll charge you 4,000 baht for the rest.” So I did exactly that. I bought a hand luggage bag, took the time to reorganize my stuff, and came back. Then the same staff member changes his mind and says he “no longer wants to help me” because I had previously argued with him. And now I have to pay another $260, even after buying a bag and removing weight! In the end, my one-way ticket with only 8kg of checked baggage cost me over $1,100. Unbelievable. Etihad used to be a decent airline, but this was disgusting customer service and absolutely unprofessional behavior. There was no transparency, no help, and no respect. I will never fly with Etihad again and will warn everyone I know to avoid them.",1.0,1.0,1.0,1.0,1.0,1.0,1,no,Solo Leisure,Economy Class,Phuket to Yerevan via Abu Dhabi,July 2025,0,-0.9718
etihad_airways,16th July 2025,Ivo Lojda,1,False,"Not Verified | The worst experience. I bought flights from Vienna to Male. We missed flight from Vienna because of crazy traffic. When we came to airport the check in was closed. No possibility to contact Etihad-airways via App the chat couldn't contact you with operators. We bought new tickets and fly to Male. When we wanted to make check-in back, we never been able to find our reservation. After 4 (four!) hours we contacted operator and they told us, that our flight back was declined via Etihad-airways because we didn't use first flight to Male. If we wanted to use our flights tickets back we should have to buy twice value more than we paid in advance. Pay",1.0,1.0,1.0,1.0,1.0,1.0,5,yes,Family Leisure,Economy Class,Vienna to Male via Abu Dhabi,June 2025,1,-0.8478
etihad_airways,10th July 2025,R Barter,2,True,"✅ Trip Verified |   Flights were fine, customer service team are terrible. I recently flew business class return from Bangkok to London via Abu Dhabi. On my return to Bangkok I realised my new suitcase had been damaged during the flight. I was in my hotel in Bangkok opening my case when I saw the damage. I took photographs of the damage, boarding pass, suitcase with baggage receipts attached, baggage tag receipts all attached to boarding pass. I contacted the Etihad help desk in Bangkok who told me to file a complaint online regarding the baggage damage which I duly did. I heard nothing from Etihad customer service for a week so I followed up. I shortly after received a reply saying my damage claim could not be proceeded because I did not take a photo of the case with the long airline baggage tag attached even though I did provide photos of the bag tag receipts attached to the suitcase. The attitude of the customer service staff was you haven’t claimed correctly so tough. It was very obvious that my suitcase was damaged while in their care but they had found an excuse not to take responsibility. No customer service shown at all. It is a misnomer to call them “customer service staff” because the last thing they want to do is provide customer service! I was made to feel like I was the one trying to make a fraudulent claim. I had spent thousands of dollars for these flights but when I came to claim a mere $100 for an obviously damaged suitcase in their care they used a technicality to refuse the claim.",5.0,5.0,5.0,3.0,1.0,1.0,3,no,Couple Leisure,Business Class,London to Bangkok via Abu Dhabi,June 2025,0,-0.9285
etihad_airways,4th July 2025,Adrian Pritchard,10,True,"✅ Trip Verified |   I had an entire row to myself, the leg room was generous. Food was good despite the quantity not being overly spectacular. It was a fairly short flight (6 hours) and only one round was made of the cabin. The crew were friendly. My only gripe, the IFE, yes there were loads of options, but it was nearly all American rubbish! Very little if any UK or Aussie content.",5.0,5.0,5.0,3.0,5.0,5.0,5,yes,Solo Leisure,Economy Class,Milan Malpensa to Abu Dhabi,July 2025,1,0.7463
etihad_airways,3rd July 2025,F Hamer,2,True,✅ Trip Verified |   One hour delay in Cairo followed by 5 hour delay in AUH. Estimated arrival time in Tokyo pushed out by 6 hours. On-time record of this airline is bad.,3.0,3.0,4.0,3.0,2.0,2.0,2,no,Family Leisure,Economy Class,Cairo to Tokyo via Cairo,July 2025,0,-0.7964
etihad_airways,25th June 2025,G Devere,1,True,"✅ Trip Verified |   I recently traveled with Etihad, and it was the worst and most stressful experience I’ve ever had with an airline. My total journey from Seoul to Barcelona increased from the planned 20 hours to over 30 hours due to a cancellation. What made this experience even more frustrating was the complete lack of support and communication from Etihad staff. I had to find my way to Terminal 2 and re‑check in for a new flight completely on my own — an ordeal that almost caused me to miss the connection, if not for the help of Korean airport staff, despite their limited English. I had paid €13 for a window seat, only to be assigned a completely different seat on a different aircraft. No one contacted me to warn about the change or offered any kind of apology. I understand that a flight cancellation caused by a bird strike is beyond the airline’s control. However, it is Etihad’s responsibility to minimize the disruption, support its passengers, and acknowledge the impact caused by such significant delays. In this case, that didn’t happen. I lost an entire workday and had to rearrange critical personal commitments because of this mishandled situation. I’ve taken hundreds of flights in my life, and this was by far the worst and most stressful experience I’ve ever had. Etihad has been the biggest disappointment I’ve ever encountered with an airline. If you’re considering flying with Etihad, be aware that when things go wrong, their support and accountability may be nowhere to be found.",3.0,2.0,3.0,3.0,1.0,1.0,1,no,Business,Economy Class,Bangkok to Barcelona via Abu Dhabi,May 2025,0,-0.9804
etihad_airways,22nd June 2025,Sam Burton,1,False,Not Verified |  Etihad still waiting on that refund taking over a month. Have contacted your help line 5 times in that time and been given told 5 days will get the refund. For content Etihad cancelled the flight 10 days out from the flight which was a transit flight. The help desk has been shocking to deal with for the refund. I would not fly them or personally book with them again out of principle. Can’t comment on the flight Qatar Airways we flew with eventually after a 20 hour layover over though was pretty exceptional,,,,,,,1,no,Couple Leisure,Economy Class,Shanghai to Rome via Abu Dhabi,June 2025,0,0.5994
etihad_airways,12th June 2025,William Stephen Jackson,1,False,"Not Verified |  I was denied boarding in error as I was told at the gate in Kuala Lumpur that I needed a visa to enter Vietnam. As the holder of a UK passport I do not need a visa. I have had many emails back and forth to Etihad with the usual standard replies. Yesterday I emailed them and included this text ""pursuant to the Vietnam Government's Resolution No.128/NQ-CP dated on August 14, 2023. Visa exemption will be applied to nationals of The United Kingdom of Great Britain and Northern Ireland with a maximum temporary residence period of 45 days from the date of entry"". Their reply to me is: ""After reviewing your case, I must inform you that it does not qualify for compensation or reimbursement. I understand this may not be the response you were hoping for, and I truly empathize with the difficulties you faced during your travel. We have fully reviewed your case and fairly addressed all your concerns. As our position remains unchanged, respectfully, we now consider this case closed."" Case closed and no compensation for the 800 dollars extra I had to pay. I tried calling them this morning and was advised to open the case again (and waste another three months!)",,,,,1.0,,1,no,Couple Leisure,Economy Class,Barcelona to Da Nang via Abu Dhabi,March 2025,0,0.5255
etihad_airways,11th June 2025,P Kersten,4,True,"✅ Trip Verified |   Average Airline with poor booking process and poor mobile App. I am mostly facing issues with the booking process. The IOS App hangs, the website sometimes aswell. Last time the payment failed maybe because I am booking the trip starting from another country then I am currently located. The customer service is never available, you're stuck forever either on the hotline or waiting in that useless online chat. The flight itself is mostly average. For the price it's just OK. Cleanlyness of the cabin sould sometimes be a bit better. If you not choose the most expensive economy ticket, then you need to pay (hefty amounts) for any seat selection. Meals are not bad. But mostly they run out of the meal that I would choose.",3.0,3.0,3.0,2.0,2.0,2.0,2,no,Business,Economy Class,Abu Dhabi to Frankfurt,March 2025,0,-0.4775
etihad_airways,6th June 2025,N. Siotto,10,True,✅ Trip Verified |   This was a return flight. My outbound trip was three days earlier with a nineteen years old B777. The difference was night and day.  The service was exceptional. The food comparable to fine dining in a restaurant. The seat was very comfortable with a massage option. Toilets were spacious and clean. WiFi was fast and reliable throughout the flight and quite reasonably priced. Approx 10$ for unlimited data for the full flight. The seat experience on their B787 in my opinion is among the best. Etihad became my first choice departing from the United Arab Emirates.,5.0,5.0,5.0,5.0,5.0,5.0,5,yes,Business,Business Class,Milan to Abu Dhabi,June 2025,1,0.9336
etihad_airways,1st June 2025,Luca Anselmi,1,False,"Not Verified |  Etihad has become unreliable. I paid for an Etihad flight and was shocked to board an old Wamos Air aircraft instead. The plane was outdated, uncomfortable, and reminded me of Wizzair at its worst. Customer service was nonexistent. This is unacceptable for a premium airline. No wi fi. Zero entertainment",1.0,1.0,1.0,,1.0,,1,no,Business,Economy Class,Abu Dhabi to Rome,June 2025,0,-0.886
etihad_airways,1st June 2025,Eric Gottwald,1,True,"✅ Trip Verified |   We were due fly to Singapore on Dec 28th 2024 with 4 people. One person fell ill, so we had to cancel the flights. Since Dec 29th 2024, I have been trying now to get the ticket costs (minus the cancellation fee of 40%) back from Etihad Airways. Despite 8 times phone calls and several emails that the costs will be refunded after a processing time of 40 days, nothing has happened to date (6 months later).",,,,,,,1,no,Family Leisure,Economy Class,Frankfurt to Singapore via Abu Dhabi,December 2024,0,-0.5859
etihad_airways,31st May 2025,Suhaib Hammad,1,True,"✅ Trip Verified |    Baggage policy is the worst. 7KG, who can fit stuff for 7 nights in a 7 kg bag. We got charged $76 for 5kg even though we were over by 2kg from our duty free items we bought.",2.0,3.0,3.0,1.0,1.0,1.0,1,no,Couple Leisure,Economy Class,Amman to Male via Abu Dhabi,May 2025,0,-0.0258
etihad_airways,30th May 2025,Mattijs de Jager,1,False,"Not Verified |  This was the worst experience I've had with an airline. First, they charge outrageous fees for just 5 or 10 kilos of extra luggage. Second, I purchased two tickets and reserved two seats to have extra space, but the second seat was simply resold because the passenger name didn’t check in — even though I paid for it. Etihad took weeks to respond, only to say this is their policy. I fly often, but never again with Etihad. My friends and family won’t either.",1.0,1.0,1.0,1.0,1.0,1.0,1,no,Solo Leisure,Economy Class,Bangkok to Amsterdam via Abu Dhabi,May 2025,0,0.1531
etihad_airways,27th May 2025,Chris Sansom,10,True,"✅ Trip Verified |   Excellent flights with Etihad, flying Colombo to Abu Dhabi on A320 had emergency exit row on red eye flight with very good service and comfort. Smooth connection at Abu Dhabi and then EY 65 to London Heathrow on 22/5 flying the B789. This flight was superb sat in 37C at the rear of the aircraft spacious and comfortable as only 2 seats. The Cabin Crew provided great hospitality with several drink runs and tasty meals and I would like to recognise Anil, Kate ,Disha and Victoria for exceptional service. Thank you Etihad.",5.0,5.0,5.0,5.0,5.0,,5,yes,Solo Leisure,Economy Class,Colombo to London Heathrow via Abu Dhabi,May 2025,1,0.9738
etihad_airways,22nd May 2025,Piriyanka Jeyalingam,1,False,"Not Verified |  Etihad advertises itself as a premium airline – but the only “premium” thing about my experience was the level of disappointment. On my flight from Frankfurt to Shanghai (March 28 – April 17, 2025), my baggage was severely delayed (business trip). Etihad didn’t respond until an entire month later, offering either a voucher or a bank transfer as compensation. I accepted neither of these options. Before my return flight from Bangkok to Frankfurt on May 22, 2025, I submitted an upgrade request as a goodwill gesture in light of the previous incident. I reached out via three emails and two live chats (each with over 1 hour wait time). No one ever responded. The assigned case officer? Silent. Etihad’s strategy is clear: delay until the customer gives up. To make matters worse, my ticket was marked “upgrade eligible”. But at the check-in counter and gate, I was told: An upgrade would cost €1,000 per person per leg. No goodwill. No apology. No acknowledgment of the ongoing unresolved issue.  Etihad looks good on paper – but once there’s a problem, they disappear. No accountability. No service. No respect for their passengers.",1.0,3.0,1.0,3.0,1.0,,2,no,Couple Leisure,Economy Class,Frankfurt to Bangkok via Abi Dhabi,May 2025,0,-0.9499
etihad_airways,20th May 2025,Joseph Murray,1,True,"✅ Trip Verified |   Our original booking was Economy but we bid for an upgrade to business class and were successful. Firstly, at check in my wife and I were assigned seats in different parts of the cabin, in rows 5 and 11. We only noticed this when we boarded the aircraft. A gentleman who was traveling unaccompanied kindly volunteered to move so that we could sit beside each other. The seat adjustment on my seat (5E) did not work. I was unable to recline the seat to sleep, which was our primary reason for purchasing the upgrade. I brought the problem to the attention of the chief stewardess after take-off and she too was unable to adjust the seat. She subsequently advised that the seat had already been logged as faulty ""on the system"". She was unable to offer me another seat as the business class cabin was full. As a result, I spent the journey with the seat stuck in a 90 degree upright position and disembarked with a sore back. It is mind boggling that Etihad would assign a seat which they knew to be faulty to a business class passenger. I lodged complaint with customer service and requested a refund of the additional upgrade cost for one seat. Their response stated “Our records indicate that the seat was logged as faulty, and the information was not communicated to you prior to your boarding. We acknowledge the issue this caused, especially since the business class cabin was fully booked, preventing us from offering an alternative seat“. It contained further glib comments such as “We value your loyalty and past positive experiences with Etihad. Your feedback is crucial in helping us maintain and enhance the quality of our services”. But no compensation was offered, despite a number of follow up emails from me. We are senior citizens who travel frequently, but never again with Etihad.",1.0,4.0,4.0,3.0,4.0,3.0,1,no,Couple Leisure,Business Class,Dublin to Abu Dhabi,January 2025,0,0.6186
etihad_airways,19th May 2025,Kate Kouzoupi,4,False,"Not Verified |  I recently booked two long-haul Economy Class tickets with Etihad from Athens to the Philippines and was very disappointed with the updated cabin baggage policy. Etihad now only allows one cabin bag of up to 7kg, with no personal item allowed (such as a backpack, small handbag, or even a duty-free bag).",,,,,,,2,no,Couple Leisure,Economy Class,Athens to Manila via Abu Dabi,May 2025,0,-0.6801
etihad_airways,19th May 2025,B Parwas,1,True,"✅ Trip Verified |   The worst business class experience in September 2024. The business class sitting arrangement in the first flight was two rows of 2x2. The legroom between two rows was inadequate; when the front row seat was leaned, it became difficult for the backseat person to walk out of the seat comfortably. The backrest of back row seat did not lean enough because of the separator wall behind it. The leg-rest was very awkward and uncomfortable; the leg-rest inclined up a little, about 15-20 degrees, and it did not support the legs to have a proper rest. The food served was economy class standard. The crew members were busy chatting among themselves the whole time. There was no power point in the business class seat. I had two hours to go through security check and a long walk to catch the next flight. At Abu Dhabi airport, I requested for electric cart to move but was denied. The second flight of my journey was very long (nearly 15 hours) and I hoped to work and also to have a proper rest with flat seats.  The power points of my seat were not working and so I had to get my laptop charged from another seat.  After I woke up, when I asked for breakfast, I was told that my breakfast, which I selected at the beginning of the flight, was not available anymore.",1.0,1.0,1.0,,1.0,,1,no,Solo Leisure,Business Class,Kolkata to Chicago via Abu Dhabi,September 2024,0,-0.832
etihad_airways,8th May 2025,William Stephen Jackson,1,False,"Not Verified | I am discovering that Etihad Airways has no customer service whatsoever. I have a grievance with them over denied boarding on the last leg of my flight to Da Nang which was with their partner airline Batk Air. The flight was on one ticket contracted with and paid to Etihad Airways. I was denied boarding in Kuala Lumpur at the gate as the staff stated that I needed a visa to enter Vietnam. As a British passport holder I do not need a visa to enter Vietnam for a stay of up to 45 days. As there was no way to convince them of this and I did not want to miss the flight I contracted an online visa at a cost of 320 dollars, but was too late to board. I then had to go through immigation in Kuala Lumpur (lovely, helpful staff) and was then completely on my own. The only routing I could find on the same day was to fly to Ho Chi Minh city and then on to Da Nang; both flights I had to pay for. On arrival to Vietnam at immigration I was told that I did not need a visa and this is also clearly explained on the Vietnamese government's website. I have been in communication with Etihad Airways whilst in Vietnam and since my return to Spain. They are just not interested. I keep receiving a standard reply which says in essence - tough luck, now go away-. This is appalling treatment of a paying customer when it is very clear that the error was on their part. I don't recommend this airline and will certainly never fly with them again.",3.0,2.0,2.0,3.0,1.0,1.0,1,no,Couple Leisure,Economy Class,Barcelona to Da Nang via Abu Dhabi,March 2025,0,0.731
etihad_airways,8th May 2025,A Shahul,4,False,"Not Verified | The disappointing experience with Etihad airline has left us deeply dissatisfied. My daughter, a 15-year-old, recently traveled alone on your flight from Abu Dhabi to Chennai. The flight was delayed by over 5 hours, and including the check-in and waiting time, she was at the airport for more than 8 hours. Despite the long wait and the fact that she was traveling as an unaccompanied minor, there was no proper communication, support, or even basic assistance provided. What is most disheartening is that no food or refreshments were arranged during the late-night delay. This led to considerable stress and discomfort for her, especially since she was alone and expecting some level of care from your team. She was exhausted, frustrated, and completely let down by the service and response from your staff. This was her first experience flying with Etihad Airways, and sadly, it turned out to be extremely disappointing. She mentioned that she does not wish to fly with Etihad again and will not be recommending your airline to anyone. She is also planning to share her experience publicly on Etihad’s social media channels, hoping that this might lead to better care for other young solo travelers in the future. As a parent, I trusted Etihad with the responsibility of ensuring my daughter’s comfort and safety, but the lack of support and empathy has left us upset. I will not recommend to anyone to take ETIHAD AIRWAYS.",2.0,3.0,3.0,2.0,2.0,2.0,3,no,Family Leisure,Economy Class,Abu Dhabi to Chennai,March 2025,0,-0.8982
etihad_airways,5th May 2025,Namdar Ariana,1,False,"Not Verified |  I had some bags that were a couple of bags overweight. They wanted to charge me about 1200 aed which is equivalent to 450 USD for bringing 12 kg of extra weight over four bags. Their manager asked me to buy another bag and then they would only charge me 340 aed. So I bought another bag for 330 aed, and when I came back to the counter after rearranging all my belongings the manager and guy at the counter said that I have to pay 740 aed more. Imagine bringing 12 extra kg of weight over 4 bags and having to pay about 1070 aed more just for your belongings. This is by far one of the worst airline experiences I’ve ever had. Etihad policies are beyond unreasonable. Their supervisors are unhelpful. Their economy seats are even worse, as they give you no leg room. I won’t ever be flying Etihad again, and would recommend everyone around me not to either.",1.0,3.0,1.0,2.0,2.0,3.0,2,no,Family Leisure,Economy Class,Abu Dhabi to Toronto,May 2025,0,-0.8807
etihad_airways,17th April 2025,Rohith Jayawardene,9,True,"✅ Trip Verified |   I was booked from Singapore to London and flew on an A380 from Abu Dhabi to London. Singapore to Abu Dhabi was a red-eye flight and Abu Dhabi to London, daylight. I have always enjoyed flying on the A380s and have been able to secure forward-facing window seats, with extra storage on the side of the seat. The upper deck is for business and first class passengers. The first leg began with welcome drinks and hot towels. Although dine-on-demand is available, I think the cabin crew were keen to expect everyone to dine simultaneously. A thin soft mattress, large pillow, blanket and slippers are all provided. Seat functions, from flat-bed to seat firmness and other options are easy to control. The amenity kit is basic, nothing special. The menu offers a good selection of starters, main courses and desserts. Following a tender braised beef with sweet potato mash for the main course for dinner, I moved to the onboard lounge for a coffee and cognac. The small lounge can seat up to 6 passengers and has a self-service bar.  The second leg began from the Etihad Business Lounge in Abu Dhabi, where you can board some flights directly from the lounge.  One of the things I do enjoy flying with Etihad is their tasty meals and dining. The list of alcoholic drinks is not extensive, but they are mostly premium brands. Prior to lunch, I was treated to a White Negroni cocktail (Campari, gin and dry vermouth). For the main course, Lamb Shank with rice was one of the most delicious onboard meals I've had. While the IFE features a good selection of entertainment, my regular complaint has been the lack of new movies, as it seems to keep repeating the same old films (since I last flew with them about four months ago). Settling to watch some TV shows and documentaries, and cabin crew spoiling me with more drinks and snacks, it was an enjoyable cruise all the way to London. I have had minor criticisms in the past, and a few negative views on privacy and service on their Dreamliner, and when flying Economy. Yet in my experience, travelling in Business Class, I have come to appreciate Etihad's general standard of consistency in service and comfort. And on this trip, two great A380s in one journey felt like having two for the price of one!",5.0,5.0,5.0,2.0,4.0,,4,yes,Business,Business Class,Singapore to London via Abu Dhabi,April 2025,1,0.9858
etihad_airways,12th April 2025,William Jackson,1,False,"Not Verified |  Our flight was from Barcelona to Abu Dhabi, then to Kuala Lumpur and then on to Da Nang. The flights to Kuala Lumpur were fine, a tad stingy on the food and drink, but reasonably comfortable. The major problem occurred when I was denied boarding by Etihad Airwys' partner airline Batik Air in Kuala Lumpur. The reason given was that I needed a visa to enter Vietnam. I had previously checked and double checked and knew that I did not need a visa. I showed the staff at the boarding gate proof that I did not need a visa, but they did not let me board the flight. I then organised an online visa at a cost of over 300 USD but was too late to board. At that point I was left on my own. I was told to book another flight. I had to go through immigration in Kuala Lumpur which thanks to some very helpful officials was very easy. The only route I was able to find at short notice was a flight to Ho Chi Minh city and then from there a flight to Da Nang. Malaysia Airlines asked for no evidence of a visa for my flight to Ho Chi Minh city and when I arrived there I was told I did not need a visa to enter Vietnam and was given the standard 45 days entry stamp in my passport. I then booked a flight to Da Nang and arrived eight hours later than planned after a very stressful day through no fault of mine and with an extra cost of approximately 800 euros. Etihad Airways customer service was worse than useless. The person I spoke to had two phrases in his repertoire: ""I am sorry sir, I cannot help you with that sir"" and "" I am sorry sir, I am not authorised to deal with that sir"". I emailed Etihad Airways and received a standard reply that they were very busy and might reply to me within 28 days. If not I could contact them again! On my return to Spain I telephoned customer service again to be told that they could not be held responsible for visa problems. Pointing out to them that the problem was theirs not mine was like banging my head against a brick wall. After various emails it now seems that Etihad Airways are ""looking into the matter"". What that really means I have no idea. Time will tell.",3.0,2.0,3.0,3.0,1.0,,1,no,Couple Leisure,Economy Class,Barcelona to Kuala Lumpur via Abu Dhabi,March 2025,0,-0.9723
etihad_airways,6th April 2025,C Haydir,3,True,"✅ Trip Verified |   Despite the 5 hours duration of the flight, no proper meal was provided, only a small sandwich, which was quite insufficient. Additionally, one of the toilets onboard was out of service, leading to long queues and inconvenience throughout the flight. I chose to fly with Etihad expecting a comfortable and premium experience, not one akin to a low-cost carrier. This experience has left me quite dissatisfied and questioning my future travel choices.",1.0,4.0,1.0,2.0,3.0,5.0,1,no,Solo Leisure,Economy Class,Abu Dhabi to Istanbul,April 2025,0,-0.6068
etihad_airways,5th April 2025,E Latihil,1,True,"✅ Trip Verified |   I never imagined that flying with Etihad Airways  would result in such an emotionally exhausting and unjust experience. My checked baggage, weighing 11kg, was completely lost. After repeated follow-ups and weeks of silence, I was told I would be compensated USD 297, based on $27 per kilogram. To make matters worse, I was shocked to see that on the WorldTracer system, my baggage was falsely marked as “found.” I have never received my bag. This false status now prevents me from pursuing my case further. The airline insisted on original purchase receipts for compensation, which is not a requirement under UAE law for the statutory compensation per kilogram of lost baggage. They then told me the case was “closed,” without properly addressing these points or correcting the false baggage status. There was no empathy, no legal fairness, and no real effort to resolve the issue. If you’re flying Etihad, be warned: if something goes wrong, you may be on your own — even if you know your rights and try to pursue them. I expected better.",2.0,2.0,2.0,2.0,1.0,1.0,1,no,Family Leisure,Economy Class,Kozhikode to Abu Dhabi,May 2024,0,-0.9322
etihad_airways,31st March 2025,G Anu,5,True,"✅ Trip Verified |   I flew from Toronto to Colombo  via AUH. It's a long 14 hr flight. Flight was a new A350. Very comfortable. Service is terrible, food portions are very small and choices are available are all Indian food. No other options available. Only chicken or veg are the two options. After the dinner service no mid flight snack available. Only available option for snack is 4 small Oreo cookies. No water service, have to go to galley and get your water if you need water. Etihad has cut down their service and I felt like I flew on a north American carrier, not a middle eastern carrier. You cannot compare with Emirates or Qatar anymore.",4.0,2.0,3.0,5.0,5.0,3.0,3,no,Couple Leisure,Economy Class,Toronto to Abu Dhabi,March 2025,0,-0.5729
etihad_airways,26th March 2025,David Houlihan,3,False,"Not Verified |  Return to BKK - Business Class flights both on time. Ground crew have the customer care skills second to a Military sergeant, rude, disengaged and flippant. Seats requested were honored. Plane was clean and was quite smooth. Food below expectations, menus are now clearly on the cost cutting plan. Soup / Chicken thighs and ice cream or cheese. Wines like others have mentioned are low quality. Champagne is worth avoiding and not palatable. Last but not least the cabin Crew obviously do the very basics are not proactive and had to be called each time. Too busy sitting and chatting in the galley than ensuring any passenger may want something. A very disengaged attitude and lacked any polish or personal engagement skills. Robotic",4.0,1.0,1.0,4.0,1.0,,2,no,Couple Leisure,Business Class,Abu Dhabi to Bangkok,March 2025,0,0.7851
etihad_airways,19th March 2025,Mincy Kurian,2,True,"✅ Trip Verified |   The customer service was extremely poor. They charged me for a stopover and booked a hotel near the airport without informing me that a transit visa was required to reach it. Even the hotel booking confirmation email lacked this crucial detail. Since it was our first time traveling through Abu Dhabi Airport, we assumed the hotel was inside the airport. The response from the Etihad booking team was terrible, and their service was disappointing.  Essentially, they charge you for the stopover, book the ticket, and then mark you as a no-show at the hotel, ultimately scamming you.",3.0,3.0,3.0,3.0,1.0,1.0,1,no,Solo Leisure,Economy Class,Melbourne to Kuwait via Abu Dhabi,March 2025,0,-0.8923
etihad_airways,10th March 2025,Kim Thomsen,10,True,"✅ Trip Verified | Please note booking was made directly with Etihad. Trip started great with a visit to Etihad's excellent lounge at Term 4 at LHR. It became time for boarding and it was clear the flight was going to be delayed. Etihad ground staff did their best to keep us informed and they had a large number of staff at the gate to answer questions. We were assured that any missed connections would be dealt with in AUH and we departed about 2 hours late. The A380 is as always an excellent plane and the seat and staff were to match on this flight. Etihad offers dine on demand and I opted for a sandwich prior to landing in order to get some sleep. I did connection to the wifi prior to getting some rest and about 45 minutes after take off I received an email stating I had been rebooked to a later flight from AUH to BKK. I was able to accept the rebooking and get my boarding pass within an hour of taking off from LHR. The seat is excellent both for sitting/lounging and sleeping. Staff were on the ball and offered me food as soon as I woke up. At AUH ground staff were waiting for us with a number of counters set up with pre-printed boarding cards for passengers with missed connections. All you had to do was go to the right counter and get your onwards boarding card. I skipped all that and went straight to the impressive business class lounge at AUH and spent a few hours there before my connecting flight. A B777 took me the last leg to BKK. The seat consistency Etihad has across their wide body fleet is impressive and gives a familiar feel regardless of the aircraft type. Once again staff were excellent. The only downside I could find on this flight was they have cut the pre-landing snack service, but the flight is relatively short so not a massive issue. Overall a very enjoyable flight despite arriving at my destination about 4 hours later than expected, but I wish all airlines would handle delays that well, big praise to Etihad on this one. The only place they have fallen down a bit is they have not proactively offered me compensation as I am intitled to and finding that on their website is not straight forward, however once the process is started it is very quick and easy.",5.0,5.0,4.0,5.0,5.0,5.0,5,yes,Solo Leisure,First Class,London Heathrow to Bangkok via Abu Dhabi,February 2025,1,0.9862
etihad_airways,8th March 2025,Suhail Kazim,2,True,"✅ Trip Verified |   The entire flight there was no wifi and the staff took turns informing us it would start in a few minutes, until one staff finally admitted there would be no wifi due to technical issues.  The staff were nice but did not know their job. The shower was also not working and no one bothered to inform the premium first-class passengers. The lesser said of their IFE, the better. They are proud to keep 6-7 games. The icing on the cake comes from the disgusting level of customer service which Etihad is now gaining laurels for. First-class service involves much more precision than serving caviar and with this level of customer service, get ready for the decline of Etihad.",1.0,2.0,3.0,1.0,3.0,1.0,1,no,Business,First Class,Singapore to Abu Dhabi,February 2025,0,0.9328
etihad_airways,6th March 2025,Kamran Hussein,3,False,Not Verified |  Our Family holiday to from Heathrow to the Maldives via Abu Dhabi. The plane departure from Heathrow was delayed by a couple of hours. It was a long flight the the entertainment systems was not working. Then from Abu Dhabi there was a 15hr delay. Eventually got to the resort a day late. Not great experience and still waiting for compensation from Etihad after 6 months.,3.0,4.0,3.0,1.0,4.0,,3,no,Family Leisure,Economy Class,Heathrow to Maldives via Abu Dhabi,August 2024,0,-0.2486
etihad_airways,26th February 2025,Jean-Claude Albrecht,1,False,"Not Verified |  I did not pay attention that my ticket did not include a suitcase, at check in I was asked to pay £200 for my suitcase of 7 Kg. Airlines are good at sending their customers to the competition. Wont see me ever again.",3.0,3.0,2.0,,1.0,,1,no,Solo Leisure,Economy Class,Abu Dhabi to London,February 2025,0,0.4207
etihad_airways,26th February 2025,Debora Bandeira,3,True,"✅ Trip Verified |   We had two flights with Etihad last week. Phuket - Abu Dhabi - Dublin. The first flight was an hour late to take off. I mean after everyone was onboard and everything seemed ready, we still waited almost an hour to take off. In both flights, the staff looked and spoke to people as if they were doing us a favor.  Beef option offered, minced meat given. Very cheap for a company that sell themselves as a premium airline. And it was a flight from Thailand, where minced beef is not even a common thing in their culinary. The only positive thing I can say about the flights was the comfortable seat recline. But overall, they are far behind Emirates and Qatar Airways service quality. That’s for sure!",5.0,2.0,1.0,2.0,3.0,,2,no,Couple Leisure,Economy Class,Phuket to Dublin via Abu Dhabi,February 2025,0,0.7901
etihad_airways,23rd February 2025,R Kellen,2,True,"✅ Trip Verified |   Flying from Pakistan to Denmark. Not able to continue my travel from Abu Dhabi because the plane was overbooked. Customer service is out the window. They’re not following rules and regulation. The regulation for compensation is actually on their own webpage, but they are not following them. Now I’m lying in bed at an airport hotel with three meal vouchers and waiting 24 hours to continue my journey. And the compensation is a $300 voucher that can only be used for transportation within Etihad Airways. It feels like a joke when you receive a voucher. I couldn’t believe my eyes. Normally I travel Qatar/Emirates when I’m travelling in this region. This is just a reminder why?",1.0,2.0,,,1.0,,1,no,Business,Economy Class,Abu Dhabi to Copenhagen,February 2025,0,0.1154
etihad_airways,20th February 2025,Phil Kelly,5,False,"Not Verified |  Tickets were bought at a great price. Outbound and return flights were on time and arrived at destination early. Seat was OK, we were in the rear of the aircraft, so reclined further than normal. Food was tolerable (it's Economy). Cabin crew were terrible, not one smile, grudging service - requests for water were ignored. One male FA in particular was bordering on hostile. I'd fly Etihad again, if I had to.",3.0,1.0,2.0,3.0,3.0,,4,no,Couple Leisure,Economy Class,London to Melbourne via Abu Dhabi,February 2025,0,-0.6136
etihad_airways,19th February 2025,M Taylor,1,False,"Not Verified | The worst flight experience I’ve ever encountered. The seat armrest had collapsed and the reclining mechanism was broken meaning the seat continually slid forward and back for the entire 4.5 hour flight. The seat was covered in stains. The discomfort on the entire journey was made worse when I took the issue up with customer care afterwards. I just got a generic sorry and they closed the case, unwilling to do anything to rectify the situation or encourage me to fly with them again. I actually couldn’t believe that a legacy carrier can have such a lack of aftercare. They just want the money and don’t care about repeat business. Never use them again.",1.0,4.0,1.0,2.0,1.0,5.0,1,no,Solo Leisure,Economy Class,Male to Abu Dhabi,February 2025,0,-0.7783
etihad_airways,1st February 2025,D Casse,1,True,"✅ Trip Verified |   On our flight we did not receive any drinks (sparkling water could not be provided pre take-off). When asked about food, we confirmed our order, and re-ordered drinks. Still drinks did not arrive. After 2.5 hours of waiting for any drink or food I decided to go to sleep (it was 00:30 at this time), when the air hostess told me the food was finally ready. By that time I did not feel like eating anything as it was way too late (two hours after being offered food). I complained about this with Etihad - after more than a week the only response I got was to provide booking information (which I did). It is now over three weeks since my initial complaint and Etihad still has not gotten back to me. I'm appalled at the terrible service provided but what's even more galling is the complete lack of care from the customer care staff. This should have been resolved weeks ago but Etihad simply chooses not to engage with customer complaints. Will never fly with this airline again.",2.0,1.0,1.0,,1.0,,1,no,Business,Business Class,Amsterdam to Abu Dhabi,January 2025,0,-0.2753
etihad_airways,28th January 2025,Dennis Bacon,4,True,"✅ Trip Verified | What has happened to Etihad? I was very disappointed having flown with Etihad many times. First of all, business class was rammed, high prices yet poor in flight service, food and third rate wines including being served sparking wine not champagne - other little luxuries cut back too: chocolates, cookies, basic amenity kit etc I found the service cursory, not once did I feel like a business class passenger, not once was I asked if my food, or for that matter anything else, was ok. No offer to replenish water during both long flights. The food was average, the wine dreadful! It was low cost plonk and nothing like the quality of Etihad of old. So, in summary, far less but for more money. 2 x tickets almost £6k. Etihad is not alone in fleecing customers and should work much harder to impress. They’re not alone, many airlines are making record profits whilst cutting service quality and amenity. Planes are packed, prices are sky high and there’s no quid pro quo with what’s being delivered. Even the lounges are packed, often with non business class passengers who are (understandably) taking advantage of an offer or paying extra. Trouble is, all of this dilutes the quality for business class travellers. Finally, fast track at LHR was a joke, a national embarrassment. SE Asia / Bangkok hugely more efficient. Very disappointing all round.",3.0,2.0,2.0,3.0,2.0,2.0,2,no,Business,Business Class,London to Bangkok via Abu Dhabi,January 2025,0,-0.5509
etihad_airways,7th January 2025,Santosh Dhakal,9,True,✅ Trip Verified |   Very good service. There was a guy name Azad in the checkin line and he was very sincere helpful and was handling everything very professionally. He was helping me with every details and he was trying helping and giving his help to everyone. The flight experience is very good too. The seats were very comfortable and monitor works very good. Food was good too. Hopefully i will travel with eithad soon and will have a chance to meet this hospitality again.,4.0,4.0,4.0,4.0,5.0,,5,yes,Solo Leisure,Economy Class,Abu Dhabi toDelhi,January 2025,1,0.9865
etihad_airways,6th January 2025,Rohith Jayawardene,6,True,"✅ Trip Verified | I was not exactly looking forward to two long haul flights to London, especially departing at 2.15 in the morning, and with a 4 hour layover in Abu Dhabi. However, the check-in was smooth, but there was a delay in the incoming aircraft, so we actually departed an hour later. I had booked and paid for extra leg room seats (nearer the front of the aircraft) for both flights. Having 3 inches more leg room did make a difference in comfort. At the seat was placed a pillow and blanket, along with headphones. There was also a very basic amenity kit that just had an eye mask, ear plugs and hand lotion. The pouch itself opens up to a small bag. The meal service on both flights was pretty bland. I also observed that on recent Economy Class flights, the alchoholic drinks served is rather meagre. The wine in the small paper cup was only half full. On one occasion, when I requested whiskey, I felt embarrassed to have no more than a tablespoon served - just enough for one sip! Overall, despite my opinion about the food and drinks, the flights were comfortable. I was even able to doze off for a couple of hours on both flights.",3.0,3.0,1.0,3.0,3.0,,4,yes,Business,Economy Class,Bangkok to London Heathrow via Abu Dhabi,December 2024,1,0.8622
etihad_airways,4th January 2025,N Bardena,4,True,"✅ Trip Verified |   I had the worst flying experience with Etihad Airways at Abu Dhabi International Airport. I arrived at the airport 1 hour and 40 minutes before my flight to Boston. After waiting in a poorly managed check-in line (where other passengers were allowed to cut in front), I was informed that U.S. citizens must arrive over two hours early, a policy that was never mentioned during booking or on my ticket. The staff was completely unhelpful. I was sent back and forth between the check-in desk and ticket counter for over 30 minutes while my flight boarded. I was then told I could only rebook for the next day at an outrageous cost of $700, with no other options offered, no accommodation, no food vouchers. Etihad’s lack of clarity on policies, dismissive staff, and poor management made this an unbelievably stressful experience. I do not recommend flying with Etihad Airways unless you want to risk being stranded at the airport with no support and forced to pay exorbitant fees.",3.0,3.0,4.0,4.0,1.0,3.0,2,no,Solo Leisure,Economy Class,Abu Dhabi to Boston,January 2025,0,-0.9766
etihad_airways,31st December 2024,David Houlihan,1,True,✅ Trip Verified |   As the saying goes fool me twice more fool me ! Etihad appears to now take this as its vision . Flights to in business to Nairobi cancelled last September by them as they cut the route - no explanation - we had to follow up constantly and after months got rebooked onto a flight due to leave today. Applied for Kenyan visa well in advance - one was received the travelling partners was not and frantic trying to get an update. 2 hours to departure still no visa and called Etihad to explain (realise completely it’s not their fault ) but the reply is not our problem . Yes correct - I asked to move the dates - told no - (lies). I asked if they refuse to do so what is the refund policy - (don’t know) Asked had they any idea of what is the policy  we’ll email the team and let you know! Wonderful customer care yet again 13 years as a gold member - ok this is what your offering as service ? Well I have choices - keep your greedy hands on every dime and knickle. Short term money grab strategy,,,,,,,1,no,Couple Leisure,Business Class,Abu Dhabi to Nairobi,December 2024,0,0.9355
etihad_airways,30th December 2024,Istimraj Paras,1,False,"Not Verified |  I had an extremely frustrating experience with this airline, primarily due to their app and help desk. Trying to get any assistance through the app is next to impossible. The interface is confusing, and when you finally manage to get in touch with customer support, the responses are vague, unhelpful, and often seem automated or like a scam. I encountered multiple issues during my booking process, and when I tried to resolve them through the help desk, no one seemed capable of offering a real solution. It felt like they were deliberately avoiding responsibility, and after a lot of back-and-forth, I still had no clear answers. This airline clearly does not prioritize customer service or transparency, and I highly advise against using them. The lack of proper support and the overall negative experience left me completely dissatisfied.",,,,,,,1,no,Family Leisure,Economy Class,Islamabad to New York via Abu Dhabi,December 2024,0,0.0335
etihad_airways,29th December 2024,N Siotto,10,True,✅ Trip Verified |   With a small fee it’s possible to upgrade to Economy Space which is close to Premium Economy space. Compared to Economy Basic the seat has substantially more legroom and slightly more reclining. The food was delicious given the class of travel. Toilets clean. Etihad is now my priority when possible.,5.0,5.0,5.0,5.0,5.0,5.0,5,yes,Family Leisure,Economy Class,Milan to Abu Dhabi,December 2024,1,0.7506
etihad_airways,13th December 2024,Nash Degaonkar,8,True,"✅ Trip Verified |   Etihad has a good economy, and I sat on the A350-1000 from ORD to AUH, and with A380 from AUH to BOM. Seat comfort on the A350 made me feel like I was on the driver's seat of my BMW. Food was better on the first leg of the flight, and could have been better on the second. However, on the A350, there were no plugs provided, so could not charge laptop. That is what Etihad needs to look at for once.",4.0,4.0,4.0,4.0,4.0,4.0,4,yes,Solo Leisure,Economy Class,Chicago to Mumbai via Abu Dhabi,December 2024,1,0.8885
etihad_airways,27th November 2024,S Albarn,1,True,"✅ Trip Verified | My experience with Etihad Airways was extremely disappointing and far below the expectations for an airline of this calibre. First, I was informed just a few hours before landing in Abu Dhabi that all hotels participating in the stopover programme were fully booked. This forced me to find last-minute accommodation at a much higher cost, with the risk of not finding availability. Despite several attempts to contact the company, I received no response, highlighting a severe lack of professionalism and customer care. Additionally, the flights themselves were equally frustrating. Both on the Lisbon to Abu Dhabi and Abu Dhabi to Bali routes, the seat space was extremely cramped, making the journey very uncomfortable, especially for long-haul flights. The food served on all legs of the trip was of very low quality, far below that offered by other airlines operating hubs like Doha or Dubai. Etihad clearly lags behind in terms of service quality and passenger comfort. I definitely do not recommend Etihad Airways. If you're looking for a comfortable travel experience with good service, there are far better options available on the market.",1.0,4.0,1.0,3.0,1.0,1.0,1,no,Couple Leisure,Economy Class,Lisbon to Bali via Abu Dhabi,November 2024,0,-0.6827
etihad_airways,27th November 2024,G Jonas,3,True,"✅ Trip Verified | Big disappointment, it has high hopes with one of the three big airlines in the Gulf area and it is far below its rivals Emirates and Qatar and direct European competitors. The seats are quite uncomfortable although the width is perfect, the legroom is correct and the seats are very uncomfortable for long flights. The food is very poor in terms of quantity, in terms of quality it is normal, the food service on board is quite chaotic and outside the standard of the rest of the airlines in the same category. The inflight entertainment system is the best of the airline, a multitude of movies and in perfect Spanish. Customer service is zero and if you have to complain via phone or email they will not pay attention. I was charged for a service that was not offered to me and I have not been refunded. At the same price or for 10%-15% more, the competition is better. | Gran decepción, tiene altas esperanzas con una de las tres grandes aerolínea de la zona del Golfo y está muy por debajo de sus rivales Emirates y Qatar y de competidoras directas europeas. Los asientos son bastante incómodos si bien el ancho es perfecto, el espacio para las piernas el correcto z los asientos son muy incómodos para vuelos largos. La comida es muy pobre en cuanto a cantidad, respecto a la calidad es normal, el servicio de comidas a bordo es bastante caótico y fuera del estándar del resto de aerolíneas de su misma categoría. El sistema de entretenimiento a bordo es lo mejor de la aerolínea, multitud de películas y en perfecto castellano. Atención al cliente es nula y si tenéis que reclamar vía teléfonica o email no van hacer caso. Me cobraron por un servicio que no se me ofreció y no se me ha reembolsado. A igualdad de precio o por un 10%-15% más mejor la competencia.",2.0,2.0,3.0,5.0,3.0,3.0,3,no,Family Leisure,Economy Class,Barcelona to Osaka via Abu Dhabi,October 2024,0,0.3662
etihad_airways,25th November 2024,Juan Anaya,4,True,"✅ Trip Verified | I flew business class and as usual on other airlines, my jacket was taken by the flight attendant, but she never returned it. I have filed a complaint which took more than three weeks to be answered and the only response is that I should take care of my belongings and should have asked the flight attendants to take my jacket. It shows that they do not even properly read the messages. The jacket was taken in the first place by the flight attendant. I contacted their customer service chat and the only response is that I should wait for the answer from customer service. I will certainly never fly again with this airline. It is not the jacket, it is their poor customer service. Other airlines, specially with business class passengers, respond in a more promptly and caring manner.",4.0,1.0,2.0,3.0,3.0,1.0,1,no,Solo Leisure,Business Class,Colombo to Brussels via Abu Dhabi,October 2024,0,0.7307
etihad_airways,21st November 2024,R Hayne,1,True,"✅ Trip Verified |   First time flying Etihad and I assure you it will be my last. We are currently sitting on the plane at 5:20pm on the runway at JFK for a flight that was supposed to leave at 1:40pm. We were sitting on the runway, pilot said “we should be on our way in no time” and the next thing you know we were there for 90 minutes without any update. We have heard at least 7 times over these past 4 hours that it will be “another 20 minutes or so” we haven’t been given an explanation as to what the issue is. The problem I have is the lack of transparency for the issue. Last update we received was 20 minutes and that refreshments were coming.  2 bottles of water for a flight of 300 plus people was the extent of the refreshments. Here’s the kicker - the engine is off so there is no air conditioning.",1.0,1.0,1.0,,1.0,,1,no,Solo Leisure,Economy Class,New York JFK to Abu Dhabi,November 2024,0,-0.7553
etihad_airways,19th November 2024,Krupesh Sawant,1,True,"✅ Trip Verified |   My recent journey with Etihad from NYC to Mumbai (08/30/2024) and back was an absolute nightmare. Outbound our JFK flight was delayed by 9 hours with poor communication and a $20 food voucher that barely covered anything. After boarding, the flight was diverted to London, where we sat on the tarmac for 3 hours for a crew change. Once in Abu Dhabi, we missed our connecting flight and had to sprint across terminals without assistance. We arrived in Mumbai 18 hours late. Filed a complaint about the ordeal, but after 60 days, no response. Customer service claimed it’s handled by another department, offering no help or updates. The return flight from Mumbai (11/09/2024) was canceled after hours of standing at check-in with no seating or luggage drop-off. We were rebooked on a 4:20 AM flight but waited another 3 hours on the tarmac. Upon reaching Abu Dhabi, our NYC flight had already departed. Etihad rebooked us 36 hours later, leaving us exhausted, with shifting schedules and constant misinformation. In total, this trip involved over 54 hours of delays, poor communication, and zero accountability. Etihad’s customer service is unresponsive, dismissive, and offers no compensation. I’ll never fly with Etihad again.",1.0,1.0,1.0,,1.0,,1,no,Family Leisure,Economy Class,New York to Mumbai via Abu Dhabi,November 2024,0,-0.9724
etihad_airways,17th November 2024,N Malinaye,1,True,"✅ Trip Verified |   My daughters had just a weeks trip to Mumbai from USA and we booked her business class. While returning in Mumbai she was given 2 boarding passes for the onward journey. On reaching Abu Dhabi, they downgraded her to economy citing the reason of flight overbooked. They even denied her the lounge entry. After fighting they allowed her lounge entry but yet downgraded her. We had booked ticket 3 months early for her comfortable travel. Etihad is one of the expensive so the cost of the ticket was high 3 months prior and yet she was downgraded. This experience ensures we never fly Etihad and warning others too that this might happen to you despite paying high fares.",1.0,1.0,1.0,1.0,1.0,1.0,1,no,Business,Business Class,Mumbai to New York JFK via Abu dhabi,November 2024,0,0.0129
etihad_airways,14th November 2024,Muhammad Bilal,1,True,"✅ Trip Verified | Terrible airline, pathetic customer support and always trying to loot the customer. Their customer support agent told me to book another connecting flight because the first one had more than 24 hours layover. I booked another flight and they did not let me board the plane because there were two different bookings.",1.0,1.0,,,1.0,,1,no,Solo Leisure,Economy Class,Munich to Lahore via Abu Dhabi,November 2024,0,-0.34
etihad_airways,13th November 2024,Daniel Wendel,2,False,"Not Verified | We booked our flight with Etihad and it said that one of our family members had a name that was too long. It didnt say anything else but ""contact Etihad and we can change it after your booking"". I did as told and then it cost me 100 dollars to get it changed. These hidden fees are terrible and enough to make me not want to support Etihad.",1.0,1.0,,,1.0,,1,no,Family Leisure,Economy Class,Copenhagen to Colombo,November 2024,0,-0.8111
etihad_airways,12th November 2024,H Davis,2,True,✅ Trip Verified | A brisk feedback and one is exasperated with this organisation. They just fail to get it right again and again and again. Last 5 flights - crew under trained - not able to manage the service on board - overwhelmed . On the ground app is useless - call centre useless. Only good thing about this airline is that Abu Dhabi is the base and is the ONLY reason to date to use them. Final straw this time flying business and total mess up again with seats - paid for upgrade to 1st class lounge with receipt and 25 minute debacle on gaining access. Not good enough - not acceptable. Happy to now fly Qatar with a stop over - after 12 years loyality. The reviews here don’t lie. Avoid this airline,1.0,1.0,3.0,1.0,1.0,2.0,1,no,Business,Business Class,Abu Dhabi to Dublin,November 2024,0,-0.9514
etihad_airways,12th November 2024,Enya Thackray,1,False,"Not Verified | Absolutely shocking to be honest. I thought this was supposed to be one of the best airlines. You cannot add extra baggage after 24 hours prior to the flight. Website clearly states it is $44 USD per 5 KG from Europe to the Middle East. Woman at airport said this is not set in stone and charged me 680 EUROS for my baggage. I did not have this money - I had to leave loads of mine and my daughter's clothes. I know what some people will be thinking, that I should know this etc - BUT I do fly all the time and I tried to book extra baggage and they wouldn't allow it. The website clearly states it will cost $44 per 5kg at the airport but NOPE. This is a Toal lie and subject to change by 4 times the amount apparently. Woman then wanted our Emirates ID even though we had already given our passport and husbands emirates ID had expired whilst we were away - she took this to her manager to see if this is ok - How ridiculous! We can still enter the UAE with a passport so what did this matter! She was absolutely horrible. Expected the plane journey to be better but nope. They ran out of water on the flight so no water, no tea, no coffee, and no water to flush peoples excrement on the toilet. Wonderful. Wasn't aware you have to pre book a children's meal as there was nowhere about this on the 'MY BOOKING' page when I had previously looked. Most flights just give you a kids meal when you're booking a kids ticket! Staff brought my 4 year old a pack of crayons as the captain announced our decent into Dubai. a bit too late. Overall - absolutely never again.",1.0,1.0,1.0,1.0,1.0,1.0,1,no,Family Leisure,Economy Class,Athens to Abu Dhabi,September 2024,0,0.8146
etihad_airways,5th November 2024,Farhan Khan,4,False,"Not Verified |  Worst customer service. On 30June24, I was flying from Istanbul to Abu Dhabi with my family of 4 and 15 minutes before the gate closing the new gate was announced and the new gate was also 15 minutes away by walk! It was Impossible to reach new gate which was gate F from old gate which was A. There was no announcement, no phone call, no announcement on LED screens at boarding gate, no Etihad staff looking for passengers with boarding passes already issued to them waiting at the previous gate. Later we got to know there is no office and no staff of Etihad always at Istanbul airport. Etihad is managed by third party called Celebi. When we contacted call center they told us that penalty of No Show would be charged and only our travel agent can book the flight.  When our travel agent tried to book the next flight there were no seats available for 2 days. We booked Qatar airways which cost us 2400USD but the service level was on another level compared to Etihad Airways. As per Etihad Airways rules full refund is eligible if boarding time is less than 30 minutes, in our case the boarding started at 6:50 and gate closed at 7:15 and at 7:00 the gate change also happened. Its common sense that why would family of four people with boarding passes already issued to them and they are sitting at boarding gate well in advance will miss there flight? Etihad airways customer service has refused any refund or compensation via email on 12 July24.",,,,,1.0,,2,no,Family Leisure,Economy Class,Istanbul to Abu Dhabi,June 2024,0,-0.7051
etihad_airways,3rd November 2024,Poonkodi Vasanthan,1,False,"Not Verified |  I was a frequent flyer of Etihad (gold) and being based out of Abu Dhabi used it regularly for 5 years - however an extremely negative experience in Dec 2022 made me never travel Etihad again. There was a problem of a flight that got cancelled by a partner airline (though I had booked my ticket with Etihad and had a Etihad code) . I flew on my own for the leg that was cancelled simply because there was no staff available in the airport to help. However, Etihad ground crew in Delhi made me buy a new ticket for a second leg of my journey. When I reached Abu Dhabi and called their contact center, wrote emails and via their social media messaging - - however no help was extended and I did not receive a single call back. This was dismaying customer service - I paid twice for the same tickets and not a single call to explain why am I responsible for a cancelled flight It's been 2 years and I have not taken a single Etihad flight (though I live in Abu Dhabi) and it's the most practical option - I use Abu Dhabi airport, but use either Turkish or Qatar airways for all my long haul options. They have appalling customer service the last 2 years !",4.0,4.0,4.0,4.0,1.0,1.0,1,no,Solo Leisure,Economy Class,Abi Dhabi to Delhi,December 2022,0,-0.8755
etihad_airways,3rd November 2024,T Ison,7,True,"✅ Trip Verified | The Etihad Airways website encourages passengers to enjoy a two-day stopover in Abu Dhabi and promises free accommodation during the stop-over. The website also lists a number of top-hotels (mostly 3- and 4-star hotels) where passengers are entitled to stay. Obviously, one can only choose the hotel after you have purchased the tickets. In my case, the offer of accommodation turned out to be a scam! Immediately after booking my tickets to Europe, I tried unsuccessfully to book my accommodation on the airline website. Subsequently, I called the airline call center for assistance. Initially, the call center offered to escalate; then asked to keep an eye for their email; and finally, just three days before my return told me arrange my own accommodation. They refused to give me a reference for my request so I have no record of my correspondence. A casual search on the internet shows many others have fallen for the same promotion. For a major airline to scam their passengers leaves a very bad taste. The airline should worry about their reputational damage.",5.0,3.0,4.0,5.0,5.0,,4,no,Solo Leisure,Economy Class,Kuala Lumpur to Vienna via Abu Dhabi,October 2024,0,-0.9102
etihad_airways,30th October 2024,B Hassan,1,True,"✅ Trip Verified | Worst plane ever, EY718, 26 October 2024. First the flight was delayed for 3 hours. Small and uncomfortable seats. No meal just a tiny chicken sandwich. Everything was unacceptable.",1.0,3.0,1.0,1.0,1.0,1.0,1,no,Couple Leisure,Economy Class,Cairo to Abu Dhabi via Giza,October 2024,0,-0.9153
etihad_airways,25th October 2024,Phil Newell,1,True,"✅ Trip Verified | Will never fly with Etihad again. Plane seemed really old, poor picture on the screens and very uncomfortable seats! Paid to reserve seats on the flight home with extra leg room - only to be told upon arrival at the airport that the plane had been changed so we had been reallocated seats. Alas, without the extra leg room we paid for. Asked if we could get a refund on the payment for the seats we never saw and, to cut a very long story short, after 5 months still havent received anything despite chasing them up on numerous occasions. Terrible, terrible customer service! Avoid!! Pay more to fly with someone else if you need to!",1.0,2.0,2.0,2.0,1.0,,2,no,Couple Leisure,Economy Class,Tokyo to Manchester via Abu Dhabi,May 2024,0,-0.9609
etihad_airways,22nd October 2024,Gary Colburn,4,False,"Not Verified | The first leg of my journey (Dub/Abu Dhabi) took the mickey. The flight took off ninety minutes late, food was barely edible and it was a cramped experience in terms of seating. Second leg was an improvement, flight was on time, food reasonably tasty and a bit more spacious in terms of leg room. Overall would I recommend Etihad, definitely not in economy as the experience was less than satisfactory.",2.0,2.0,2.0,,3.0,,2,no,Solo Leisure,Economy Class,Dublin to Beijing via Abu Dhabi,October 2024,0,0.8563
etihad_airways,18th October 2024,L Lewis,1,True,"✅ Trip Verified | Awful. Planes run down, broken tray table with disgusting food spills all through the inside where table had completely split, my daughter’s food kept sliding off into her due to table coming off on one side. Her TV was also broken and not working which made the 14 hour flight very long. One of the air hostesses stood on my bare foot with her heel with no apology. Horrible food barely edible apart from the last meal. Wifi cost to purchase ridiculous.",1.0,2.0,1.0,1.0,3.0,1.0,1,no,Family Leisure,Economy Class,Athens to Melbourne via Abu Dabi,October 2024,0,-0.9081
etihad_airways,12th October 2024,Muhammad Ibrahim,1,True,"✅ Trip Verified |   I traveled with Etihad Airways in February 2024, relocating to Australia, and it was the most frustrating travel experience I’ve ever had. They lost my luggage, which contained essential items like medications, electronics, makeup, and household goods. After two months of supposedly searching, they confirmed they couldn't find my luggage. I then filed a claim for the value of my lost items, which came to around 8,000 AUD, only for them to offer me a ridiculous 405 USD – barely covering the cost of my suitcase! Despite multiple attempts to negotiate for a fair compensation, they flat-out refused to increase the amount. What’s worse is that after I begrudgingly accepted this insult of an offer, they asked for my bank details to transfer the compensation. Fast forward 9 months, and I still haven’t received a single cent. I’ve provided the same details over and over, yet their staff are utterly clueless. Every time I contact them, I have to retell the whole story because they have no idea what’s going on. It’s clear they’re just using delay tactics to avoid paying me. I’ve lost thousands of dollars worth of items, and I’m beyond furious. I will never travel with Etihad again and would strongly advise anyone else to avoid them at all costs. This airline is completely unreliable and untrustworthy!",1.0,1.0,1.0,1.0,1.0,,1,no,Couple Leisure,Economy Class,Lahore to Melbourne via Abu Dhabi,February 2024,0,-0.9615
etihad_airways,10th October 2024,Divya Lalla,2,False,"Not Verified | Our flight from Boston on the way to Abu Dhabi started 30mins late on 2/09/2024. Food served by 7Ok usa time, after that no crew member answered any calls for water even. Next meal was served at 10.30 am Abu Dhabi time. The passengers kept asking but no response .. water too was given sparingly. A flight that charges so much for a ticket cant serve a small snack to travellers in between. They serve oreo cookies and  kitkat. The staff is pathetic, e flew three consecutive months everyone had the same pathetic experience. A very bad experience.",1.0,1.0,1.0,1.0,1.0,3.0,1,no,Family Leisure,Economy Class,Boston to Mumbai via Abu Dhabi,September 2024,0,-0.973
etihad_airways,9th October 2024,Aparna Pillai,3,False,"Not Verified | 
Sorry to say but Etihad has one of the worst customer services. First of all if you have changed your booking once, Etihad doesn’t allow you to change the booking again on your own. You have to go through their agents to update it again. And it took me almost 1 hour 30 mins to get my ticket updated with a customer service rep. You telling me if I should reserve almost 2 hours from my day to change the departure date on a flight? Then, you are doing something wrong as a company.",,,,,1.0,,5,no,Couple Leisure,Economy Class,New York to Mumbai via Abu Dhabi,August 2024,0,-0.8533
etihad_airways,7th October 2024,Farhan Shaikh,2,True,"✅ Trip Verified |   My flight was from Dublin  to Mumbai  via Abu Dhabi. Due to a delay in Dublin, I missed my connecting flight. The airline offered accommodation and booked me on an alternative flight the next day at 14:00, whereas my original flight was at 21:50. The staff took my passport to process my visa and told me to wait for six hours before they could arrange accommodation. This has been a terrible experience with Etihad, and the staff were rude and unhelpful. Traveling with Etihad was my biggest mistake; it was my first and last time flying with them.",2.0,1.0,3.0,2.0,1.0,1.0,1,no,Solo Leisure,Economy Class,Dublin to Mumbai via Abu Dhabi,October 2024,0,-0.8658
etihad_airways,5th October 2024,L Kareyn,1,True,"✅ Trip Verified |   I have never experienced this bad customer service like this trip with Etihad. First, it took them two hours to just check us in, as a supposedly sophisticated international airline they seemed to weirdly lack the experience in dealing with some nationalities. Second, they rescheduled our flight for 6 hours later than original, so now we have to wait 9 hours at the airport overnight with no proper service what so ever, not even a lounge nor a place to stay, no nothing. All they could say is that we can rest at gate E for the next 9 hours! I shall never fly with Etihad again. Neither recommend.",1.0,2.0,,,1.0,,1,no,Business,Economy Class,Osaka to Tel Aviv via Abu Dhabi,October 2024,0,-0.7208
etihad_airways,4th October 2024,Ranjita Singh,1,False,"Not Verified | A Fruit Platter had been ordered by my daughter. However, I switched seats with her as she wanted the window seat. The steward refused to offer an alternative to me and said I cannot any meal from the menu card and only if there was something left over after 3-4 hours could he give me something. My daughter slept and did not eat anything! He did not take any order or offer an alternative. After 7 hours into the flight a stewardess (not the steward) came and asked ""maybe you want something"". I felt disrespected and ignored. And then I had lost all appetite.",4.0,1.0,1.0,,2.0,5.0,1,no,Family Leisure,Business Class,Mumbai to Toronto via Abu Dhabi,August 2024,0,-0.8313
etihad_airways,3rd October 2024,Vanesa Boch,3,False,"Not Verified | I recently experienced a deeply disappointing journey with Etihad Airways on my flight from Adelaide to Brussels on September 19, 2024. My trip was marked by significant issues that left me frustrated and dissatisfied. To begin with, my baggage was lost during transit, which contained three crucial conference posters I needed for an international conference the following Monday. Not only did the posters fail to arrive, but I received confusing emails indicating they were supposedly arriving at different airports and at various times. This lack of clarity was incredibly stressful, forcing me to incur unexpected costs to print the posters again. I submitted a claim online for reimbursement, but I have yet to hear back from Etihad regarding this matter. Adding to my frustration, my return flight was delayed, causing me to miss my connecting flight from Sydney to Adelaide. While transiting in Abu Dhabi, I inquired about this delay, hoping for assistance. Unfortunately, the Etihad staff were unhelpful and insisted that the flight between Sydney and Adelaide was the responsibility of Virgin Australia, which I found to be inaccurate and misleading. Also, when enquiring Etihad air hostesses about the possibility of giving priority to disembark to customer with connecting flights, they said that they were unable to do so and that many people on the flight were having the same issue and were unable to give any priorities for early disembarking to anyone. This lack of accountability only added to my frustration. Eventually, I had to call my work travel agent, who were able to book me another flight with Qantas. Neither Virgin Airlines or Etihad were able to provide help get me into another flight as a direct result of a flight delay from Etihad. I submitted a complaint to Etihad and asked for a refund of this new flight, which should have been done by Etihad, but unfortunately I have not heard back from them, yet. Overall, my experience with Etihad’s customer service was far from satisfactory. I encountered rude and unhelpful staff, both in person and over the phone, where my calls were abruptly ended rather than addressed. I sincerely hope that Etihad takes this feedback seriously and implements improvements in communication, responsiveness, and customer care. Enhancing these areas would greatly benefit future passengers and help restore confidence in the airline.",1.0,1.0,2.0,1.0,1.0,2.0,1,no,Solo Leisure,Economy Class,Adelaide to Brussels via Abu Dhabi,October 2024,0,-0.7485
etihad_airways,2nd October 2024,B Reddy,1,True,"✅ Trip Verified | In more than 50 trips, I've never received a worst treatment in terms of customer service but left alone, in an intermediate country during a stopover. My initial flight from Pune to Delhi never reached Delhi due to bad weather conditions but landed in Lucknow with the consequent miss of the following segment. Eventually Vistara re-booked this flight the bery next day. Once in Abu Dhabi, where I was supposed to do a 2 nights stopover, as sponsored by Etihad itself, I've found that by rebooking the flight, my reservation for the final destination, Abu Dhabi - Rome Fiumicino has been cancelled! After calling both the customer service numbers in Italy and Abu Dhabi, I've been told that it was impossible to restore my reservation because the flight, a flight which was confirmed until 24h before, was fully booked and they could place me on the following flight in 5 days time. Furthermore, the eventual hotel stay was supposed to be paid in advance by myself and eventually submit a refund request. In the meantime, while trying to insist with the customer service that finding myself a hotel room with such a short notice, in a foreign city, where I was travelling alone, wasn't acceptable, I checked on the Etihad website and was able to book the exact same flight (1350euros). This was the flight the CS said was fully booked. Nevertheless, I've been accused of a No Show thus all customer service officers were impossibilities of placing me on the return flight under initial booking reference until less than 48hours prior my return flight. The lack of professionalism of Etihad stroke me and risked to leave me alone in a Stopover city for 5 days, forcing me to pay for an extra flight, pay also the cancellation fees for the flight I also, in the meantime, purchased with another company for the 25th of August. I would also like to highlight that, I opened the 1st claim in August and still didn't hear back from them altough the customer service comunicated that a feedback shall be given within 28 days.",3.0,3.0,3.0,3.0,3.0,,1,no,Solo Leisure,Economy Class,Pune to Rome,August 2024,0,-0.9635
etihad_airways,30th September 2024,S Marsita,1,True,✅ Trip Verified |   Horrible carry on baggage policy. The combined weight of laptop bag or backpack or purse and a carry on bag can’t exceed 15 lb. How can you bring anything onboard when the weight of empty bags itself will be like 5-7 lbs. When flying from US to India I didn’t have the issue with Carry on bag weight. But when returning from India I wasn’t allowed to carry more than 15 lbs combined carry on weight. The ticket had mentioned that only linear dimensions are restricted but not the weight but Etihad staff didn’t listen to me. I had to leave 6 lbs of weight behind. Such a horrible airline which doesn’t honor its own policy per the ticket issued. Avoid it at all cost.,1.0,1.0,1.0,1.0,1.0,1.0,1,no,Solo Leisure,Economy Class,Ahmedabad to Chicago via Abu Dhabi,September 2024,0,-0.8338
etihad_airways,28th September 2024,K Baljeet,2,False,"Not Verified | Flight was delayed 2.45 hours. After arriving early from NYC total layover time at the airport was 3+ hours, no information provided. Gate changed twice, so run around in the airport. Terrible 1st experience with Etihad. Contacted airline and they did not offer anything but the new gate number. Missed my ride in Delhi.",3.0,4.0,3.0,4.0,4.0,3.0,2,no,Couple Leisure,Economy Class,New York to Delhi via Abu Dhabi,September 2024,0,-0.6652
etihad_airways,28th September 2024,Fazeen Mohamed,5,True,"✅ Trip Verified |   Abu Dhabi to Jeddah on 27th September 2024/ 2.05 am. The Aircraft was decent, food was delicious, but the crew was the worst. A passenger wanted to go to the washroom while the attendant lady cleared the food trays. He was waiting for some time and then he asked the attendant he needs some space to go to the washroom, then she replied we’re busy sir wait for some time. Then he waited for like 3 mins and asked again then she replied again with an irritated voice “ we’re still busy sir wait, then lastly he asked again , then she gave him some space, and uttered something seeing the passenger from the back. A passenger pressed the call button and the air hostess reached to the passenger after 9 mins, which I believe is a very long time . And when the button was already pressed another attendant passed it and went to the front without even noticing it, maybe she ignored. Drinks were not offered for everyone.",4.0,1.0,5.0,5.0,3.0,5.0,3,no,Solo Leisure,Economy Class,Abu Dhabi to Jeddah,September 2024,0,-0.7783
etihad_airways,25th September 2024,N Anderson,3,True,"✅ Trip Verified | This airline has sadly gone cheap. I flew with Etihad twice previously and they had modern planes with passenger-friendly policies. Now, the planes are dated and they do everything they can to get a few extra dollars from you. I had advance seating options, but these were changed at the last minute. Also, with my ANA star alliance Gold status, I was previously given benefits, since ANA was a “mileage partner”. This included priority check in, boarding, and most importantly, lounge use. This time, none of these benefits were given, and ground staff was quite rude, and seemed proud of their ignorance as to why this policy changed. One bright side: to food is still pretty tasty. Overall, a very disappointing experience though.",2.0,2.0,4.0,3.0,1.0,,2,no,Business,Economy Class,Kansai to Rome via Abu Dhabi,September 2024,0,0.456
etihad_airways,24th September 2024,C Marks,2,True,"✅ Trip Verified | Terrible Experience with Etihad Airlines – Never Again! I had a deeply disappointing experience flying with Etihad Airlines recently. Our flight was rescheduled. This change forced us to scramble and buy new tickets for our local connecting flights, which ended up costing us a significant amount of extra money. To make matters worse, when we reached out to Etihad for compensation for the additional expenses we incurred due to their schedule change, they outright denied any responsibility. The lack of communication (Etihad took almost 2 months to respond), poor service, and refusal to assist us left us feeling completely disregarded as customers. This experience was stressful and costly, and I’m incredibly frustrated with how Etihad handled the situation. I would not recommend flying with them unless you’re prepared for unexpected changes and no support when things go wrong.",1.0,2.0,1.0,1.0,1.0,1.0,1,no,Couple Leisure,Economy Class,Melbourne to London via Abu Dhabi,September 2024,0,-0.9865
etihad_airways,23rd September 2024,Tobin Thomas,1,True,"✅ Trip Verified |   JFK to Bangalore, August 30th to 31st. I arrived at T4 at 10 am, Etihad had a surprise for us - a 6.5-hour delay!  No email, no SMS. Upon check-in, I was offered a choice: proceed or get a full refund. The Etihad lounge, a beacon of information... or not. Staff seemed to be playing a game of ""Who Knows Least About Transfer Tickets."" The winner? A lovely lady who offered me water to ""ease"" my concerns. How thoughtful! Just when I thought things couldn't get more exciting, Etihad threw in a plot twist - a detour via London!  The 1.5-hour crew change in London was the cherry on top of this delay sundae.  In a magnanimous gesture, Etihad arranged for me to fly earlier - only 26 hours late instead of 30! The catch? A downgrade to the economy and no compensation. This was a special arrangement in favour of no compensation, no offer to upgrade the next flight.. all at a ransom. Take it or leave it. The grand finale - a 42-year-old man sprinting through the airport with 12kg of luggage. Because nothing says ""premium travel experience"" like an impromptu marathon. As I prepare for my return journey on October 5th, I find myself wondering: Will this be another Etihad adventure, or my last dance with your airline? I hope you see the myriad issues here: Lack of timely communication about delays. Inadequate assistance for missed connections. Poorly informed staff at various touchpoints Downgrading without compensation or an offer to upgrade the next flight. Failure to update the app with crucial information Overall disregard for customer comfort and convenience I've been a frequent customer, frequently flying business and first class. I'm curious - is this how Etihad aims to retain its premium passengers?",3.0,3.0,3.0,3.0,1.0,3.0,1,no,Business,Business Class,New York to Bangalore via Abu Dhabi,August 2024,0,0.9556
etihad_airways,20th September 2024,S Karsten,5,True,"✅ Trip Verified |   Changing of selected seats after booking was impossible via website and app as well. Call center not responsive. When change finally possible at online check-in, I had to pay additional fees. After booking a flood of marketing mails offering paid upgrades to business class, nearly every day. Additionally invitations to get a member and enjoy ""big rewards"" like free WiFi Chat. On board nothing to find about WiFi Chat, crew can't help. The staff at passport control and security check at the airports was a lot more responsive to friendly behavior then the staff of Etihad.  Felt not like a valued customer at all. On one of the flights of my journey 3 ladies sitting in front of my row, were very annoying for all passengers around with loud noise, permanent special orders and garbage around. The crew acted with them like 1st-class, while complaints from other passengers were totally ignored. I was woken up and asked 40min before landing to make my seat up, while they were allowed to leave their seats far backward. Complaints ignored.  Food quality & taste changed from flight to flight. Starting from Abu Dhabi very poor quality, starting from other airports much better. This regards the standard meals same as the special meal some of my group had.",4.0,3.0,3.0,4.0,4.0,1.0,3,no,Business,Economy Class,Frankfurt to Phuket via Abu Dhabi,September 2024,0,0.8173
etihad_airways,19th September 2024,L Hamura,4,True,"✅ Trip Verified |   The entire flight was a disaster. My flight from CCJ to AUH was delayed by 55 minutes and while entering the Calicut airport 4 hours before the departure, I was told my flight is rerouted and there would be an additional stop in Frankfurt apart from Abudhabi. This made by whole journey delayed by 5 hours . The CCJ groundstaff lied to me saying the AUH-DUB was cancelled due to some aircraft issue and the changed flight (AUH-FRA-DUB) was made for the same reason. When I reached Abu dhabi, I got to know the AUH-DUB was overbooked and hence I was rerouted to Frankfurt and then to Dublin. Instead of reaching 7:30 am in the morning I landed in Dublin at 12:30 pm. I had to face the trouble for overbooking which was not even my fault. All arrangements I made for my pickup in Dublin had to be all cancelled because of this inconvenience. I really wonder how this airline won any awards as they claim in 2022. The customer service is a joke and I regret choosing this airline",2.0,2.0,3.0,2.0,1.0,1.0,1,no,Solo Leisure,Economy Class,Calicut to Dublin via Abu dhabi,September 2024,0,-0.8663
etihad_airways,14th September 2024,Bima Sastera Atmaja,1,True,"✅ Trip Verified | Worst return flight experience ever. RUH to CGK and CGK to RUH. Having online boarding pass in the Etihad app was not welcome by ground staff they insisted me to have paper/printed boarding pass it's nonsense, uncomfortable seat, charging port not working, one crew insisted charge my mobile in their kitchen pantry and when I asked to return my mobile they don't know it because the previous crew on break rest it's becoming very difficult/hassle for me as I don't know the crew name, unfriendly crew none of them introduced themselves - how was I supposed to know their name? I traveled with a 3year old kid and the crews didn't make it any easier. Worthless Etihad Guest membership since 2018 nothing valued, respected, and recognized as member.",1.0,1.0,3.0,2.0,1.0,1.0,2,no,Family Leisure,Economy Class,Riyadh to Jakarta via Abu Dhabi,September 2024,0,-0.9548
etihad_airways,14th September 2024,Sergey Pavlovich,1,True,"✅ Trip Verified |   I had a flight from Phuket to Abu Dhabi and from Dubai to Bishkek after (by Emirates). But Etihad told me that my flight is overbooked and I don't fly today. I lost time, money for my second tickets, and also now 22 days already and they didn't refund my money for original tickets ($2100, not cheap).",1.0,1.0,1.0,1.0,1.0,1.0,1,no,Business,Economy Class,Phuket to Abu Dhabi,August 2024,0,0.0
etihad_airways,5th September 2024,Diana Paul,1,True,"✅ Trip Verified |   Definitely not fly with Etihad again. Try a different airways which does proper service. They offer low cost and when you end up with issues, there will be no response from Etihad. I paid approximately Euros 700 flying from Dublin to Chennai via Abu Dhabi, while in Abu Dhabi i missed the flight as there was only 1 hour between transit. In this hour you have to clear the airport security and then do your rest room activities. I did miss the flight and the boarding gate was closed within 30 mins. Fine what happens next will bother you. - Etihad airways told me to go away from the area and stay in the main area till i book my new flights - I did book a new flight on my expense in the next 24 hours for which i was asked to book again via Etihad airways only and the cost was Euros 250 - I did ask for a stay there till i get my new flight, but i was denied even not a water bottle. My return flights from Chennai to Abu Dhabi were also cancelled by Etihad. The no show fees was Euros 520, which is more than the cost of the flight if you book from Chennai to Abu Dhabi. I have not travelled on my return flight, why cant they pay it back. I am now booking my own flight back, but this is inhumane and no way you can contact the customer support.",1.0,1.0,1.0,1.0,1.0,1.0,1,no,Solo Leisure,Economy Class,Dublin to Chennai via Abu Dhabi,September 2024,0,-0.7879
etihad_airways,4th September 2024,Leena Kundnani,1,False,Not Verified |   I traveled from JFK to Mumbai and back on the same route. On both routes I had specifically prebooked my meal preference of Hindu meal. However on both routes I did not get the preferred meal and was offered the general meal. It was manageable while going to Mumbai but on the way back I had made sure I prebooked my meal and was offered either a lamb meal which I don’t eat or paneer and I am allergic to paneer. I had nothing to eat for 13 hours of the flight. I requested the staff if they had any snacks they could give me once they finished serving the meal to everyone and she said she would get me something but no one got me even a pack of cookies or chips. I was told that the meal being served to all is the meal I had asked for which is NOT true. I don’t see the point of booking a meal 2 days before the flight if I am anyways going to be served the regular meal. No one even bothered to come and find out if I was ok or neeeded anything given I hadn’t got a meal for 13 hours. This was my first time via Etihad and I was totally disappointed,1.0,1.0,1.0,3.0,1.0,1.0,1,no,Family Leisure,Economy Class,Mumbai to New York,September 2024,0,-0.9215
etihad_airways,2nd September 2024,S Miller,1,True,✅ Trip Verified | Etihad is a scam airline. I got a credit for a flight that was canceled - over $4.5k. Then they changed the travel bank system and emailed saying the system would be unavailable for a period of time and I would receive my new login details when it was back up. They didn't send me any further information nor did they respond to my customer service emails. During this time my credit expired and they refused to extend it - they are thieves and scam artists - avoid booking with them - and if you do have to book never accept a credit - you will never see the value.,1.0,1.0,,,1.0,,1,no,Family Leisure,First Class,London Heathrow to Dubai,September 2024,0,-0.9274
etihad_airways,21st August 2024,C Hatton,1,True,"✅ Trip Verified |   Please do not fly with Etihad. Their customer service is appalling. We were booked to fly to Rome but unfortunately never made it. A few weeks after booking, I was diagnosed with brain cancer and had to cancel our trip. Etihad’s customer service was absolutely terrible. After a dozen phone calls spanning months trying to move/credit/refund our flights, they are still yet to do it. They made no attempt to provide clear information about the process, or the status of the claim. We found out on the last call that the reason it was causing issue was because my partner and I aren’t married. Despite being together for years, living at the same address they refuse to recognize a de facto relationship and flat out refused to credit/refund his ticket. Mine is still “pending”. At no point did they have any sort of sincerity towards the situation and made what was a difficult time in ours lives so much worse. This was also after they originally double charged me for the two plane tickets which took two weeks to be refunded. Which also required dozen of hours spent on hold, with no explanation as to how it happened in the first place. I can’t stress enough how disappointed I was and I will never be flying with Etihad again. It takes a lot for me to get frustrated enough to post on the internet but I want to make sure this doesn’t happen to other. We also booked directly with them (no 3rd parties) so it just shouldn’t have been this difficult. So many other airlines are better, avoid Etihad",,,,,,,3,no,Couple Leisure,Economy Class,Sydney to Rome via Abu Dhabi,August 2024,0,-0.9929
etihad_airways,12th August 2024,R Nyari,1,True,"✅ Trip Verified |   Etihad airways is the worst airline on the planet. Don't be fooled by the deals offered, they have put us through hell. They cancelled our flight mid journey. They sent us reminders to check in from London Heathrow to Abu Dhabi before check in. We checked in and travelled to Abu Dhabi with Etihad airways. They sponsored our visa in Abu Dhabi which can only be done on the basis of a valid ticket onwards from Abu Dhabi to another destination. When I tried to book wheelchair assist for the Abu Dhabi to Nairobi leg of the flight, I was informed that the flight was cancelled in May. How did we travel on this ticket to Abu Dhabi on Etihad? How was our visa sponsored in July if our ticket was cancelled since we used our tickets as proof that we would be leaving Abu Dhabi after 96 hours? We even had a hotel booking sponsored by Etihad airlines under the free stopover and we checked into the hotel and stayed there for the time sponsored by Etihad? How was this possible on a cancelled ticket. We have been in touch with Etihad via online chats and have records, phone calls which unfortunately we have no records, email and face to face at the airport as well as social media. They insist we must have a case number which can only be generated if you contact them via their website. The feedback form will not accept our flight number so we can't create a case. In the meantime, our journey destined for Nairobi via Etihad with arrival of 1.05 pm on 11th August has been severely disrupted. We were rerouted through the slowest available route adding more than 36 hours to our journey. We have not been offered food, water or accommodation. Etihad insists that they communicated flight cancellation but every person from Etihad who responds to us on chat or social media provides different dates for when communication about cancellation was done. If our flight was cancelled, why were we not informed before being invited to check in online in August and being issued with a 96 hour visa in July to visit UAE as well as being hosted in an Etihad sponsored hotel as Etihad guests on the ticket which they claim was cancelled. When a ticket is cancelled, aren't alternative flight arrangements made or refunds after informing the customer? Etihad has now been asking as since Thursday 8th August to cancel the ticket for a refund. What kind of dishonest behaviour is this? Taking customers money in February and issuing flight tickets and then asking customers to cancel the tickets for a refund after 5 months when ticket prices have peaked and they can't get the same journey for the same amount as prices are more than double. We bought a service but the delivery is disappointing. Our return flight that has now been offered by Etihad is 35 hours and we are travelling with children. Etihad should not ask me for a case number as they have not issued me with one even though I have been in constant communication with them. If they wish to address this issue, let them provide an email address where I can resend them the same information I have communicated via online chat, telephone and face to face. The online feedback system says my flight number is invalid so I will never be able to submit a case if they only have one mode of receiving complaints. The experience is shocking. I never imagined a company would be this dishonest and uncaring. Online complaints and poor reviews confirm this bad",1.0,1.0,1.0,1.0,1.0,1.0,1,no,Family Leisure,Economy Class,London to Nairobi via Abu Dhabi,August 2024,0,-0.9945
etihad_airways,9th August 2024,Kashif Babar,2,True,✅ Trip Verified |   My family came through Etihad Airways. Their luggage was broken while handling by the Airline employees. I did complain twice on line and contact customer service regarding my complaint. No one get back to me. Nor I have received any response from the airline. The worst customer service. I have never seen such a bad airline.,2.0,2.0,,,1.0,,2,no,Family Leisure,Economy Class,Islamabad to Paris via Abu Dhabi,June 2024,0,-0.9485
etihad_airways,7th August 2024,Irfan Muhammad,5,True,✅ Trip Verified |   Disappointing from the previous times especially the flight service/staff behaviour. The food was again just okay on the flight from Bangkok to Abu Dhabi. The leg space was also painfully compromised.,2.0,2.0,3.0,3.0,3.0,3.0,2,yes,Couple Leisure,Economy Class,Bangkok to Lahore via Abu Dhabi,July 2024,1,-0.6908
etihad_airways,6th August 2024,Stefan Steinwandt,1,True,✅ Trip Verified |   It was a really bad flight. The air conditioning blew very cold air and cooled down so much that people froze and even had to cover themselves with blankets. It also caused me health problems. There was no way to regulate the air in individual seats. To assume that every passenger needs exactly the same temperature and then to set it as very cold is an absolute disgrace. Even reporting it to the flight crew several times didn't change anything. They then said that we should put blankets over our heads!,1.0,2.0,4.0,4.0,1.0,,4,no,Couple Leisure,Economy Class,Frankfurt to Abu Dhabi,July 2024,0,-0.9039
etihad_airways,29th July 2024,P Par,1,False,"Not Verified |   Horror to deal with at airport counter of Etihad airways. My old and non-English speaking relatives missed the flight due to gate change at Columbus airport and was rebooked by American Airlines the next day via Chicago ORD. The luggage already left for Boston. When they reached the Chicago next day, the rude and unprofessional counter agents refused to honor the booking even though it wa confirmed by the Etihad customer service. The staff won’t let them board without luggage which we didn’t have as it had left without us. Finally they made thru the security and reached the gate anyway and yet again the same staff was there but this time a kind staff helped my relatives to talk to the manager who reissued the new ticket in no time. Never again with Etihad.",,,,,5.0,,1,no,Family Leisure,Economy Class,Columbus to Ahmedabad via Chicago,July 2024,0,0.3917
etihad_airways,24th July 2024,Sam Hammad,1,True,"✅ Trip Verified |  Terrible customer service throughout. Damaged / lost parts of my my daughter's wheelchair during outbound flight going to Abu Dhabi, reported on arrival, daughter spent the whole week holiday struggling to use her only method of mobility. 3 months down the road and still not single acknowledgement or apology from the customer service after numerous calls, emails and messages. Finally now accepted to compensate for the physical cost of replacement of missing parts/damage repair. Dealing with customers service during all this time was like dealing with interrogation department of criminal courts from the amount of documents and forms to fill. Never again. Advice to others, document and take photos of everything, just incase you had to deal with them for lost or damaged property. Or don't fly with them.",3.0,4.0,2.0,3.0,1.0,2.0,2,no,Family Leisure,Economy Class,London Heathrow to Abu Dhabi,April 2024,0,-0.9246
etihad_airways,23rd July 2024,Sudeep Varkey,2,False,"Not Verified |   Though I had several options from Bengaluru to Dublin, I booked Etihad thinking that at least it will take me to the destination on the same day. The flight was delayed from Bengaluru. The Dublin flight left on time. The booked us a flight the next day. First, they said accommodation will be provided, later we were told it would take at least six hours to process the Visa. When I asked them if it's the case with passenger travelling in other classes, I was told it's same. I had a terrible experience sitting on a chair and walking around it for almost 12 hours. I would never travel again with Etihad.",3.0,3.0,3.0,,1.0,1.0,1,no,Family Leisure,Economy Class,Bengaluru to Dublin via Ahu Dhabi,July 2024,0,-0.6124
etihad_airways,19th July 2024,B Reddy,5,True,✅ Trip Verified | I paid for an Aisle seat in front 18 C on making a payment of €48.18 just for the sake of my medical issues to go to toilet frequently but the seat was not reclining and neither the USB charging port was working. I reported the same to cabin crew for the same. I had a terrible time for 6 hrs flight with sever backache as I am a Senior Citizen. On my way from Bombay to Barcelona was amazing. This was an ordeal and stressful. I need my payment to be refunded.,1.0,3.0,1.0,,5.0,2.0,2,no,Business,Economy Class,Rome to Mumbai via Abu Dhabi,July 2024,0,-0.5267
etihad_airways,11th July 2024,Tom Wayman,1,True,"✅ Trip Verified |  The customer service at this airline has to be the worst I have ever experienced. Long story short, what should have been a simple name change on a ticket has not only lead to me missing a return flight from Australia to Europe, yet also prevented me from buying another ticket on the same flight. I've since been going in circles with customer support, who have been panning me off and telling me I would receive a call. I just spoke to an incredible rude, blunt and unhelpful agent who had no idea of the issue and lied multiple times when he told me he had read the live chat I had with an agent the day before. It was clear that he had no idea of the issue and did not have access to the chat despite me emphasising how crucial the information in there was. I have been screwed around completely and have now had around 8 interactions with Etihad staff who have been unable to assist in the slightest.",,,,,1.0,,1,no,Solo Leisure,Economy Class,Melbourne to Vienna via Abu Dhabi,July 2024,0,-0.9245
etihad_airways,5th July 2024,Robin La Pere,2,True,"✅ Trip Verified |  Our flight from Shanghai to Abu Dhabi was OK but the second leg to London was a nightmare. We were supposed to take off at 2am but were advised that there would be a delay. After some time they said ground crew were working to fix the air-conditioning on the right side of the plane. We were sitting near the galley and couldn't help overhearing the flight attendants bitching about how they wouldn't be paid until the plane was in the air. We ended up sitting in the full, hot aircraft for 4 hours and being given only two small cups of water during that time. We were then asked to disembark but given no explanation of what we should do next. We had to wait until 7.30am to be taxied to a hotel for breakfast and a shower. When we finally took off at 2pm, there was a cursory apology from the flight deck and a new and more friendly crew. For lack of communication, empathy and professionalism, this was the worst experience we have ever had.",1.0,1.0,3.0,2.0,1.0,1.0,3,no,Couple Leisure,Economy Class,Shanghai to London via Abu Dhabi,June 2024,0,-0.9166
etihad_airways,5th July 2024,J Jenifer,1,True,✅ Trip Verified |  I flew from Melbourne to Madrid return via Abu Dhabi. I claimed the miles online and I only got the miles from two flights. This was from Melbourne to Abu Dhabi and Abu Dhabi to Melbourne. The other two flights they said they will update the miles on my account but I still can’t see them updated. I have been exchanging emails with them since May 24 until now. They are trying to keep me happy sending emails saying they are doing their best but I don’t believe a word they say. This is the worst experience ever and I don’t recommend this airline to anyone at all.,1.0,1.0,1.0,1.0,1.0,1.0,1,no,Solo Leisure,Economy Class,Melbourne to Abu Dhabi,May 2024,0,0.8573
etihad_airways,30th June 2024,H Warlana,2,True,"✅ Trip Verified |  It was one of the worst experiences with Etihad Airways on my recent flight from Toronto to Karachi via Abu Dhabi. The cup holder had chewing gum that I had to remove myself using tissue paper. The tray table was broken, which I only noticed when food was served and drinks spilled on my shirt. The food was average, and the tray was served without any paper, directly with the meal. Etihad's quality has significantly declined. It used to be a good airline 9-10 years ago, but now it is one of the worst. The aircraft appeared very old by the look of the interior. I will try to avoid this airline in the future.",2.0,2.0,2.0,2.0,3.0,3.0,1,no,Family Leisure,Economy Class,Toronto to Karachi via Abu Dhabi,June 2024,0,-0.9022
etihad_airways,19th June 2024,E Kameer,1,True,"✅ Trip Verified |  My recent experience with Etihad Airways on an international flight from Bangalore to Boston was disappointing and frustrating. The ordeal began with repeated flight delays without clear explanations, initially delaying departure by an hour, then extending to two more hours without any reasonable justification. After waiting painfully for 6 hours, the flight was suddenly canceled, leaving passengers feeling lost and frustrated. Etihad's management handled the situation poorly, showing a blatant disregard for the inconvenience caused to passengers. Instead of arranging alternative flights, they scheduled me for a replacement flight 20 hours later, with two additional connecting flights, each burdened with layovers of 8 hours and 7 hours respectively. This resulted in an waste of nearly 32 hours of travel time. Throughout this travel, there was a glaring lack of empathy or support from Etihad's staff, who seemed indifferent to the plight of their customers. No compensatory measures were offered, despite the significant inconvenience and disruption to travel plans. Based on my personal experience, I strongly advise against choosing Etihad Airways for future travel plans. Their unprofessionalism, lack of customer care, and disregard for passenger well-being make them a regrettable choice for anyone seeking reliable and considerate airline service.",2.0,2.0,2.0,1.0,1.0,,1,no,Family Leisure,Economy Class,Bangalore to Boston via Abu Dhabi,May 2024,0,-0.9768
etihad_airways,17th June 2024,B Aalbers,9,True,"✅ Trip Verified | I flew Etihad very recently from AMS to HKT via AUH and return from BKK to AMS via AUH. All flights in economy. All flights except the flight from BKK to AUH were on time. I booked an aisle seat for all flights and I also purchased priority access which allows you to check in at separate desk and to board the aircraft first alongside business class passengers. In my opinion this is a brilliant option becuse you avoid the rush and chaos of economy class check in and boarding. It's gives you plenty of time to stow you luggage and get ready for the flight. The boarding procedure is well organised. On board I found the seats offer enough comfort and acceptable seat pitch. Ebox system is very nice with a broad selection of movies and tv show. Live tv, including sports is available. Watched the Dutch national footbal team beat Poland. Food and beverage is of good quality. Wifi available for a decent price. On all flights I found the Cabin crew to be cheerful and helpful. The only thing I would like to add is some amenities in the lavatories. All in all very good value for money.",4.0,5.0,4.0,5.0,4.0,5.0,5,yes,Solo Leisure,Economy Class,Amsterdam to Phuket,June 2024,1,0.9775
lufthansa,5th July 2026,Diane Guntley,1,False,"Not Verified | We had a notification re strike action and the cancellation of a flight. Offered a ridiculous alternative flight, would have lost 1 day of a 3 day weekend break, and missed the concert we were going for. I asked them via the chat not to cancel my return flight - they cancelled it anyway. Had to re book the same return flight at increased cost. Found a better out going flight then the one they offered, with their budget airline at exorbitant cost. They obviously bumped their prices up. Have not been able to phone as none of the contact numbers are correct. Very unhelpful desk staff at the booth in the airport. Given a leaflet with an email address that didn’t work. Sent an email on 21st May apart from acknowledging receipt I have heard nothing. I am £785.14 our of pocket.",2.0,1.0,1.0,1.0,1.0,1.0,1,no,Family Leisure,Economy Class,Edinburgh to Munich,April 2026,0,-0.4137
lufthansa,29th June 2026,D Lanner,2,True,"✅ Trip Verified | Lufthansa managed to turn boarding into an unnecessarily unpleasant experience. My cabin bag complies with normal cabin baggage standards, yet their sizing system seems designed to reject anything that is not unrealistically thin. It feels arbitrary, frustrating, and disconnected from what passengers reasonably expect when travelling with cabin luggage.  Very disappointing service.",2.0,3.0,2.0,,1.0,1.0,2,no,Family Leisure,Economy Class,Munich to Hamburg,June 2026,0,-0.9041
lufthansa,4th June 2026,Michel Perrin,9,True,"✅ Trip Verified |   In the middle of a huge strike, LH succeeded in keeping its HND-FRA flight. Boarding was fa
on time, well organized, thanks to ANA staff. Food was not exceptional. Staff was extremely efficient, and present in a long day flight through North pole; this route do not permit Wi-Fi unfortunately, but views were spectacular, and much more interesting than internet. B747 LH seats are old style, but suitable for a day flight. Upper deck offers a unique confort due to the limited quantity of people in the same space. It is a a wonderful experience, that, by itself justifies flying LH on this route.",3.0,5.0,4.0,3.0,5.0,,4,yes,Couple Leisure,Business Class,HND to FRA,April 2026,1,0.9332
lufthansa,3rd June 2026,Radu Canciulescu,10,False,"Not Verified | Great overall experience (food, aircraft) but especially a big shout out to the flight attendants that were polite, smiling and making sure everyone had a great flight throughout the entirety of what it was a very long flight.",5.0,5.0,5.0,5.0,5.0,5.0,5,yes,Solo Leisure,Economy Class,San Francisco to Munich,May 2026,1,0.9091
lufthansa,1st June 2026,Michael Little,6,True,"✅ Trip Verified |   The first leg was on a Boeing 747-400. We received a very cheerful welcome with drinks and nuts served. The seating upstairs was old-style Business Class as expected, with limited storage and a small seatback screen. The flatbed was comfortable and full length. The vegetarian food provided was unexciting. The toilets were apparently unattended during the night flight, with toilet paper running out. The hard product was basic but comfortable, but overall the service and food were a little disappointing. The lounge we went to at Frankfurt was pleasant with a good range of food and drink, but rather crowded early in the morning. We were bussed to the aircraft -- all priority for priority passengers went out of the window as everyone piled on the bus together. Onboard the service was efficient and a tasty vegetarian lunch was served. The seating was the mean Euro-Business style. The flights were both on time and our baggage appeared on the carousel without delays.",3.0,4.0,3.0,,5.0,,5,yes,Couple Leisure,Business Class,Singapore to Sofia via Frankfurt,April 2026,1,0.9515
lufthansa,12th May 2026,Christian Klein,4,True,"✅ Trip Verified |  No lounge in Catania, no pre boarding, vegetarian options ran out after half of the passengers in a half empty business class. No difference to economy.",4.0,2.0,1.0,,1.0,,1,no,Couple Leisure,Business Class,Catania to Frankfurt,May 2026,0,-0.7506
lufthansa,10th May 2026,S Torpil,4,True,"✅ Trip Verified |   Flew from NQZ to FRA in Business on LH646. . When I arrived at NQZ airport the board stated LH check in was open but it was not and it took over 40 minutes for the LH staff to arrive. In spite of travelling C class and having Star Alliance Gold status there was no lounge access provided. Upon boarding the crew seemed suprised to see new passengers coming. They were apparently at the end of their previous leg from FRA and were apparently anxious to end their shift in ALA, hence no amenities or welcome drinks were provided and the cabin had not been cleaned. In ALA passengers to FRA were asked to leave the plane and ferried by bus to the terminal (in the middle of the night). We had to undergo additional security screening in the transit area. In ALA the crew changed and the new crew appeared to be only mildly motivated. As the flight leaves in the very early hours of the morning there was no meaningful food service until breakfast about 2 hours before landing. Breakfast was decent but not in line with the enhanced customer experience LH had announced as of May 2026. The flight landed approx 90 minutes late in FRA due to a technical issue in NQZ. My bag was one of the last to be delivered at the baggage belt although being marked as ""priority"". Unfortunately a lacklustre experience.",3.0,2.0,3.0,3.0,1.0,3.0,1,no,Couple Leisure,Business Class,Nursultan to Frankfurt via Almaty,May 2026,0,-0.9282
lufthansa,10th May 2026,S Torpil,6,True,"✅ Trip Verified |   Business Class from Frankfurt to Astana on a 14 year old A330. Chose this connection because Lufthansa is the only major western carrier apart from TK to serve NQZ. Boarding in Frankfurt was fairly chaotic and consisted of a transfer with crowded bus to an apron position (no dedicated bus for C class). The flight was on time and uneventful, however the old LH business class product is a far cry from being competitive. The crew were friendly and attentive, food and drink were ok, but nothing to write home about. All in all a rather mediocre experience.",3.0,4.0,3.0,3.0,3.0,3.0,2,yes,Couple Leisure,Business Class,Frankfurt to Nursultan,April 2026,1,0.0772
lufthansa,23rd April 2026,Michel Perrin,6,True,"✅ Trip Verified |   Nice to Osaka via MUC was the quickest way for the route. An expensive ticket. Boarding in MUC was delayed and chaotic. Onboard the seats were as expected, not of great comfort but the A359 was so silent and pleasant. Staff was exceptional. Our trouble was food. We had pre-ordered meals for the MUC-KIX flight but the pre-ordered meals (lunch) were not delivered to us.  And there was only one remaining option when they realized it.  2 hours before landing, there were not enough breakfast set for all Business class passengers.",3.0,5.0,1.0,3.0,2.0,4.0,3,yes,Couple Leisure,Business Class,Nice to Osaka via Munich,March 2026,1,-0.3557
lufthansa,12th April 2026,Alexandre Gerson,1,True,"✅ Trip Verified |  On flight LH193 from Berlin to Frankfurt I was subjected to an arbitrary decision at the check-in counter. Despite having the right to carry-on luggage, the staff forced me to check my bag. I stated that the bag contained medications, my laptop, and delicate collector's ceramics. My concerns were met with total indifference. To make matters worse, once I boarded, the cabin was half-empty. There was plenty of room in the overhead bins for my luggage.",,,,,1.0,,1,no,Solo Leisure,Economy Class,Berlin to Frankfurt,April 2026,0,-0.7425
lufthansa,7th April 2026,Richard Laycock,7,True,"✅ Trip Verified |   The flight from Frankfurt to Hong Kong was on a Boeing 787. It was a full and tough flight. It was 11 hour and 15 minutes. Take off was 30mins late, but arrived 2 minutes after arrival time. Quite a good selection on the IFE. Food was very average. The cabin crew weren’t very friendly. I didn’t like them walking around with torches as they would shine it in your face waking you up. It had WiFi give was great for messaging apps. On arrival at Hong Kong airport the taxi to get to the gate was crazy, it took 30 minutes. It’s a common thing apparently.",5.0,3.0,3.0,4.0,4.0,5.0,3,yes,Solo Leisure,Economy Class,Frankfurt to Hong Kong,April 2026,1,0.9482
lufthansa,7th April 2026,Richard Laycock,8,True,"✅ Trip Verified |   This Lufthansa flight from London Heathrow to Frankfurt was a rather uneventful flight. It was a few minutes over an hour to arrive. The seats and the carpet looked rather new. You were given a free bottle of water during the flight, there was buy on board available. Left on time and arrived 15mins early",5.0,4.0,,,4.0,,4,yes,Solo Leisure,Economy Class,London to Frankfurt,April 2026,1,0.5106
lufthansa,28th March 2026,Nicolas Wild,1,True,"✅ Trip Verified |   I endured a two-hour delay awaiting my luggage. Despite the display at the baggage carousel indicating a 'finished' status, my items had not arrived, necessitating a visit to the Lufthansa Service Desk. The staff there appeared overburdened After a protracted wait, I was informed that the luggage had been processed and was instructed to retrace my steps entirely to the reclaim area.",3.0,5.0,3.0,2.0,1.0,,4,yes,Solo Leisure,Economy Class,Zürich to Frankfurt,March 2026,1,-0.3182
lufthansa,25th March 2026,Eelco van den Heuvel,4,True,"✅ Trip Verified |   The legspace in the A319 is not different from Ryanair, Service is hardly any better: we got a small bottle of water and a tiny piece of chocolate. Welcomed by two air hostesses who were struggling to interrupt their chat to welcome passengers. One passenger had the audacity to ask for some water before taking off and was told to wait. On arrival one of the crew members was on her phone in stead of saying goodbye to the passengers. On the positive side: the flight landed 15 minutes earlier in Amsterdam and they have a good app with good information. I also liked the digital luggage tag. Would I recommend Lufthansa? The leg Munich-Amsterdam was the final of a trip from Asia. Having spent three weeks there and having flown with Middle Eastern and Asian airlines the answer is simple: no. Avoid LH if there is a choice.",1.0,1.0,1.0,,2.0,4.0,2,no,Solo Leisure,Economy Class,Munich to Amsterdam,March 2026,0,0.9363
lufthansa,25th March 2026,S Tegtmeier,5,True,"✅ Trip Verified |  FRA-LHR return. The first flight began stressful with two gate changes and a lot of walking through the terminal. The service onboard was minimal. You get a small bottle of water and a piece of chocolate. Food and drinks for purchase were offered, but the snack I was interested in was sold out. The flights were on time (more or less) and the crews were nice. Overall Lufthansa is reliable but the inflight experience is rather poor.",5.0,4.0,2.0,,4.0,,3,yes,Solo Leisure,Economy Class,Frankfurt to London,February 2026,1,0.2382
lufthansa,7th March 2026,R Maine,2,True,✅ Trip Verified | IFE failed on a 14 hour flight. First class was booked and catered to 4 - but then 4 upgrades at gate so not enough food. Vegetarian options very very limited and quality was mediocre. Lufthansa’s response to the service failure? 8300 points - equivalent to €25 off a next flight. So Lufthansa doesn’t care or value its First Class catering or IFE.,4.0,5.0,1.0,1.0,3.0,1.0,2,no,Couple Leisure,First Class,Haneda to Frankfurt,January 2026,0,-0.2527
lufthansa,2nd March 2026,G Marler,1,True,"✅ Trip Verified |   Checking in at BER with carry on 10 kilo so 2 kilos over the limit. When I flew business nobody did even check the weight or size last time.  I had to take out my necessities and meds blocking the counter. I guess my carry on went down to 9 kilo by then but it had to go on a journey. My bag been checked all the way to IAH. Been loaded on the belt go through system to be loaded to the plane BER-FRA. Had to be unloaded in FRA transferred to United plane in FRA and loaded in there to make its way to IAH. My question is why making it miserable for all involved waisting time, manpower and forcing meaningless stress.  I do not understand the meaning behind al this stupid stress generating rule.",1.0,1.0,,,1.0,,1,no,Solo Leisure,Economy Class,Berlin to Frankfurt,March 2026,0,-0.9645
lufthansa,26th February 2026,Phil Waddingham,1,True,"✅ Trip Verified | As a Senator level there’s no way to speak to somebody. Everything must be submitted online and nobody replies. Ripped off, sold me an expensive (double) economy ticket that I could upgrade it with vouchers and miles. Once I’d paid the money the upgrade was no longer available. Won’t refund it, nobody to complain to.",2.0,3.0,2.0,2.0,1.0,2.0,1,no,Business,Business Class,Frankfurt to Manchester,February 2026,0,-0.7096
lufthansa,23rd February 2026,R Harter,3,True,"✅ Trip Verified |   The agent at the business class check in at Berlin airport mishandled our bags, which resulted in a great amount of stress. We checked four bags with her, and she made two mistakes,  checked two bags under the same claim number and apparently did not tag one of our bags. When I did check the claim tickets she gave me - which were stickers stuck together - I realized that she only gave us 3 tags for the 4 bags. Thus began our odyssey of trying to track our fourth bag which had special items in it. We started with the agent at the business class lounge, and she attempted to help us. Long story short, every person we spoke to along our journey - other than her - was unhelpful. We had an Apple AirTag in our bag and could show them exactly where our bag was - sitting in Berlin airport. We offered to share the tracking information with them but they refused to accept it. Then we arrive in SFO and fill out a missing bag claim with their ""lost and found."" That person blamed other parties and systems and was unhelpful. I acknowledge that our flights were on time and the service in the business class cabin from Munich to SFO was quite attentive and good. The wifi was incredibly slow and why they charged us for it when we already were paying an exorbitant fare I cannot understand. Eventually our bag was delivered to our home..",3.0,4.0,3.0,,2.0,2.0,2,no,Couple Leisure,Business Class,Berlin to San Francisco via Munich,February 2026,0,0.0376
lufthansa,10th February 2026,D Geliere,8,True,"✅ Trip Verified |   Check-in smooth but unfortunately unable to select seats as flights were part of Air India codeshare. Luckily it resulted in an aisle and a window seat. Delhi-Munich on the A380 left almost an hour late but managed to arrive just in time. Plane was rather old, even no USB charging options, but clean and sufficient legroom and seat width. The IFE was just as dated but didn't bother me too much as this was a night flight. Service from the crew was spot on, fast distribution of the meals and timely cleanup and with several passages for additional drinks. Even received a hot towel, long time since I've seen this in economy. Got a tight 50 minutes layover in Munich, but it took only 20 minutes in total from disembarking the first flight to being on board the next flight - this including clearing security and immigration! Very efficient airport and would for sure prefer it over a 2 hours layover in Frankfurt. A319 to Brussels - standard no thrills short EU flight, arrived on time and the baggage made it so that's what matters.",4.0,5.0,4.0,3.0,4.0,2.0,4,yes,Business,Economy Class,Delhi to Brussels via Munich,February 2026,1,0.9327
lufthansa,2nd February 2026,Charles Roberts,10,False,"Not Verified |  A short flight so fairly bare-bones, but no complaints at all. I was concerned about seat comfort and pitch, but I was pleasantly surprised by the width and legroom - and I'm 6'2"". I could have easily been comfortable on a longer flight. Plane was very clean, and boarding was efficient. Cabin crew served beverages. The experience was much better than I thought it would be.",5.0,5.0,3.0,,5.0,,5,yes,Business,Economy Class,Amsterdam to Frankfurt,January 2026,1,0.9858
lufthansa,15th January 2026,E Marler,5,True,"✅ Trip Verified |   Short flight and on time, all good but only the fact that short haul European business class seating is just a free middle seat is strange. A world airline could do much better in the short haul segment.",1.0,4.0,3.0,1.0,2.0,3.0,2,yes,Solo Leisure,Business Class,MUC to FRA,January 2026,1,0.8422
lufthansa,11th January 2026,R Latzun,3,True,✅ Trip Verified |    Dissapointing. On both legs of our journey from Krakow to London via Munich they ran out of sandwiches after serving the first few rows. The plain was delayed almost an hour before take off from krakow so we did not have time enough to eat anything on the stopover airport in Munich. We paid for the Wi-Fi connection and expected it will last for both legs of the journey but you have to pay separately for each flight.,4.0,1.0,1.0,,4.0,1.0,4,no,Family Leisure,Economy Class,Krakow to Munich,January 2026,0,-0.2617
lufthansa,8th January 2026,G Hanzile,1,True,"✅ Trip Verified |  My flight from Frankfurt to Berlin was cancelled, and at the airport our luggage was not returned to us. Because we urgently needed to reach Berlin, we had to rent a car and drive ourselves. From that point on, the handling of the baggage situation was unacceptable. I filed a delayed baggage report and clearly stated several times that my suitcase contained urgent medication and that my stay in Berlin was limited. While other passengers from the same flight received their luggage or were even able to collect it themselves, mine was not delivered. Using an AirTag, I could see that my luggage was at Berlin airport, yet Lufthansa’s emails continued to say it was “not located.” I called repeatedly, shared the AirTag location when requested, and explained the urgency again and again. Nothing happened. I later received a delivery notice for a time when I had already clearly said I would no longer be in Berlin. Lufthansa admitted a mistake had been made but said nothing could be changed because the bag was already with the courier. The courier and subcontractors then passed responsibility back and forth, with no one able to help. Despite very clear communication from the beginning — including the fact that the bag contained medication — Lufthansa and its partners failed to coordinate even a basic delivery or update the destination. The luggage is still not with me. Extremely disappointing service.",2.0,1.0,,,1.0,,1,no,Solo Leisure,Economy Class,Frankfurt to Berlin,January 2026,0,-0.9215
lufthansa,6th January 2026,D Kavil,2,True,"✅ Trip Verified |   Tried checking in online so we wouldn't have to stand in line for almost an hour at the BUD airport. Their system doesn't recognize the second largest city in Colorado, hence can't enter my address and check in online. Standing in line for almost an hour. Then they seat me and my child separately on both flights. Their system wouldn't let the person behind the desk to change the tickets. Even though there were two seats next to each other. Today is my last flight with this airline.",2.0,3.0,2.0,3.0,1.0,2.0,1,no,Family Leisure,Economy Class,Frankfurt to Denver,January 2026,0,0.0
lufthansa,5th January 2026,S Karensky,1,True,"✅ Trip Verified |   A disappointing flight, only redeemed by the efforts and attitude of the cabin staff. To start with, LH reservation system automatically assigned seats on the opposite sides of the cabin to me and my wife (it being the same booking) - and wanted 60 EUR to have this changed. Onboard, the LH A350-900 business class configuration was somewhat funny trying to give window access to all side seats; as a result, the individual cabins felt claustrophobic and surprisingly uncomfortable, both as seats and as beds. Entertainment system misbehaved in that the films or music could not be paused. WiFi was also out of order, for which LH apologized by sending a mail. Having boarded just after midnight, we skipped dinner but the vegan breakfast was so sad looking (a photo attached) that we never regretted having done so. There was no wardrobe to hang the overcoats. Only two toilets were available for the whole of business class cabin.",1.0,5.0,,1.0,5.0,,1,no,Couple Leisure,Business Class,Shanghai to Munich,January 2026,0,-0.6816
lufthansa,3rd January 2026,R Kalovec,1,True,"✅ Trip Verified |    I flew Lufthansa First Class from the USA to Europe. My baggage was damaged during transport. I filed the damage report and followed the process as instructed. Lufthansa responded once — and then went silent. It has now been twelve days of being ignored, despite follow-ups. No update. No resolution. Their idea of compensation was to suggest replacement luggage if I paid extra money myself. When I rejected this proposal and requested cash compensation, Lufthansa simply stopped replying. This is not a baggage issue. This is a customer service failure at a systemic level. Anyone considering Lufthansa for “premium” travel should understand once there is a problem, you are on your own.",3.0,5.0,,,4.0,,1,no,Solo Leisure,First Class,San Francisco to Frankfurt,December 2025,0,-0.9415
lufthansa,1st January 2026,Julian Fisher,3,True,"✅ Trip Verified |   The FRA-BOS route typically uses an older plane and a very old business class seating configuration. While the cabin service was excellent, the business class configuration 2-2-2 leaves so much to be desired. Four out of 6 in each row do have aisle access (without crawling over sleeping humans as on much of BA business): a small plus. But the seats when stretched flat (with old-fashioned quirky controls that needed to be rebooted once for my pair of seats) left me with my feet (5-10 height) on a small shelf barely divided from the feet of the person sitting next to me. We could have played footsie but he was and remains a stranger - a very nice person, we had a brief conversation at the outset and parting. The seat itself was narrow, there was no seat cover in the linen pack (unlike my previous YUL-CMN AC business class flight) but only a tired ""duvet"" and a pillow. On a well-worn seat. At a discounted price, this might have been a deal. But at business class rates, LH should really up their game and consider putting either a newer plane or a new 2025/2026 business class seating configuration into place.",1.0,5.0,5.0,5.0,5.0,,2,no,Solo Leisure,Business Class,Marrakech to Boston via Frankfurt,December 2025,0,0.5844
lufthansa,9th December 2025,E Pavek,5,True,✅ Trip Verified |  Mid grade at best. Staff could be better. Bathrooms can be cleaner. We travelled with an infant and the staff seemed least bothered to make us more comfortable.,3.0,3.0,3.0,3.0,3.0,4.0,4,no,Family Leisure,Economy Class,Seattle to Munich,December 2025,0,0.9239
lufthansa,24th November 2025,I Hashra,1,True,"✅ Trip Verified | On 24 July (Munich–Stockholm), I had a confirmed boarding pass but was moved to the waiting list 15 minutes before take-off. I was initially told it was for “unavoidable security reasons,” but Lufthansa later admitted it was due to overbooking where I  experienced a 4 hour delay to reach my destination. On 7 October (Athens–Munich), my seat was changed at the last minute with poor reasons provided, my luggage was lost, and staff repeatedly gave me the runaround, sending me from one desk to another without resolving anything. Employees were rude and unhelpful, acting as if assisting passengers was a favour rather than a duty. Flying Lufthansa now feels like a lottery — confirmed seats mean nothing, overbooking is standard, staff are dishonest, and customer service is abysmal.",1.0,1.0,,,1.0,,1,no,Solo Leisure,Economy Class,Athens to Munich,October 2025,0,-0.8985
lufthansa,22nd November 2025,L Marsen,1,True,"✅ Trip Verified |    The first and last time I ever fly with the Lufthansa. On July 8th, 2025, LH446 got diverted to SLC, turning the 10h flight into a 16h+ disaster. My party was coming in from a tight connection and we made it by a hair. We made it, our bags did not. No big deal, just see an agent upon arrival, or so we thought. The Lufthansa service area is vacant. Next option: call customer service. A member of my party called the hotline, and the person on the other end proceeded her into thinking it was in the lost and found, or that it was another airline's fault. Luckily, their website offered somewhat of an answer, and we all submitted baggage research claims, and received our bags 72h later at 1AM.",1.0,1.0,,,1.0,,1,no,Family Leisure,Premium Economy,Frankfurt to Denver,July 2025,0,0.125
lufthansa,17th November 2025,S Norden,3,True,"✅ Trip Verified |    Lufthansa lost my luggage on a flight within Europe. Inconvenient, but mistakes happen. The airport’s lost luggage officer was very helpful and filed a report immediately. A week later an airport officer advised that the bag had turned up and I was able to collect it from the airport. It had a tag on it showing that it had been sent to the wrong airport. So why I am writing this? Well, my issue is that Lufthansa made no attempt to contact me at the time and despite months of trying, no apology or compensation. Lufthansa knew about the loss because the airport had sent them a report and there was a note on the Lufthansa website saying that the loss had been reported. But I was given zero information about whether my luggage was still in transit or lost for good. The website would not issue a tracking number because of the airport report. A few days later, assuming that the baggage would not be returned, I made a compensation claim, for which I simply received a proforma request for more information, without acknowledging that they already knew where the bag was. Months later, still with nothing from Lufthansa, my travel agent advised me to lodge a feedback form. Once again, nothing happened. When the agent followed up, Lufthansa’s offered only platitudes, implying that reporting of the luggage loss and the problems with their tracking and contact system were my fault. They still have never acknowledged that they knew of the loss, let alone acknowledge that I am out of pocket. Months later, they are even asking for proof of the airport’s lost luggage report, even though they were advised on the day of the flight and they eventually found the luggage and forwarded it. I have no complaints about the cabin staff or on-board meals. But their customer relations are appalling.",2.0,4.0,4.0,1.0,4.0,1.0,1,no,Couple Leisure,Business Class,Amsterdam to Tbilisi via Munich,October 2025,0,-0.9832
lufthansa,31st October 2025,Amanda Flosbach,3,False,"Not Verified | Lufthansa operated Flight LH1868 from Munich to Rome on October 30 without loading any passenger baggage and did not inform the passengers, and no communication on arrival. The baggage monitors in Rome displayed an assigned carousel for our flight, so I waited in confusion. Only after landing did we learn that the plane had flown without our luggage and the bags would be sent to FCO on a later flight. We then spent five hours at the airport waiting for bags to be delivered from Munich. This could have been handled with a simple announcement and clear process, but passengers were left uninformed. I’ve filed a formal complaint.",2.0,5.0,3.0,1.0,1.0,,1,no,Couple Leisure,Economy Class,Munich to Rome,October 2025,0,-0.4939
lufthansa,5th October 2025,Stephan Stegner,8,True,"✅ Trip Verified |  Unfortunately, our flight was delayed by 24 hours due to one of the pilots' illness. However, Lufthansa immediately arranged for a hotel, transportation, and meals. The aircraft didn't show its age of about 20 years. It was in extremely good mechanical condition. The food and drinks were appropriately good for a long-haul flight.",4.0,4.0,3.0,3.0,4.0,,4,yes,Couple Leisure,Economy Class,San Jose  to Frankfurt,October 2025,1,0.024
lufthansa,22nd September 2025,Virginia Bolton,7,True,"✅ Trip Verified |   Both flight attendants on this flight were fantastic. While their business class product isn't up to the same standard as Australia, the crew made up for it in particular the female. She just made everything look easy, incredibly efficient with a level of professionalism in a calm and smooth manner The pilot was very communicative and even met some passengers as we were boarding. Overall the flight was fantastic .",3.0,5.0,5.0,,4.0,,4,yes,Solo Leisure,Business Class,Munich to Lisbon,September 2025,1,0.9381
lufthansa,27th August 2025,T Hevili,5,True,"✅ Trip Verified |    On my journey from Tbilisi to Paris, I had a connecting flight from Munich operated by Lufthansa City. I was genuinely surprised by the stark contrast between the crew on this leg and the one on my earlier flight from Tbilisi to Munich. While the first crew was warm and engaging, the team on the Munich–Paris flight seemed completely disengaged. No smiles, no communication, just a mechanical execution of duties. It felt like they were going through the motions without any human touch. Lufthansa City looks like low cost version of Lufthansa in business class. Very sad.",5.0,1.0,3.0,,5.0,,3,no,Solo Leisure,Business Class,Tbilisi to Paris via Munich,August 2025,0,0.4688
lufthansa,24th August 2025,Bryan Lashansky,1,True,"✅ Trip Verified |   I flew LH1779 from Lisbon to Munich on 14 Aug 2025, connecting to Athens. Check-in was smooth and free Wi-Fi a plus, but after that the experience fell short of expectations. The Lufthansa app showed the wrong gate, forcing us to run between gates. The flight left late, and when we asked crew for help making our tight connection, the response was dismissive (“I can’t make the plane fly faster”). Onboard, even coffee required payment, which felt more budget airline than premium. In Munich, our app showed the connecting flight still available, but the gate had closed seven minutes before departure. Staff at the gate offered no help, and the Service Centre rebooked us for the next day with a very basic hotel and poor instructions for transport. Lufthansa had assured us before booking that 50 minutes was enough for a connection in Munich, but in reality with early gate closures and delays you only have ~25 minutes. Future travelers should plan for at least 90 minutes or more when connecting in Munich or Frankfurt.",3.0,1.0,,,1.0,4.0,1,no,Couple Leisure,Economy Class,Lisbon to Athens via Munich,August 2025,0,-0.5002
lufthansa,23rd August 2025,T Kisuvili,10,True,"✅ Trip Verified |    Travelled from Tbilisi to Munich with Lufthansa (late afternoon flight). The check in process at Tbilisi was good. The experience at boarding gate was chaotic (this is every time issue in Tbilisi). The flight itself was excellent and I would like to acknowledge the high professionalism and friendliness of the crew. Senator status was also acknowledged by the crew. Thank you very much. Food service has been improved with three main choices and better quality. Pillow, blanket, hot towel, food, beverages - everything helped to have a good flight.",5.0,5.0,5.0,,3.0,,5,yes,Solo Leisure,Business Class,Tbilisi to Munich,August 2025,1,0.9601
lufthansa,21st August 2025,Abe Gutman,1,False,"Not Verified |  I flew from Frankfurt to Israel with Lufthansa, and my seat was broken. There was a bump in the middle of the cushion. Lufthansa’s “customer service” is a joke. There’s no phone number, emails go unanswered for weeks, and when I finally heard back, they refused to give me a refund or any compensation. I’ll",1.0,,,,1.0,,1,no,Family Leisure,Economy Class,Frankfurt to Israel,August 2025,0,-0.6728
lufthansa,20th August 2025,B Merton,2,True,"✅ Trip Verified | Disappointing Experience On August 15, 2025, my partner and I flew from Dublin to Cairo via Frankfurt on Lufthansa. We checked two bags, but upon arrival in Cairo, neither arrived. At the airport, we filled out lost luggage forms and were promised delivery within 2 days. It’s now day 5, and our bags are still missing, with no clear updates from Lufthansa. We’ve had to repeatedly contact customer service ourselves, only to receive vague responses or none at all. This lack of communication and accountability from a supposed “first-world airline” is unacceptable. Our trip ends in 2 days, and the absence of our luggage has severely disrupted our plans, forcing us to replace essentials at our own expense. Lufthansa’s failure to deliver on their promise or provide timely updates has turned our trip into a frustrating experience. I urge other travelers to be cautious when flying with Lufthansa and to share similar experiences to hold the airline accountable. I’m still waiting for a resolution and expect better from a premium carrier.",3.0,4.0,2.0,,1.0,,1,no,Couple Leisure,Economy Class,Dublin to Cairo via Frankfurt,August 2025,0,-0.9624
lufthansa,20th August 2025,Daria Mamchankova,1,False,"Not Verified | I was flying from Barcelona to Gdańsk with a connecting flight in Munich. Because the first flight was delayed, it was physically impossible to make the connection. The airline offered an alternative flight departing a few hours later. Since I ultimately arrived in Gdańsk 4 hours later than scheduled, I was entitled to compensation. When I wrote to the airline about this, they agreed and asked for all the necessary bank details in order to send me this compensation. The amount was supposed to arrive within 10 days, but more than a month has already passed and the money has not arrived. I wrote to them about it via email, but they do not respond. Every one of my emails is ignored. I have written to various email addresses of theirs, no one answers, and this issue is not being resolved in any way. I am very upset by the company's attitude.",1.0,1.0,3.0,3.0,1.0,3.0,1,no,Solo Leisure,Economy Class,Barcelona to Gdansk via Munich,July 2025,0,-0.8663
lufthansa,13th August 2025,Derek Northcutt,3,True,"✅ Trip Verified |   Paid for upgrade to business class ($712,54) and was promised three things: An “elevated” dining experience; A comfortable lie-flat bed; Access to the Business Class Lounges. The catering onboard was without question below average, offered only one choice of starter (meat and cream cheese), three choices for meal, and one choice for dessert (fruit plate and cheese are not dessert items). I ordered the Shrimp and Scallop stir-fry, which turned out to be about the same quality and taste profile as a reheatable meal. The dessert I choice, bread pudding, was not a bread pudding but a cold square of an apple cake. The lie-flat bed was extremely uncomfortable – narrow, not flat, and inadequately cushioned. I was refused entry to the business class lounge at Los Angeles, Chicago O’Hare, & Flughafen Frankfurt-Rhein-Main for specious reasons I do not recall. I was publicly embarrassed three times when making the request for entry.The ground services at O'Hare was just chaotic and unprofessional. This agent barring passengers from this seating area, boarding passengers in three different areas, and, of course, American-style customer service (meaning no one knows how to talk to the public). I will mention here that staff were as always very kind and gracious. Just another ""basic airline"" that wants the revenue from premium passengers without providing the service.",1.0,4.0,1.0,3.0,1.0,,1,no,Solo Leisure,Business Class,Chicago to Frankfurt,August 2025,0,-0.7265
lufthansa,6th August 2025,L Olsen,2,True,"✅ Trip Verified | We can understand that the cancelation which is because of Typhoon. 500+ flights canceled and we needed to wait on 3-days for return flight which was understandable. However, to ask for an official letter for the flight cancelation in terms of we can claim our travel insurance. It's a ping pong play between Swiss, Lufthansa and Cathay Pacific. It's been two weeks now and they are still pointing fingers to each other. The whole thing with emails all time. Just asked for an official letter with date, time and reason of cancelation. We went through times Customer hotlines with Lufthansa, Customer hotlines with Cathy Pacific. Multiple emails with all three airlines and still nothing. If the airlines can't make it right, please don't provide such option.",2.0,3.0,2.0,4.0,2.0,3.0,1,no,Solo Leisure,Economy Class,Hong Kong to Luxembourg via Frankfurt,July 2025,0,0.5719
lufthansa,2nd August 2025,E Lanic,1,True,"✅ Trip Verified |   I was denied boarding on flight LH1710 from Munich to Dubrovnik on August 2nd due to overbooking. While I understand that overbooking can happen, the way it was handled was unacceptable. The ground staff at the gate showed no empathy or effort to explain the situation. Passengers who arrived later at the gate than I did were allowed to board, and I was placed on standby without any clear explanation or fair prioritization. Only after I insisted was I given a confirmation that the denial of boarding was due to overbooking. I received compensation, but not a full explanation or the full rights I was entitled to under EU Regulation 261/2004.",,,,,1.0,,1,no,Solo Leisure,Economy Class,Munich to Dubrovnik,August 2025,0,-0.2124
lufthansa,27th July 2025,M Tabakovic,1,False,"Not Verified | We taxied to the runway, only for the plane to abruptly slow down and return. We remained seated on the plane for over 3 hours, during which we received conflicting and increasingly concerning updates. After one hour We need to refuel since we were on the ground too long. After another hour: We are having engine problems.  After yet another hour: We will switch you to a different aircraft.  Finally, it was announced the flight would be delayed until the next day, and that we would be taken to a hotel for the night. We had two small children with us, and being confined on the plane for three hours with no food, no clear updates, and no solution was both exhausting and distressing. The situation worsened once we deplaned. I told the service desk representative that I could not continue walking long distances, as we had already been up and down stairs multiple times. They said they would arrange for a cart to transport us through the airport—but we were left waiting for an hour. When the cart finally arrived, I was told no children were allowed, so we were forced to walk across the airport. The real reason for the delay was only revealed the next day: Customs in St. Louis was closed. Why was this not communicated from the start?",1.0,1.0,1.0,,1.0,,1,no,Family Leisure,Economy Class,Frankfurt to St. Louis,July 2025,0,-0.9739
lufthansa,19th July 2025,Eleonora Simeonova,1,False,"Not Verified |   We recently had a terrible experience at Toronto Pearson Airport while traveling with our four-year-old daughter. We arrived at the airport 1.5 hours before our international flight to Sofia (via Germany). We asked the Lufthansa service desk if there was a fast lane or any priority process for families with young children as there was only 1.5 hours left before our flight departed. We were told no and directed to a long line marked “Bag Drop Only.” After waiting over 30 minutes in line, we reached the counter with 1 hour left before takeoff, only to be told it was ""too late"" to check our bags. The staff offered no assistance other than telling us we could throw away our checked luggage and run to the gate with only carry-ons. The supervisor showed zero empathy, refused to listen, and ultimately blocked us from flying. We pleaded for understanding and assistance, but were met with cold, rigid responses and no effort to help. There was no fast lane, no signage warning of cut-off times, and no ownership from Lufthansa for their poor process at the airport.  We had to pay out of pocket to rebook everything. For a premium airline, Lufthansa’s customer service was anything but professional.",,,,,1.0,,1,no,Family Leisure,Economy Class,Toronto to Sofia via Frankfurt,July 2025,0,-0.9464
lufthansa,18th July 2025,Felix Rowan,4,False,"Not Verified |  The flight was fine and the flight crew are friendly and nice to passengers. However Lufthansa's customer service is the most awful I have encountered. I was bumped off of my outbound flight (with the wording of the Lufthansa app implying that the flights were cancelled outright) from LHR to BER with a stopover in BRU onto a flight I could not make, and Lufthansa has been incredibly incompetent and unhelpful in sorting it out, nearly always redirecting me to Brussels Airlines, who operated the flight, who then redirect me back to Lufthansa because it was a Lufthansa booking. Lufthansa's customer service don't seem to understand that the two airlines operate within the same group, nor do they at all give the impression that they care about helping you. I wrote this review to make sure that Lufthansa does not get away with the fact that they are clearly completely negligent about their help service. You're fine if you don't have any issues on your flight, but if you do, god help you, because Lufthansa certainly won't. If you find yourself in this situation, ask for Nate at the Lufthansa help center. They have been the only helpful Lufthansa employee in this matter.",4.0,4.0,,,4.0,,3,no,Solo Leisure,Economy Class,Berlin to London,July 2025,0,0.9686
lufthansa,10th July 2025,Samuel Freeman,1,False,"✅ TripVerified |   The flight to Frankfurt goes smoothly, but we almost miss our connecting aircraft because we arrived at gate A1, and our next plane was at Z99. As if almost missing the connection was bad enough, the plane diverted to Salt Lake City due to a storm in Denver, turning the 10h flight into a 15h flight. After all that, and a good half hour of waiting at the customs baggage carousel, we learn that our checked bags did not make the connection with us. Our bags finally arrived at our house, over 36h late, but that means next to nothing now. I had to delete my miles & more account because of this.",,,,,1.0,1.0,1,no,Family Leisure,Business Class,Frankfurt to Denver,July 2025,0,-0.5749
lufthansa,5th July 2025,P Hortiere,2,True,"✅ Trip Verified |  Washington Dulles to Munich on Lufthansa A380 – Business class award ticket obtained from UA Mileage Plus program. The Lufthansa lounge in Washington Dulles is very disappointing, with a poor choice of rather low quality foods. This was a late flight (10:20 pm) and our goal was to have dinner in the lounge to go to sleep after takeoff. The food offering was what you can expect from a school cafeteria in a country with limited financial resources. The only positive points were the flight attendants, who were pleasant and attentitve, and the pre-departure nuts and chocolate candy, which were of good quality. The lie-flat seat was atrocious and breakfast was forgettable. The very dated side-by-side arrangement did not bother us but the seat itself was narrow and encumbered with protruding metal parts which made falling asleep quasi-impossible. Result, an exhausting 8-hour flight and a totally unacceptable experience overall for a business class transatlantic trip. The flight left and arrrived essentially on-time.",1.0,5.0,3.0,,3.0,,2,no,Couple Leisure,Business Class,Washington Dulles to Munich,May 2025,0,-0.811
lufthansa,4th July 2025,T Haseiger,10,True,"✅ Trip Verified |   My penultimate flight with Lufthansa in First Class was impressive in every respect – not only because of the high level of comfort, but above all because of the exceptionally dedicated staff. Even the stay in the First Class terminal in Frankfurt was a very pleasant start. The service was unobtrusive, efficient, and personal – everything ran smoothly, from check-in to the direct ride to the aircraft with the limousine service. This impression continued on board. I would particularly like to highlight the purser, who introduced herself personally, was present throughout the entire flight, and kept an overview at all times without appearing distant. She had a few personal words for each guest – professional yet warm. The welcome from the captain (before takeoff, of course), who personally took the time to introduce himself, was a strong signal of the appreciation he felt for the First Class guests. This kind of closeness to the crew is something you rarely experience – and it made a noticeable difference. The cabin crew was outstanding: attentive, courteous, and always one step ahead without being intrusive. It was noticeable that this was a well-coordinated team that truly enjoyed their work. The seat—or rather, the little private sanctuary—offered everything you could wish for on a long-haul flight: plenty of space, high-quality materials, pleasant peace and quiet, and a very comfortable bed. Even after many hours, I felt fresh and relaxed. The catering was consistently of a high standard. The caviar service was classic and very well presented, the dishes were delicious and beautifully presented. The selection of drinks—especially the wines and champagne—was also high-quality and well-curated. In conclusion, Lufthansa First Class impresses not only with its exceptional comfort and quality, but above all with people who take their work seriously and do it with passion. It was a journey where every detail was perfect—calm, well-thought-out, and to the point.  Mein vorletzter Flug mit Lufthansa in der First Class war in jeder Hinsicht beeindruckend – nicht nur wegen des hohen Komforts, sondern vor allem durch das außergewöhnlich engagierte Personal. Bereits der Aufenthalt im First Class Terminal in Frankfurt war ein höchst angenehmer Einstieg. Der Service war unaufdringlich, effizient und persönlich – alles lief reibungslos, vom Check-in bis zur direkten Fahrt zum Flugzeug mit dem Limousinen-Service. An Bord setzte sich dieser Eindruck fort. Besonders hervorheben möchte ich die Purserin, die sich persönlich vorstellte, den gesamten Flug über präsent war und jederzeit den Überblick behielt, ohne dabei distanziert zu wirken. Sie hatte für jeden Gast ein paar persönliche Worte übrig – professionell und gleichzeitig herzlich. Auch die Begrüßung durch den Kapitän (natürlich noch vor dem Start), der sich persönlich Zeit nahm, um sich vorzustellen, war ein starkes Signal für die Wertschätzung gegenüber den First-Class-Gästen. Diese Art von Nähe zur Crew erlebt man selten – und sie machte einen spürbaren Unterschied. Das Kabinenpersonal war hervorragend: aufmerksam, zuvorkommend und immer einen Schritt voraus, ohne aufdringlich zu wirken. Es war spürbar, dass hier ein eingespieltes Team mit echter Freude an der Arbeit unterwegs war. Der Sitz – oder besser gesagt, das kleine private Refugium – bot alles, was man sich auf einem Langstreckenflug wünschen kann: viel Platz, hochwertige Materialien, angenehme Ruhe und ein sehr bequemes Bett. Auch nach vielen Stunden fühlte ich mich frisch und entspannt. Das Catering war durchweg auf hohem Niveau. Der Kaviarservice war klassisch und sehr gut präsentiert, die Speisen geschmacklich überzeugend und schön angerichtet. Auch die Auswahl an Getränken – insbesondere die Weine und der Champagner – war hochwertig und gut kuratiert. Fazit: Lufthansa First Class überzeugt nicht nur durch ausgesprochenen Komfort und Qualität, sondern vor allem durch Menschen, die ihre Arbeit ernst nehmen und mit Leidenschaft ausführen. Es war eine Reise, bei der jedes Detail stimmte – unaufgeregt, durchdacht und auf den Punkt.",5.0,5.0,5.0,5.0,5.0,5.0,5,yes,Business,First Class,Frankfurt to San Francisco,May 2025,1,-0.777
lufthansa,3rd July 2025,C Hales,7,True,"✅ Trip Verified |   I fly this route on LH three times a year. Each time, the boarding process at Frankfurt gets worse. Chaos, confusion, not boarding by groups, it looked like they opened the gates a a football stadium and there was pushing, shoving and no consideration for small children or people with mobility issues. Why can't they get it right? It's so easy. On board, the staff is very courteous even in the face of catering issues. Several of the items offered on the menu for dinner were not boarded. A chicken piccata appeared as a slice of chicken covered in green sauce. Breakfast was a write-off. Coffee warm/tepid. I fly LH because it gets me to my destination on time. Not because of the inflight entertainment on outdated screens of the tired cabins. LH needs to improve to compete with the other European airlines flying to EZE. Great checkin staff at EZE - to be commended.",2.0,4.0,2.0,2.0,3.0,,3,yes,Couple Leisure,Business Class,Frankfurt to Buenos Aires,June 2025,1,0.8568
lufthansa,18th June 2025,Christian Klein,4,True,"✅ Trip Verified |   Okay flight, as usual very expensive for minimal service, only water is included in 3hr flight. Terrible ground crew in Frankfurt, and delays create a terrible value for money",2.0,3.0,2.0,1.0,1.0,3.0,1,no,Solo Leisure,Economy Class,Sofia to Frankfurt,June 2025,0,-0.2023
lufthansa,16th June 2025,H Johnson,5,True,"✅ Trip Verified | Excellent service but terrible seats. Flew DC to Frankfurt. Great food and wonderful, attentive service but the lie flat seats were very uncomfortable, hard, and not conducive to sleep. In flight entertainment desperately needs updating.",1.0,5.0,5.0,2.0,5.0,2.0,3,yes,Solo Leisure,Business Class,Washington IAD to Frankfurt,June 2025,1,0.6534
lufthansa,15th June 2025,James Williamson,8,False,Not Verified | Both flights were on time and were both very full. However the seats were comfortable for the fairly short flights. Were given a bottle of water and a small branded Lindt Chocolate on both flights. Cabin crew were friendly and efficient. Would fly again.,4.0,4.0,3.0,,4.0,3.0,4,yes,Couple Leisure,Economy Class,Glasgow to Budapest via Frankfurt,June 2025,1,0.8519
lufthansa,10th June 2025,Colette Hollins,1,False,Not Verified |  I did not get the opportunity to agree to the new flight schedule but Lufthansa went ahead and confirmed the changes and issued boarding passes. I’m perplexed to who in their right mind would think it reasonable to schedule a 24 hour transit time. At check-in I managed to negotiate a route to bring the delay down to 12 hours with transit times in two airports of 5 and 6 hours respectively. Find at destination baggage has not arrived.,1.0,,,,1.0,,1,no,Couple Leisure,Economy Class,Manchester to Calgary,June 2025,0,-0.4051
lufthansa,4th June 2025,Andreas Becker,7,True,"✅ Trip Verified | Both flights on time. Lounge in HAJ was ok for small airport. On the 30 mins flight to FRA they manage to serve a small dish, carrot tartare. Looks and taste perfect. The new lounge in FRA near the Z gates is a clear improvement. Cabin in A 340 still like ten years ago. 2-2-2 configuration. Seats are comfortable. IFE technic outdated. Crew was very attentive. Food was tasty and good choice. Overall the Business Class in the A 340 is average as outdated. Nevertheless seats are comfortable. But compared to many asian or mideast airlines too expensive for the value.",5.0,5.0,4.0,3.0,4.0,,3,yes,Business,Business Class,Hannover to Hong Kong via Frankfurt,June 2025,1,0.9306
lufthansa,3rd June 2025,U Hybel,1,False,"Not Verified | The only possibility to get to Munich from Barcelona (24th of March till 27th of March) was Lufthansa. First time with them and it will be the last time.  I arrived at 14:35 at Munich and bagage drop off was (according boarding pass) possible till 14:45. Unfortunately the lady at the counter said, this is only for business class. At the service counter they offered me a flight through Zurich to Barcelona. Total costs EURO 250. After my flight tried to claim the money. The only reaction was, sorry for you and this will help us to avoid those situations. No offer or refund.",,,,,1.0,,1,no,Business,Economy Class,Barcelona to Munich,March 2025,0,-0.6705
lufthansa,31st May 2025,Jennifer Lobo,1,True,"✅ Trip Verified |    I purchased business class seats from NYC to Frankfurt to Malta. Total expected flight time was 12 hours, 22 minutes. Due to a 3.5 hour delay out of JFK, I missed my connecting flight from Frankfurt. I was re-routed to Rome to catch a flight to Malta. I waited at the airport in Frankfurt 3 1/2 hours and boarded the flight to Rome. The flight to Rome was delayed so I missed my re-routed 9 PM flight to Malta. Passengers on the Rome flight destined for Malta were told by the airline, before we landed, to meet a van on the tarmac to be re-routed to Malta. Upon arriving at the office I was told there were no more flights to Malta that evening. I was already 7 hours delayed from my original itinerary and was now facing another 10 hour delay and an overnight stay in Rome. While I was waiting in line to be given a flight departing the next day, I discovered another flight destined for Malta departing Rome at 11 PM. I dashed to the gate and purchased another ticket on this Ryan Air midnight flight. Hence I purchased two tickets for airfare to Malta (Frankfurt / Malta and Rome/ Malta). I arrived in Malta at 12:40 am so I spent a total of 22 hours reaching my destination. I was certain that Lufthansa would reimburse me for the very expensive flight I purchased from Frankfurt to Malta. Instead they responded that I could not be reimbursed because I used the ticket from Rome to Malta, which of course I could not use since our flight to Rome arrived 3 minutes before the Malta flight departed Rome from many gates away. Then I was told that I did not qualify for EU 261 compensation even though I arrived at my final destination almost 10 hours later than my scheduled itinerary and was eating my dinner at 1:20 am a day after my scheduled arrival. Then after seven months of letters and emails, Lufthansa finally agreed a 10 hour delay qualified for EU 261 compensation so they sent me my compensation but they still argued I had used their ticket from Rome to Malta so I could not be reimbursed for my unused business class ticket.. Since then, I produced evidence showing I purchased my own new ticket from Rome  to Malta at 10:23 pm on American Express in Rome, well after the Rome to Malta flight departed so I could not have been on the flight to Malta that departed Rome at 9:00 pm. In light of this ""revelation"", eight months after my trip, they are re-studying my case to see if I should be reimbursed for the unused Frankfurt to Malta ticket. A few days ago they informed me they forwarded my case to Swiss Air, because they sold me the ticket.",1.0,2.0,,,1.0,,1,no,Solo Leisure,Business Class,New York to Malta via Frankfurt,October 2024,0,-0.6415
lufthansa,29th May 2025,E Huang,7,True,"✅ Trip Verified |   Positive: flight departed on time. Boarding was organized. Staff was very courteous. They exceeded expectation. They handed out activity kit for my toddler and I loved that. My kid absolutely loved Lu & Cosmo, the Lufthansa kids birds (cranes?) He was devastated to find out we weren't flying Lufthansa on our route back. Food was ok, not amazing, not terrible. Actually, I wrote this review after experiencing an American Airlines meal, so Lufthansa gets a grade bump. Wi-fi is not free. I had to pay to arrange for seats. IMO if young children are included in a booking, there should be an option to seat everyone together regardless of where - I don't need front row seats, I just need to make sure I'm the one handling my toddler. Their in flight entertainment screen is really janky. The touchscreen sometimes worked sometimes didn't. They weighed our carry on before boarding. Thankfully I already heard they can be strict about this, so we made sure our carry on was quite a few oz under at home. But people got charged and they had to get their carry on checked if it was over weight.",4.0,5.0,3.0,3.0,4.0,3.0,4,yes,Family Leisure,Economy Class,Los Angeles to Frankfurt,May 2025,1,0.6718
lufthansa,18th May 2025,J Horten,1,True,"✅ Trip Verified |   I purchased a business class seat well in advance, and when I arrived at the airport to check in, I was told that I was downgraded because the flight was overbooked. I told them to get me on another airline in the same class to get me to my final destination on time and reimburse me for the hotel I had booked during my extended layover. The only options they gave me were to either fly in a lower class or fly the next day. I told her I wanted to speak with a Lufthansa manager, who came out, and said that under EC 261/2004/EC, I am eligible to get refunded 75% of my flight price. Since I could not fly the next day, I was forced to fly in a lower class than what I paid for.  When I got to my final destination, there was no customer service phone number to handle refunds, so I had to submit it online. After multiple weeks, Luthansa deflected to take responsibility, and after multiple e-mail exchanges over months, they finally said they are closing my case because I flew in the same class that I purchased. I had to actively fight and provide proof of my boarding pass in a lower class and my receipt showing that I purchased a business class seat. It has now been over 4 months, and I still have not received any satisfactory resolution.",1.0,1.0,,,1.0,,1,no,Solo Leisure,Premium Economy,Cape Town to Munich,January 2025,0,-0.8693
lufthansa,8th May 2025,E Gordon,5,True,"✅ Trip Verified | At the outset, I must say the crew were great as always. However the penny pinching is really noticeable, served Ribera prior to take off, cheap disposable headsets that were so bad I couldn't hear well enough to watch anything, and the quality of the screen is from a previous era. Basic wifi messaging access is chargeable on LH, yet something I've not paid for on other airlines on recent trips.",3.0,5.0,4.0,1.0,4.0,1.0,2,no,Solo Leisure,Premium Economy,Frankfurt am Main to Johannesburg,April 2025,0,-0.2971
lufthansa,7th May 2025,Ashima Raheja,2,False,"Not Verified |  On 6th May, I took LH631 and the first thing I experienced was unavailability of the WiFi in air.  And then the luggage went missing at Frankfurt airport. There was no information or news about the luggage from the airline. Passengers were stranded near the luggage belt for more than 1.5 hours wondering what happened. The beauty of the horrendous Frankfurt airport is that one has to step out of the luggage belt area to inquire about luggage. When all passengers finally decided to walk from gate A to Gate B to report this, the lady at the counter said “oh the staff just found a container that they forgot after offloading from the plane”.  LH took zero accountability or responsibility to inform or apologize to passengers.",2.0,2.0,1.0,2.0,1.0,1.0,1,no,Business,Economy Class,Dubai to Frankfurt,May 2025,0,-0.4588
lufthansa,5th May 2025,Michael Binas,9,True,✅ Trip Verified |   My first time flying on Lufhansa and I must say I was impressed overall. Ground service was OK while on board was excellent. Crew were great while food was sufficient enough for the six-hour flight. The only drawback for me was the bus boarding on FRA-RUH. Other than that everything was above the mark.,4.0,5.0,4.0,4.0,4.0,4.0,5,yes,Family Leisure,Economy Class,Riyadh to Budapest via Frankfurt,May 2025,1,0.9304
lufthansa,3rd May 2025,Floyd Chorley,1,True,"✅ Trip Verified |   In September 2024 I had a metal box taking up my leg room on an 11 hour flight which was attached to the underneath of the seat. I raised it with the cabin crew and was told I couldn't move. I raised a complaint with Lufthansa afterwards, and received stock template responses from people who clearly didn't ready or understand the issue whatsoever. They ignored my requests for the complaint to be escalated to a manger and then closed the case and stopped responding.",1.0,1.0,,,1.0,,1,no,Couple Leisure,Economy Class,Singapore to Frankfurt,September 2024,0,-0.7193
lufthansa,29th April 2025,N Bardel,4,True,"✅ Trip Verified |   Long flight in their outdated business class. Seated in the upper deck, which always is a nice experience. Soft product just ok (not overwhelming) and luckily I had a nice flight attendant, which made the whole experience acceptable. Purser was rather more interested to engage with Brazilian guests, maybe to show others he spoke Portuguese.",1.0,3.0,2.0,3.0,3.0,1.0,1,no,Business,Business Class,Sao Paolo to Frankfurt,April 2025,0,0.9012
lufthansa,29th April 2025,N Bardel,1,True,"✅ Trip Verified |   Rarely have seen such an uninspiring and not interested crew. The the buy on board service didn’t have any of the sandwiches on board.  No apologies, no willingness to try to accommodate, no eye-contact (not to mention a smile). Even with the obliging much paying customers to buy on board anything more than a mini mini bottle of water and a ridiculous small chocolate, clearly also in this domain Lufthansa is here amateur! Now, besides the fact I really fly a lot (50+ flights/yr with LH-Group) with this airline, sometime I wonder why I am doing this to me.",3.0,1.0,1.0,1.0,1.0,,1,no,Business,Economy Class,Birmingham to Frankfurt,April 2025,0,-0.4898
lufthansa,19th April 2025,Michael Thomas,1,False,Not Verified |  During my arrival and transfer in Frankfurt. We were made to board a plane via bus on the tarmac and deboard due to cancellation. This was after a 4 hour delay. I was then re routed to Brussels making me a day late for Passover in Israel. Very poor customer service. Only chat bot available to handle issues.,2.0,2.0,3.0,,2.0,,1,no,Solo Leisure,Economy Class,,April 2025,0,-0.6901
lufthansa,15th April 2025,Tammy Mackenzie,4,True,"✅ Trip Verified | I have significant international travel experience having been to over 40 countries. During the last 2+ years we fly only business class because of a medical service animal that is an Australian Shepard that has to be with my daughter. Since flying with her (the medical service animal) we have used British Airways, United, Air France (received a commendation certificate), KLM, Air Canada/West Jet, Porter and Ryanair. I always provide all the documents: medical service dog, Dr. requirement, Canadian Certification, Trainers letter, Export Document (CFIA certified), vaccine and blood work record (CFIA certified), health certificate and of course breed/weight and no incontinence for long periods of travel some up to 20 hours. I had not flown Lufthansa in roughly a decade and decided to give them a try since historically they had been great. What a shock! Their response was very slow taking over a week and then denied her requesting documents that were already provided to medical service. I resent the documents only to be left at pending. I called the Vancouver International Airport the day before our April 13th flight and was told she was confirmed. We arrive at the airport only to find out her status had not changed and being a Sunday no one was available in medical service to assist. We waited nearly 2 hours while Lufthansa workers tried desperately to help us without luck. Finally, a manager came down and said Lufthansa listed no documents received. At this point we are in panic mode but through her review of the documents asked me to email them directly to her. Upon receipt she removed the pending and we were able to board our flight to Croatia. This could have been catastrophic for both service animal and my daughter. I want to thank all those in Vancouver to assisted us and all on board attendance for their kindness and professionalism. I no longer can recommend this airline not only for their disregard for passenger health but also the quality of the pods, I have always only experience great sleep in business class and these were obviously very dated and once reclined I need attendant manual assistance to resume to the up right position several times. The over 9 hour flight had below average quality of food but non of this is reflective of the staff we actually met and spoke with but are all airline issues.",2.0,5.0,2.0,3.0,4.0,3.0,2,no,Family Leisure,Business Class,Vancouver BC to Split Croatia via Odessa,April 2025,0,0.643
lufthansa,4th April 2025,E Layne,5,True,"✅ Trip Verified |   What a disappointing experience. Our outbound flight was on SwissAir and the quality of the cabin and service was equal to Singapore Airlines which was code-shared. We were expecting something similar on our homebound flight with Lufthansa but as soon as we boarded it became obvious that this wasn't to be the case. The plane was old, I haven't seen one like it for at least ten years. We were in the upstairs cabin but there was no privacy between the seats and there was, bizarrely, a service station halfway down the cabin, so the stewardesses were plating food and scraping leftovers directly in front of our seats. The screens were small and not touch-screen so you had to use a wired hand-held device to move a cursor on the screen. I gave up trying to scroll through the options as it was so unresponsive. The food was uninspired. The flight staff were pleasant but not particularly friendly and we didn't see them at all between dinner and breakfast. They didn't help to set up our beds which were so narrow that you couldn't turn over and the bedding was thin and not very comfy. There was only one bathroom for 18 seats and the waste bin hadn't been emptied overnight so in the morning there was no space for towels etc. Suffice to say that we will not be flying Lufthansa business class again.",2.0,2.0,2.0,4.0,4.0,,2,no,Couple Leisure,Business Class,Singapore to London via Frankfurt,March 2025,0,-0.9259
lufthansa,31st March 2025,R Morton,1,True,"✅ Trip Verified |   I recently (March 2025) was on a business trip from US to Europe. The original flight was cancelled due to a strike in Frankfurt. I fly a lot, so not the first time. But this is when several red flags began to happen. The first red flag was Lufthansa did not offer an alternative flight. The only way to communicate with them was through a chat bot, there was no real person to talk to. The only options I had was to refund my flight and completely new book, which would have been insanely expensive or to update to another flight two days later for an additional $650. Why Lufthansa did not offer this update for free was beyond me to understand. Lufthansa refused to reimburse me these $650. I ended up paying more than $2,500 for a flight ticket from the East Coast of US to Frankfurt.  But it gets better. The first flight was a leg from Raleigh to Newark. That flight was delayed, which then led to me being rebooked on a Lufthansa flight from Newark to Munich, which also was delayed, which then led again for me to be rebooked on a different flight from Munich to Frankfurt. The funny part is that a United customer service agent was able to rebook me last minute on a flight to Germany on Lufthansa. Something that Lufthansa was not able to do two days earlier when their flight was cancelled! This last-minute rebooking of course also led to a downgrade of my booked class. I flew Economy.  Over this entire process, Lufthansa has lost my luggage. At that point, I only had two days in Europe anyways, but all the appointments that I cramped into those two days had to be cancelled, because I literally only had one change of cloth with me. Thankfully my mother lives in Germany, so I could rent a car and drive to my mother to stay until my luggage was found. At that point, I already has another flight to Asia, so I lost an entire week of work, thanks to Lufthansa. At the end of the day, I paid more than $2,500 for an economy class flight from Raleigh to Frankfurt, that was more than 48 hours too late, and during which my luggage was lost. Lufthansa has not given me a cent of reimbursement. Dealing with their customer service, which you only can reach via web portal, is an absolute pain. They expect you to know all the Lufthansa specific rules and regulations. It seems their main aim is not to satisfy their customer, but to save as much money as possible. I travel a lot for work, and I flew many many airlines in my life. I always looked forward to fly Lufthansa. But this experience has changed my mind. There are many other airlines that fly to Europe. They all have to deal with strikes, they all lose luggage sometimes. But every single airline I ever flew with, even the US based airlines, were friendlier and more helpful in their customer relations than Lufthansa. Lufthansa just lost a customer in me. And I don't wish for anyone to have the same experience.",3.0,3.0,,,1.0,,1,no,Business,Premium Economy,Newark to Frankfurt,March 2025,0,-0.6459
lufthansa,17th March 2025,Christopher Yang,10,True,"✅ Trip Verified | Even though it was a short early morning flight, I still had a good experience with Lufthansa. I still get the same amenities, like bottled water and a Lindt Milk Chocolate bar with the Lufthansa logo. Other than that, there is nothing incredibly major to explain regarding issues.",5.0,5.0,5.0,5.0,5.0,,5,yes,Solo Leisure,Economy Class,London to Frankfurt,March 2025,1,0.6597
lufthansa,16th March 2025,Christopher Yang,10,True,"✅ Trip Verified | It's been seven years since I last flew on Lufthansa. I was fortunate enough to fly on Lufthansa for the first time in seven years, and the moment I got on that plane, I felt good. Because it was a short flight, I didn't have to worry about anything. But the best part was that I got a Milk Chocolate bar from Lindt, and what's nice is that they have a Lufthansa logo on it - what a finishing touch.",5.0,5.0,5.0,,5.0,,5,yes,Solo Leisure,Economy Class,Frankfurt to London,March 2025,1,0.9337
lufthansa,5th March 2025,S Mayle,1,True,"✅ Trip Verified |   Not only did Lufthansa cancel our flight two days in a row, we had to deal with an incredible amount of chaos and confusion. At one point, TSA had to send us back to the Lufthansa counter because we were given boarding passes for the wrong day. It was the same chaos on every leg of our flights. In Naples, the gate attendant was rude and made no effort to have the plane board in an orderly fashion. Lufthansa promised to pay for at least a portion of the cost of the hotel room I booked when our first flight was cancelled. It has been almost three months since they promised to compensate me and I have received nothing. When I contacted them to ask about it, it took nearly a month for them to send me a form letter saying, ""We're looking into it."" I have heard nothing since and I have no hope of ever receiving the promised compensation.",1.0,1.0,,,1.0,,1,no,Couple Leisure,Economy Class,Boston to Catania via Frankfurt,October 2024,0,-0.9474
lufthansa,26th February 2025,S Lavic,1,True,"✅ Trip Verified |   On February 20th we travel from Zagreb to Dubai via Frankfurt, service, food, movie options etc was horrible. They cancelled our flights on March 1st and they just rebooked us on March 2nd without our permission. I decided to call their customer service by phone to find alternative flight on March 1st but they told me that they don't have alternative flights on March 1st. I tried to change my final destination to Venice or Ljubljana just to fly on same day as per our original schedule, but customer service said there was no any alternative options. So my family had been rebooked for the next day but without any accommodation. They told me that they will reimburse me for hotel. I have not request reimbursement yet but i will post new review if all will go smooth or i will need to spend days and days to solve my problems.",1.0,1.0,1.0,1.0,1.0,,1,no,Family Leisure,Economy Class,Zagreb to Dubai via Frankfurt,February 2025,0,-0.6059
lufthansa,17th February 2025,N Bardel,2,True,"✅ Trip Verified |   A poor low cost experience with full service airline Lufthansa, for which I paid a high fare. Got a cup of water and a chocolate (10 gr). Kindly enough they let me have a second chocolate (because I nicely asked). In their Tourist Class (not that their intra-European Business Class is anything great much better), Lufthansa (& Co.) are nothing better than any other low cost airline when flying in Europe. The only difference is that most of the European low cost airlines are consistent, you get what you pay for and there are no surprises. Not with Lufthansa: pay higher fares, add luggage, seats etc and get the full no-service experience!",3.0,1.0,1.0,3.0,5.0,4.0,1,no,Business,Economy Class,Munich to Bilbao,February 2025,0,0.4245
lufthansa,16th February 2025,R Hardele,2,True,"✅ Trip Verified |   Tokyo to Munich, more than 14h airborne. Legroom on A350 of Lufthansa is comparable to Ryanair. Pure and simple. However they thought a steep reclining angle of the seats would make it better. All you will get is your IFE screen 5cm from your head with no ability to grab anything from the bag under the seat in front. Lufthansa should be ashamed of themselves. Wi-Fi never worked, you couldn’t even connect and trigger the captive login page. They did not try to fix it and didn’t seem to care much as “it is not free anyway”. Well text messaging is free and that’s what 90% of people want. Generally the crew was unpleasant, dismissive, and looked like they would rather be anywhere other than here.  IFE was non responsive at first, had to be rebooted, and was still the slowest IFE I experienced but at least it works. However selection of content was decent with a lot of choice. 5 Had a look at the premium economy section when booking, and considered upgrading. However, when on the plane, it looks just as miserable as our section. There is not even a clear separation between the two, and you’re better off trying to get an extra legroom seat in economy. On the return of the same trip, almost missed my correspondence for the same reason.",1.0,1.0,4.0,3.0,2.0,1.0,2,no,Couple Leisure,Economy Class,Tokyo Haneda to Munich,February 2025,0,-0.5537
lufthansa,13th February 2025,Chris Jones,1,False,"Not Verified |  According to their service desk, Lufthansa did not transfer my bags to Frankfurt, and therefore, I was going to be without clothes and essentials for 3 days. I verified with them that I could buy clothing because I had business meetings and would be reimbursed. Upon returning home and submitting receipts for reasonable clothing, although it was not comparable to my own, they delayed. I received an email from their customer relations that they would not cover the full amount, which was only approximately $700 USD. Instead, they only authorized $460 USD. I will make every effort moving forward to avoid having to fly with Lufthansa as they apparently do not keep their word on reimbursement and you will be stuck paying out of pocket for their mistakes.",,,,,1.0,,1,no,Business,Business Class,Detroit to Chennai via Frankfurt,January 2025,0,-0.765
lufthansa,5th February 2025,M Budny,3,True,"✅ Trip Verified | My experience during this Christmas Eve flight was horrible. Of course comfort of seats is very good. But service was very poor. Flight has started about 22:30. So it was very late for dinner. I think everybody agree that we pay for excellent food and service quality during long-haul flight in business class. This is even more important during Christmas eve. First of all, chaos was visible among the crew from the very beginning. We were given drinks and snacks. However, then the drinks trolley was parked in the middle of the cabin and nothing happened for the next hour. During this hour, one stewardess was constantly engaged in conversation with passengers in the first row. Then the left side of the cabin began to be served by another group of crew, who were very slowly taking orders. Our right side remained unattended for another hour. When the left side of the cabin was finishing its meal, people came to serve the right side of the cabin. However, it turned out that there was practically nothing to choose from. The only options left were some vegetarian dishes, mainly based on red beetroot. Let me remind you that it was Christmas Eve. The stewardess, of course, was only expressing her regret. After another long waiting time, it turned out that other dishes from the menu were found and we finally we got what we asked for. Dinner ended at 2:30 a.m. Unfortunately, irritation and hunger did not allow for a pleasant time during the flight. I do not recommend business class in Lufthansa. This is very poor quality.",4.0,1.0,1.0,3.0,5.0,,2,no,Couple Leisure,Business Class,Frankfurt to Buenos Aires,December 2024,0,-0.9288
lufthansa,2nd February 2025,F Bemirchu,1,True,"✅ Trip Verified |   Business class flights from LAX to Delhi via Frankfurt. The flight was delayed in Los Angeles, and we missed our connection in Frankfurt. There were about 15 passengers who presented to the boarding gate at Frankfurt. The agents did not care to help, and we were left to figure things out. The return flight from Mumbai was delayed and we missed our connection to Frankfurt from Munich. The flight attendants in Mumbai to Munich flight were unprofessional. Food was served on tables without mats, no syrup for pancakes, etc. When I complained to the purser, we were rewarded without worthless, useless phone coupons. It was a terrible experience. I would not do this again or recommend Lufthansa to anyone.",2.0,1.0,1.0,2.0,2.0,1.0,1,no,Couple Leisure,Business Class,Los Angeles to Delhi / Frankfurt & Munich,January 2025,0,-0.8343
lufthansa,29th January 2025,Suhail Kazim,6,True,✅ Trip Verified |   My expectations were very high and I was disappointed because the entire experience was much more business class rather than first class. The first-class terminal was fine but no comparison to the first-class lounges of Emirates or Qatar Airways. Being taken to the plane in a vehicle was a nice experience. The plane was an old 747-8 and it was a nice experience to be in the nose of the plane. Strange enough business class p[passengers had the option of preselecting meals whereas first class did not. The service was typical German type- efficient but not warm. The best part of the flight was the comfortable flat bed which made me sleep for many hours very comfortably. The TV screen was terrible and IFE not impressive at all. Wifi was free for first class but speed was average.,5.0,4.0,3.0,1.0,4.0,3.0,3,no,Business,First Class,Frankfurt to Buenos Aires,December 2024,0,0.738
lufthansa,19th January 2025,John Heslop,1,True,"✅ Trip Verified |   Flew with them about 15 years ago and vowed never again. I thought that they may have improved. Alas, no. By the time that cabin crew got to row 30 (with another 96 passengers left to go back to row 41), they had run out of choice of food and there was only vegetarian left. I advised that I did not want vegetarian and also advised that I tried to book my meal online between three days and four hours before departure (on four different occasions) and was informed that the service was unavailable. I had the beef in sauce. My food was cold and disgusting, it was so acidic it tasted like the beef had been pickled. The meal before landing a mush of spinach and cheesy sauce with a yogurt and a yogurt bar. The food was hot but mine was inedible. The worst aspect of Lufthansa's penny-pinching on long-haul flights is the removal of the amenity kit. I struggled getting my shoes on in the cramped space so ended up going to the bathroom in my socks. The bathroom floor was swimming in urine. I hold Star Alliance Gold status with another airline and didn't earn a single mile on my two-leg outward bound with Lufthansa. I feel that they are using their dominance to dilute the benefits of being in the Star Alliance (they have already done that with the extra baggage which has led other smaller airlines to follow suit). The only benefit was the use of the lounge which was actually very good. Definitely would not fly with them again and am dreading the return flight - which is longer because it is east to west.",1.0,3.0,1.0,1.0,4.0,,2,no,Business,Economy Class,Munich to Singapore,January 2025,0,0.534
lufthansa,11th January 2025,C Hoffmann,6,True,"✅ Trip Verified | An average experience especially with the ground crew. Flights were booked well in advance and seats selected so that the two kids under 8 years old were seated with an adult. When checking in we were split up, LH answer to this was well as you are flying business class the middle seat is empty so your child can sit there. Nice work LH it’s nice that you pay to have an empty seat (this is really the only thing that separates bis from economy). We ended up talking to a passenger that agreed to swap seats when they realised they were going to sit next to a 4 year old. Cabin crew were friendly and the food was good, also for once the flight departed on time and arrived a bit early. On the return leg LH due to weather could not unload the luggage over the next 5 days the suitcases arrived one by one two days to find them and instead of them getting sent out in one go they arrived spread out over 3 days.",3.0,4.0,4.0,,2.0,,3,yes,Family Leisure,Business Class,Munich to Paphos,July 2024,1,0.9186
lufthansa,10th January 2025,W Gardok,3,True,"✅ Trip Verified |   Lufthansa service has deteriorated substantially. Only a bottle of water is provided, one has to pay for coffee or tea. Later a small piece of chocolate is offered.",2.0,2.0,1.0,,3.0,,3,no,Couple Leisure,Economy Class,Venice to Frankfurt,January 2025,0,-0.1027
lufthansa,7th January 2025,Rachana Mandayam,2,True,✅ Trip Verified |   I am flying with Lufthansa for a long time and incrementally seeing the decline of the airline. IN flight experience is pathetic time when I flew from Bengaluru to Frankfurt.  The toilets were so unclean and it had not flushed properly. I complained to the airhostess and said I can't use the toilets as they are unclean with bits sticking out. The airhostess made a comment 'that's how they are. They are like that'. I am not going to go in there and clean. What does this mean? Is it not your responsibility to provide us decent toilet facility?,1.0,1.0,2.0,3.0,4.0,5.0,1,no,Family Leisure,Business Class,Bangalore to London via Frankfurt,January 2025,0,-0.3736
lufthansa,5th January 2025,Celin Sohier,3,True,"✅ Trip Verified |   The crew was quite rude to me when requested cup of tea and wanted me to take another drink, because was not convenient for them to prepare a pot of tea for 1 cup. Never heard something so ridiculous to says to a customer. My food was very bad. The entertainment was old. Also the connection from Munich to London we had to pay for food and drinks.",2.0,2.0,1.0,2.0,3.0,,2,no,Couple Leisure,Economy Class,Bangkok to London via Munich,January 2025,0,-0.8254
lufthansa,23rd December 2024,N Farhi,3,True,✅ Trip Verified |   Graz to Nice via Frankfurt in March 2024. Polite cabin crew but some of them unfriendly. The captain didn’t welcome passengers on board on route Frankfort to Nice as well and no information prior to approach. The tickets of Lufthansa are usually expensive with only one small mineral water on board and small chocolate. At Graz airport I asked to change the seat but their staff said there is not any available seat but another person before boarding changed the seat.,2.0,2.0,1.0,,1.0,,2,no,Solo Leisure,Economy Class,Graz to Nice via Frankfurt,March 2024,0,0.7351
lufthansa,9th December 2024,Luca Villani,4,False,"Not Verified |  I must preface this review by saying that I am grateful for flying on a lie flat seat on any long-haul flight for the cheap price of £1,100 but there is a standard to uphold for a so-called 4-star airline which I do not believe was represented by Lufthansa.  My first leg was operated to Frankfurt, which was only a short flight where I was happy to see I had a blocked seat next to me as well as an okay meal.  Our transit through Frankfurt was okay, the lounge was perfectly fine. My seat was on the window, but I was upset to hear that my seat had a broken In-flight entertainment screen, but I assured them it would be okay since I was not planning to watch any movies and I was sitting next to my family so I could just switch if necessary. But they insisted that they could not offer me the seat in a rather rude manner. I didn't question it, assuming that there was something wrong with the seat and it could not be given to me past just the seat. But after that I found out that it had a crew member not working on it, which shocked me since the seat was clearly reclinable and functioning. I do not understand why I could not have the window seat to this day, but there may be other reasons behind this I may not understand. The seat on this flight, while lie-flat was very thin and the leg-rest was bent inward, making it quite uncomfortable. The food was okay, but once again not up to business class standards in my opinion.  Overall, I hate to hate on Lufthansa since I value them and hold status with them. Their sister airline SWISS is vastly superior in my opinion. I hope the introduction of Allegris will improve Lufthansa's on-board product and I can enjoy them in the future.",2.0,4.0,3.0,4.0,1.0,,5,yes,Family Leisure,Business Class,Budapest to Beijing via Frankfurt,March 2024,1,0.9648
lufthansa,8th December 2024,K Gray,8,False,"Not Verified |  We flew London to Singapore via Munich (and then onto Krabi with Scoot) This was our first time flying Lufthansa business and I had heard varying reviews. None very good! We had great flights and crew on all sectors- especially on the Munich-Singapore route and couldn’t fault any of the crew. Meals were fine, not too restaurant quality, but very nice anyway and drinks were offered frequently. The lie flat bed was great and both my husband and I slept for most of the long haul flights. I understand that the 2-2-2 configuration isn’t ideal and I wouldn’t have wanted to be in such close quarters with anyone else - but as it was my husband it was fine. We don’t fly business on leisure trips on a regular basis and only have experience of two other airlines business product, but I would choose Lufthansa again if their prices were competitive.",5.0,5.0,4.0,,4.0,,4,yes,Couple Leisure,Business Class,London to Singapore via Munich,November 2024,1,0.9649
lufthansa,2nd December 2024,S Su,2,True,"✅ Trip Verified |   Expensive fare and not enough overhead bins to honor carry-on baggage policy. Was screamed at to place carry on under my seat in front of me, leaving no room at all for my legs. Seat comfort on par with Ryanair, no inflight service apart from water bottle.",2.0,1.0,1.0,,2.0,,1,no,Business,Economy Class,Munich to London,December 2024,0,0.0
lufthansa,1st December 2024,Sahil Malhotra,4,True,"✅ Trip Verified |   The aircraft from Vancouver to Munich was upgraded to the A350 featuring the Allegris business class seats. Although I was eager to experience this new product, it turned out to be a huge letdown. The Allegris business class seats are the firmest and least comfortable I've ever encountered. Everything about Allegris seems fancy, but they fail at the most basic aspect: comfort for sitting or sleeping. Lufthansa's onboard experience was lacking, my food was below average and no mattress padding or sleepwear provided. The experience at Munich airport for the Delhi flight was also frustrating. There was no queue management by Lufthansa, and the situation was chaotic. Families with children were standing in the business class line and taking over the priority queues. Passengers were arguing and fighting over queue cutting. The second leg of the journey, Munich to Delhi, was on an A380, and it provided a much better experience. Although the aircraft is 10 years old, the seats were far more comfortable than the A350 Allegris. However, Lufthansa’s soft product remained subpar for the second leg of the journey as well with below-average food and no mattress padding or sleepwear. Overall, Lufthansa falls short of being a premium airline and does the bare minimum to offer a premium experience.",2.0,4.0,2.0,3.0,2.0,2.0,3,no,Solo Leisure,Business Class,Vancouver to Delhi via Munich,November 2024,0,-0.9289
lufthansa,28th November 2024,Julieta Iglesias,1,False,"Not Verified | I have been waiting for compensation for 16 working days and still haven’t got it. I should have received at least after 10 regular days. I keep contacting Lufthansa and they always reply that they've already transferred the money to my account and I have to wait a few business days, but it has been a lot. They won't provide proof that the payment has been sorted. It feels like they are laughing at me and just waiting for me to get tired of complaining. I don't recommend this airline at all.",1.0,3.0,1.0,2.0,2.0,,1,no,Solo Leisure,Economy Class,Buenos Aires to London via Frankfurt,November 2024,0,-0.0426
lufthansa,8th November 2024,E Marisch,2,True,"✅ Trip Verified |   On the Flight to Europe, the business seat on the 27 Year old A340 was broken and could not be fixed and no lie flat. The food was average. On the flight back the LH feeder flight from Hamburg got delayed by more than 1 hour. All what Lufthansa staff in Hamburg told me was : you have to hurry in Frankfurt, maybe you can catch the flight. On the flight FRA-HKG i could not get a peppermint tea. I told the Flight attendant that on the flight HKG-FRA i could get a peppermint tea ""oh well, then i have to check"". Back in HKG, my baggage was not on board and came one day late. After complaint, Lufthansa agreed after a month to reimburse 50% of one leg ticket price for the inconvenience. After i sent them my account info, nothing happened. A chaser mail was ignored. The chat agent on the chat on the reimbursement microsite told me they could not give me any updates. Same with the telephone hotline. Lufthansa staff just tell you it is not in their remit and you need to call someone else.",1.0,1.0,2.0,4.0,2.0,2.0,3,no,Solo Leisure,Business Class,Hong Kong to Hamburg via Frankfurt,September 2024,0,-0.8402
lufthansa,8th November 2024,A Bardel,7,True,"✅ Trip Verified |   Old tatty cabin with a 2-2-2 business class configuration, great when travelling together but a pain when travelling alone. On the good note: lovely crew, great food and extensive beverage list. Inflight entertainment, so-so.",3.0,5.0,5.0,3.0,4.0,,3,yes,Business,Business Class,Frankfurt to Chicago,November 2024,1,0.9432
lufthansa,5th November 2024,N Marden,7,True,"✅ Trip Verified |   Both transatlantic flights in out on 330 and & 747-8 respectively to Raleigh and Newark great service good, food good, staff friendly, seats comfortable, charge for Wifi messaging disappointing after paying for premium cabin .. doesn't happen on other transatlantic flights. IFE could be better. However Airport experience very poor, Newark weighing carry on bags at gate, ground staff very curt felt like a budget airline approach at Newark. NO designated bag drop only area at any airport, EDI drop off was a joke, understaffed no designated bag only drop off. Boarding process at Newark was awful. Frankfurt transfer awful .. ground staff very impolite to a lot of passengers .. then shipped out on crowded bus to A320. The connecting legs from Edinburgh -Frankfurt-Edinburgh were poor seats uncomfortable both ways. Overall if you were just flying the transatlantic legs Lufthansa very good. Flights to and from Edinburgh -Frankfurt not so good... would make me think again about going this route.",5.0,5.0,5.0,3.0,1.0,1.0,3,yes,Couple Leisure,Premium Economy,Newark to Edinburgh via Frankfurt,November 2024,1,-0.5846
lufthansa,3rd November 2024,Richard Laycock,7,True,"✅ Trip Verified |   I flew Lufthansa from Bangkok to Manchester via Munich. Overall it was a decent experience. I didn’t pay for the extra luggage therefore I just hand luggage. The seat was rather comfortable. The airline crew were ok, sufficient without be exceptional. The food was ok. The only negative to my flight was the layover was a few hours early on in Munich and nothing was open. I didn’t have a great flight with Lufthansa but on the other hand I didn’t have a bad flight. I would fly them again if the flight times and prices were right.",4.0,3.0,4.0,4.0,4.0,,4,yes,Solo Leisure,Economy Class,Bangkok to Manchester via Munich,June 2024,1,0.4215
lufthansa,30th October 2024,G Bhatia,1,True,"✅ Trip Verified | Where do I begin? The fact that I paid for business class was to save time however ended up wasting 2 days worrying over my luggage and 6 hours at the airport once it did arrive. You guys need to have the basic ethics of customer service & support during such a time where the luggage was left in Munich by your own actions. Further, I received a call from your airport spokesperson yesterday who then went on to make me wait 2 HOURS in front of gate no 6 at arrivals IGI Airport. Inside was another terrible experience with customs for some gifts I had brought back for my family and I ended up paying duties worth ₹ 1,00,000 (4 hours gone). Now, one thing is pretty clear, I am never taking a Lufthansa flight ever again in my life (will strongly not recommend to my circle as well) and I hope you have a good diwali because you messed up mine.",2.0,2.0,1.0,1.0,1.0,1.0,1,no,Business,Business Class,Hamburg to Delhi via Munich,October 2024,0,0.8267
lufthansa,28th October 2024,Albert Baumann,1,True,"✅ Trip Verified |   Business class was a joke. Same seats as economy, standard food + drinks + middle seat free. It was a 5 hour flight. The price-performance ratio is abysmally bad. I'm very disappointed with Lufthansa.  Die Business Class war der Witz. gleiche Sitze wie Economy,  Standardessen + Getränke + Mittelsitz frei. Es war sondern 5 Stunden-Flug. Preis-Leistungsverhältnis ist abgrundtief schlecht. von Lufthansa bin ich bös enttäuscht.",1.0,4.0,1.0,,2.0,,1,no,Couple Leisure,Business Class,Ponta Delgada to Frankfurt,October 2024,0,-0.9336
lufthansa,25th October 2024,T Han,1,True,"✅ Trip Verified |   My flight from LAX to HEL was canceled by Lufthansa less than 24 hours before departure. They rebooked my ticket with other airlines without my consent. As the rebooked flights didn't work for me, I requested a cancellation and refund. After three separate attempts to contact them, the issue still hasn't been resolved. The agents I spoke to were extremely rude and dismissive, despite the problem being entirely on their end. Each time, they rushed to end the chat before properly resolving the issue. Even after my third attempt, I still haven’t received the cancellation confirmation email which they promised to send me - not even in my spam folder. Without this email, their partner airline could not verify the cancellation and process my refund. When I informed them of this, the agent simply replied, “I have sent the email. That’s all I can do on my side,” before ending the chat due to “high chat volumes.” For the price you pay, this service is a joke. I’ve already warned my friends and family to avoid this airline at all costs.",,,,,,,1,no,Solo Leisure,Economy Class,Los Angeles to Helsinki via Munich,September 2024,0,-0.0049
lufthansa,20th October 2024,A Briggs,1,True,"✅ Trip Verified |   Arrived at Heathrow to receive the text message that Lufthansa had failed to load my suitcase and that I should go take this up with desk at Heathrow. No apology, of course, for Lufthansa is never sorry. After the sweaty squash of so-called business class (a sub-Ryanair seat with the only concession that the middle seat was unoccupied), this was the final reminder that anyone who books on this airline needs to have his or her examined. The only point in its favour is that Swiss, evidently part of the same group, failed to load my luggage on the way out, but did not bother to warn me. Eight weeks later i am still waiting for an explanation but, of course, none is offered.",1.0,3.0,1.0,,1.0,,1,no,Solo Leisure,Business Class,Frankfurt to London Heathrow,October 2024,0,0.1742
lufthansa,18th October 2024,Akshay Jagtiani,1,True,"✅ Trip Verified | Lufthansa's check-in process at Munich Airport is a mess of poor planning and awful customer service. My nightmare started at the self-service kiosks, which didn't work for me because I was traveling on a visa. I told the staff at the help desk about this, but they didn't care and just sent me back to the same useless kiosks. After trying and failing again, I wasted 30 minutes before finally getting help from a Lufthansa worker. Surprise, surprise – they couldn't check me in because of the visa issue I'd mentioned from the start. Only then did they take me to the help desk, where I should've been sent in the first place. It's mind-boggling that Lufthansa took 45 minutes to figure out what I told them right away. If only they'd listen to their customers instead of just saying ""no"" over and over again. But wait, it gets worse. At the help desk, the worker started arguing with me for five whole minutes about why I didn't use the self-service check-in. I kept telling her I did try, but she just kept repeating, ""I don't see it,"" completely ignoring what I was saying. This whole experience shows how bad Lufthansa's customer service is. They're slow, they don't communicate well, and they clearly don't care about their passengers' time or problems. Lufthansa at Munich Airport needs to completely change how they handle check-ins and treat their customers. After this disaster, I won't be flying with Lufthansa ever again. They've lost my business for good.",1.0,3.0,2.0,2.0,1.0,1.0,1,no,Couple Leisure,Economy Class,Munich to Seattle,October 2024,0,-0.9846
lufthansa,5th October 2024,Saso Andonov,1,False,"Not Verified | Connecting flight cancelled less than 2 hours before departure and therefore rerouted, arrived with more than 24 hours delay, they refuse to pay compensation according to EC regulation, impossible to contact them, reply to emails received with weeks delay, they also refuse to pay additional expenses as a result of this cancellation. I will never ever use Lufthansa under no circumstances.",1.0,1.0,,,1.0,,1,no,Family Leisure,Economy Class,Keflavik to Poznan via Chrzypsko Wielkie,August 2024,0,-0.9001
lufthansa,5th October 2024,S Warten,2,True,"✅ Trip Verified |   Because of their dominant market share on flights to and from Germany, Lufthansa charges a lot of money. But there is little in exchange for these high prices. The crew barely says hello tome The seats are narrow and the pitch small. The snack is a tiny piece of milk chocolate. To accompany this snack the crew distributes a bottle of water. Coffee is charged 3,50€, a tiny sandwich 5,90€, a wrap 7,90€. I guess they want passengers to pay for what they eat onboard. I don't think it is fair to charge anything when tickets already cost several hundred euros.",1.0,1.0,1.0,,2.0,,1,no,Business,Economy Class,Frankfort to Paris CDG,September 2024,0,0.1655
lufthansa,4th October 2024,M Birton,3,True,"✅ Trip Verified |   Despite travelling with what seems to be of the most modern Lufthansa planes (compared with much older planes I had to travel with Lufthansa in the past), I was more disappointed than with the old one. The size of the seats was literally tiny in term of width. I was lucky enough not having anyone in the middle seat otherwise I would have completely lost it. To make things worst, a bulky entertainment box located under the front seat restricted any feet movements. The entertainment choice was disappointing as the food : no presentation, limited, poor quality. It is hard to believe that Singapore airlines teams up with Lufthansa as part of the star alliance umbrella and provide such an unbearable experience for passengers.  I cannot understand how a cabin’s layout can be so poorly conceived nowadays. I will never travel with Lufthansa again.",1.0,4.0,1.0,1.0,4.0,1.0,2,no,Solo Leisure,Economy Class,Frankfurt to Singapore,August 2024,0,-0.9104
lufthansa,29th September 2024,Laura Koch,4,False,"Not Verified | Rude, nasty flight attendants. I was yelled at for trying to use the bathroom when the plane had already landed. Boarding and take-off was late. On my first flight to Munich, the flight got delayed, and no reason was provided. I like that they try to eliminate waste by providing trays and metal silverware. Finally, the entertainment screens were extremely outdated and nearly impossible to use. You have to tap the screen ten times to get it to do one thing. Overall, disappointment with the customer service and flight attendants’ attitude.",3.0,1.0,4.0,2.0,2.0,,4,no,Solo Leisure,Economy Class,Washington to Munich,September 2024,0,-0.7202
lufthansa,25th September 2024,Bob Thorpe,1,False,"Not Verified |  They cancelled my August 30th flight from Orlando to Milan the day before we were to leave. This flight was booked in April. That resulted in a stressful rebooking that resulted in a 7 hour layover in Zurich. That was the good news. The return flight from Milan to connect in Frankfurt was 45 minutes late leaving (we only had a 1-1/2 layover). When the flight touched down in Frankfurt it took 20 minutes to taxi, then a bus that took another 15 minutes to get to the terminal. Finally our connecting gate was at the entire other end of the airport - a 20 minute walk to our gate which we ran the entire way with our carryons only to find our flight had left. It took another 2 hours to figure out where to go and how to get rebooked and get a hotel for the night.  I will never fly Lufthansa again or take a flight that goes thru Frankfurt.",3.0,4.0,1.0,,1.0,3.0,1,no,Business,Economy Class,Milan to Orlando via Frankfurt,August 2024,0,-0.3818
lufthansa,24th September 2024,Diego Sverko,2,False,"Not Verified | Wanted to book a few flights with Lufthansa for my trip: Triest-Frankfurt-Sao Paulo-Buenos Aires-Frankfurt-Triest. I got all the available options on the website and selected the dates and time which suits me best and got the final price 1.600 EUR. Happy with that, filled in all my details and wanted to pay. Unfortunately, there was an issue with their online booking system (as they told me later over a phone call) and could not book. Customer support say there is currently an issue but they can make the reservation for me over phone (without additional charges which apply in case someone books over phone). Also fine with me, but they said another price: over 1.800 EUR. That was not acceptable and after that I checked again the price on the website and it was still 1.600 EUR. Called again, they told me a new price again: 2.100 EUR. Not acceptable for me, but the worst part is they list one price for online booking, make ""an issue"" and then try to charge much more! This is clearly a fraud attempt and false advertising by Lufthansa! P.S. This review is not related to a specific flight but to Lufthansa itself. As you can see, I did not book a flight.",1.0,1.0,,,1.0,,1,no,Solo Leisure,Economy Class,Triest to Buenos Aires via Frankfurt,October 2023,0,-0.8192
lufthansa,24th September 2024,Yaakov Ben Noon,1,True,"✅ Trip Verified |   On our first leg (Rome->Munich), the boarding crew bullied us. We had a trolley and a carry-on item. They limit your trolley weight to 8KG, but we were aware of that and obliged. We purchased for extra money, exit row seats. Before boarding, our names were called to approach the check-in desk. They first checked if they can disqualify us from sitting on the exit row (""is anyone pregnant?"" and such, which we never encountered), and then they decided to proceed to check our luggage. We were taken back,  they weighed our luggage and it passed the test. Then they required our luggage to fit into a tiny cage. We were forced to check-in our luggage.  No other passenger had to fit their trolleys into the check cage and no one else was called to the check in desk.",1.0,1.0,,,1.0,,1,no,Family Leisure,Economy Class,Rome to Munich,September 2024,0,-0.6858
lufthansa,23rd September 2024,J Darinas,3,True,✅ Trip Verified |   This particular trip got off to a really bad start when my flight a day earlier was canceled by the airline. They made no effort to rebook me and left me with the option to fly 24 hours later than i originally planned - royally messing up my business trip from the start. The premium economy cabin is dated and while the seats are reasonably comfortable the passenger in front of me decided to recline their seat almost immediately after take off encroaching my space and making the meal service uncomfortable. The flight landed an hour late and we had to wait 15 minutes to start deplaning.,1.0,3.0,2.0,,2.0,1.0,2,no,Business,Premium Economy,Frankfurt to Bangalore,September 2024,0,-0.6478
lufthansa,20th September 2024,R Barlen,2,True,"✅ Trip Verified |   Granted Lufthansa's current business class is very antiquated, however, I have always enjoyed the onboard service and foods. However, this flight was a huge disappointment. Although some of the cabin staff seemed good, the man serving my section was absolutely the worst. Never a smile. Never a greeting. Never any effort to provide even decent service other than literally plunking down a disheveled looking tray of food. When I asked about the food selection, the answer was only: ""veg or non veg."" When I asked about spiciness, same answer: ""veg or non veg.""  Business class is not cheap, so one would expect decent service, but the service from Delhi was the pits. This experience together with other recent disappointments in Lufthansa flights will lead me to try to avoid using Lufthansa in the future.",3.0,1.0,3.0,4.0,5.0,,2,no,Business,Business Class,Delhi to Frankfurt,September 2024,0,-0.8194
lufthansa,15th September 2024,Marina Khlebopros,1,False,"Not Verified | This is an update of my previous review: The most confusing and unhelpful website. The experience was really disappointing with the 24/7 chat option. The website is so confusing that I was thinking that I'm getting an upgrade for the both flights, and I only found out when I unsuccessfully tried to find out if my meal is gluten free, that upgraded was only for the connection. I started a chat. Once I got through to a person named Ima, it got even more frustrating. This Lufthansa representative simply lied to me to about everything get rid of me. - please see the screenshots enclosed. I was trying to figure out what happened during my upgrade why it is only connection that got the upgrade, and about my meal since I have gluten allergy. Ima assured and confirmed that my meal is gluten free and that my flight from YYZ to MUC was upgraded. Both weren't true. I found it out at the airport counter. Excuse me, but what is it? How can your employee give me untruthful and deceiving information? Is this what your customer service stands for? Is this what Lufthansa company is? Disappointing, deceiving and untruthful. At the airport at the gate, I explained what happened with my meal and asked if I purchase my meal and bring it to the plane will I be able to leave it with flight attendant. The answer was reassuring that I can do that. I brought my food and gave it to the flight attendant. She took it, but the brought it back to me and said that they can't do for hygenic reasons. Excuse me but what Hygenic reasons!? Then I asked if they will be able to warm it up for me later and she said yes. Guess what happened when I asked to heat my meal. I was said no in a very rude manner. In general your employees in every department I dealt with during my trip was rude, dismissive and completely unhelpful. Flight late Lufthansa fault. My first flight LH495 was delayed and for that reason I was put on another flight which more than 5 hours away and not a business class that I paid for! Your employee at the service desk said that I can request a refund through the website for the $150 I paid for the upgrade. And she also said that I can still use the business launch I just have to show my original boarding pass. When I came to the business launch I was denied access because I'm not a business class anymore. I explained the situation, your staff member said he doesn't know anything and he will not let me in. He looked completely bored, unwilling to help and even complained to me that he is working since early morning. What?! Are you for real? One associate promises one thing, the other refuses what was just promised. Staff is untrained, rude, uninterested to help and they don't even hide it. The most common answer is ""I don't know"". If your employees allow themself to behave in such manner it only show that you as a company allow it. You are very strict to the passengers, but you staff is ill mannered, have zero compassion and have horrible customer service. Every step of this trip went wrong because of your mistakes, but for some reason I'm the one who is reprimanded. As a passenger I feel mistreated, taken advantage off, and emotionally abused by Lufthansa.",1.0,1.0,1.0,1.0,1.0,1.0,1,no,Solo Leisure,Economy Class,Toronto to Hamburg via Munich,September 2024,0,-0.9863
lufthansa,15th September 2024,Marina Khlebopros,3,False,"Not Verified |  I recently had a disappointing experience with Lufthansa's website and 24/7 chat option. The website was confusing, leading me to believe I had upgraded both flights, when in fact, only the connecting flight was upgraded. I initiated a chat with a representative to clarify my meal options due to a gluten allergy and the upgrade discrepancy. Unfortunately, the agent provided false information, assuring me that my meal was gluten-free and that my flight from YYZ to MUC was upgraded, neither of which was true. I discovered the inaccuracies at the airport counter. I'm extremely disheartened that a Lufthansa representative would provide such information.  I'm disappointed and expect more transparency and honesty. To make matters worse, I'm currently at the airport awaiting my flight, which I'm now expecting to be less than perfect due to these issues. I hope Lufthansa takes my complaint seriously and takes immediate action to correct their website and customer service shortcomings.",3.0,4.0,1.0,4.0,1.0,3.0,3,no,Solo Leisure,Economy Class,Toronto to Hamburg via Munich,September 2024,0,-0.5869
lufthansa,9th September 2024,C Mealen,6,True,"✅ Trip Verified |   Was overall disappointed with the in flight service as compared to other airlines. Paid over $300 for a flex return and was ignored in the customer service chat two times. (Chat window closed each time without any resolution). Meals were delivered but felt rationed. Asked for gluten free option and was given a rice cracker with the meal. No butter. There was no milk for tea, only coffee cream which tastes awful. Upon return I asked if I could have regular meal instead and was told I’d have to wait until everyone was served. I  notified Lufthansa customer service that I returned home with COVID and asked to inform the person who sat beside me. They were unable to do that, said that there was no way to know who sat in the next seat. Very disappointing.",3.0,2.0,2.0,1.0,5.0,,3,no,Solo Leisure,Economy Class,Heraklion to Toronto via Frankfurt,September 2024,0,-0.937
lufthansa,8th September 2024,Sonai Biswas,1,True,"✅ Trip Verified |   The in flight experience was horrible. First from Delhi the flight was already late. I have earlier travelled in Qatar Airways earlier and if there is any delay generally the cabin crew apologizes or informs the passengers about the probable departure time, there was nothing like that. The food was horrible with no seasoning, the bread was hard. When I reached Frankfurt I came to know that my ticket from Frankfurt to Dresden is not confirmed. I booked my return tickets from Dresden to Delhi a month earlier and upon landing Frankfurt I was informed my ticket is not confirmed and I will be allowed to board at the end of there are seats. For those who think this is a classic case of overbooking, let me tell you it happens when you arrive late. I arrived like 3 hours before. Fortunately there were seats available and I could board the flight. Upon arriving Dresden I found out that my baggage is missing. It was 11 in the night and Dresden airport was closed. So I had to report online, the baggage arrived roughly 10 days later. Now I can't ask for compensation as it eventually arrived but the hassle I had to face for the late arrival was never compensated. Thanks to Lufthansa airlines for teaching me a very good lesson, book Lufthansa only if it's absolute emergency and there are no other flights available. Actually it was a semi emergency for me, otherwise I generally book Air India or Qatar Airways. Also on the same route I have noticed Lufthansa has always the most expensive ticket. So worst service, expensive ticket it's a rare combo.",1.0,1.0,1.0,,1.0,,1,no,Solo Leisure,Economy Class,Delhi to Dresden via Frankfurt,April 2024,0,-0.969
lufthansa,2nd September 2024,A Slimani,1,True,✅ Trip Verified | They are not polite. They take your carry on by force to check in even you do not want to and change your seat by their decision to the worst place. It was the most horrible flight experience.,1.0,1.0,1.0,1.0,1.0,1.0,1,no,Couple Leisure,Economy Class,Rome to Frankfurt,September 2024,0,-0.8448
lufthansa,1st September 2024,Simone Montanari,1,True,"✅ Trip Verified |   I have traveled with this company in the past. My last flight reminded me why I stopped flying with Lufthansa. Two and a half hours of delay in Los Angeles made us miss the connection to Bologna. No alternative proposal except to arrive in Venice, 150 km from the original destination. Chaotic, rude and ineffective passenger assistance.",3.0,3.0,1.0,1.0,1.0,,1,no,Couple Leisure,Economy Class,Los Angeles to Bologna via Munich,August 2024,0,-0.886
lufthansa,25th August 2024,P Jiwani,4,True,"✅ Trip Verified |   I and my wife travelled from Hyderabad To Dallas via Frankfurt by booking Premium Economy Seats. On Hyderabad To Frankfurt Sector we were provided proper Premium Economy Seats but on Frankfurt / Dallas Sector (To and Return) we were allotted Ordinary Economy Seats. The seats were cramped without any extra leg space causing us physical discomfort and inconvenience (We are senior citizens). After returning to Hyderabad we complained to Lufthansa customer care through multiple emails. In response to our mails they agreed to the facts we are stating and their lapses, giving all unacceptable reasons. They also refused to reimburse the difference fair.  I would suggest to prospective Lufthansa travallers to make sure they will get what they are paying for before making payment for booking. In future Lufthansa will not be our preferred airline for travel anywhere.",1.0,3.0,3.0,2.0,4.0,,2,no,Couple Leisure,Premium Economy,Hyderabad to Dallas via Frankfurt,March 2024,0,-0.3291
lufthansa,24th August 2024,E Adaobi,1,False,"Not Verified | This was my first time trying to fly with Lufthansa. I booked two tickets — one for myself and one for my sister—for August 13, 2024, on flights from Abuja to Miami and Abuja to Houston. Unfortunately, due to a medical emergency, we were unable to fly on that date. I contacted Lufthansa through the travel agency I used, and requested a refund for both tickets. They responded, stating that they cannot refund the tickets. Despite sending multiple emails and providing medical documents to support my request, I have yet to receive any response. This situation has caused me significant mental stress, and I can't imagine losing the money for both tickets. I sincerely just want my money refunded.",1.0,1.0,1.0,1.0,1.0,1.0,1,no,Solo Leisure,Economy Class,Abuja to Miami via Houston,August 2024,0,0.3147
lufthansa,22nd August 2024,D Gerson,1,True,"✅ Trip Verified |   My luggage was not only lost but the service was awful. I was given two different contact numbers to call that were discontinued and my luggage, which had an airtag in it, showed it was at the airport for multiple days before ending up at a house over an hour away. I submitted in person and only to Lufthansa and their lost baggage team the location where it was showing; they said they could do nothing. They had me file a report threw mybag.aero and told me that I wouldn't be able to report it lost for 100 days. After submitting my ""compensation"" list with the contents and screenshots of receipts of the goods within my bag, they deleted my whole file claim. Now I cannot see any updates of my luggage, the original report etc. (luckily I took a screenshot to save on my desktop). It's now been over a month and I am still unable to get any help or a reply to my report. At this point, I'm certain I won't be receiving even a dollar in compensation for my lost items (and medication that I reported being in my bag) as the only contact number that once worked is also discontinued according the voice message when I call it.",4.0,4.0,2.0,3.0,3.0,5.0,1,no,Couple Leisure,Business Class,Seattle to Barcelona via Frankfurt,July 2024,0,0.7894
lufthansa,21st August 2024,S Malez,1,True,"✅ Trip Verified |   I had a very frustrating experience with Lufthansa when trying to add an extra checked bag for my international flight from Frankfurt to Buenos Aires. The option to add the bag online was mysteriously unavailable, leaving me with no choice but to call customer service. After several attempts and long hold times, I was told I could only add the bag in person at the airport – where the fees were significantly higher! This feels like a deliberate attempt to squeeze more money out of customers. Why make it impossible to add baggage online or over the phone just to charge us more at the airport? It’s unfair and borders on deceptive business practices. Passengers should be given all options upfront, not forced into paying inflated fees at the last minute. I expected better from a major airline like Lufthansa. This experience has left a bad taste, and I’ll think twice before flying with them again.",1.0,1.0,1.0,1.0,1.0,1.0,1,no,Couple Leisure,Economy Class,Frankfurt to Buenos Aires,August 2024,0,0.3986
lufthansa,19th August 2024,Yolandé Figueira,1,True,"✅ Trip Verified | We flew from South Africa to Madeira via Frankfurt. My husband and I travelled with our 2 year old. We flew with Discover airline, operated by Lufthansa, from Frankfurt to Madeira. We flew 4 hours to Madeira and then the pilot wasn’t able to land. We had to turn around and fly back to Frankfurt. After 8 hours of flying, we arrived back in Frankfurt, just for the ground staff to not know anything about this flight. We had to wait two hours for a hotel. This was already after 22:00 at night. We had a hungry child, waited on the curb like stray dogs for a shuttle and only arrived at the hotel at 00:00. The staff was completely incompetent, showed absolutely no sympathy for us, especially those with children. I’m traumatised to say the least.",1.0,1.0,1.0,1.0,1.0,1.0,1,no,Family Leisure,Economy Class,South Africa to Madeira via Frankfurt,August 2024,0,-0.7498
lufthansa,14th August 2024,C Ericsson,2,True,"✅ Trip Verified | We had a bad experience with Lufthansa. This airline doesn't care about customer service and its reputation. We booked on a flight from Munich to Copenhagen but the flight was eventually canceled. We were able to get on alternate flight booked by customer service counter at Munich airport and their staff told us we could request for compensation from Lufthansa once we get back to our home country. However, when tried to contact customer service about the compensation that Lufthansa agreed to pay but each time their customer service just mentioned that it is not under their scope, we should try to contact their Finance Department and there's no information on how to get in touch with their Finance Department. No other way to get in touch and check our compensation status. We have no idea when will we get paid for the compensation (it is almost 2 months now). I don't think we will fly with Lufthansa again, very bad service!",2.0,2.0,1.0,,2.0,,1,no,Family Leisure,Economy Class,Munich to Copenhagen,June 2024,0,-0.9422
lufthansa,12th August 2024,A Martun,3,True,"✅ Trip Verified |   Our flight was from an evening flight Oslo to Singapore via Frankfurt. Flight from Oslo was delayed due to the incoming plane arriving late and no updates were given to us regarding the delays or whether we would be able to get our connecting flight to Singapore. As a result, we ran from one end of Frankfurt airport to the other and couldn't catch the connecting flight on time. The plane was still there and even though all flights to the same destination during the week before had been delayed by 1 hour they were going to let this one fly on time and let us and 10 other passengers behind. No information was given and we had to search ourselves for the customer service desk. The very unhelpful and defensive staff at the desk eventually after 1 hours of discussion rerouted us the next day with a much better airline the next day, but from Amsterdam. Unfortunately they drove us to a very far away budget hotel for the overnight stay where we only had 2 hours left to sleep. No food was offered not even for breakfast. No information was given on whether we would be able to fly with the other airline as checking us in was impossible. We had to find out at the departure gate in Amsterdam 40 minutes before departure. The connecting flight to Amsterdam with Lufthansa the next morning was also delayed, which meant that we had to run again at Amsterdam through the whole airport to be able to catch our new flight to Singapore. We tried to contact customer service about the EUR 1200 compensation that Lufthansa has to pay according to EU law as we finally arrived in Bali, which was almost impossible. And when we finally talked to someone, they weren't able to but give any information regarding our compensation request. 3 weeks later and several calls and mails to Lufthansa further we still haven't got a clue if and when the airline will finally pay. Service, meals, drinks and customer focus of on-board as well as ground staff are mediocre and comparable to 3-star airlines. When things go wrong they don't care really and it's up to you to chase them again and again. I will never fly Lufthansa again.",3.0,1.0,1.0,,1.0,,1,no,Couple Leisure,Economy Class,Oslo to Singapore via Frankfurt,July 2024,0,-0.9593
lufthansa,10th August 2024,Dennis deGreef,1,False,"Not Verified |  Last month I went on a trip with my significant other to Europe. We had two business class seats (paid upgrade) on a flight through Germany ending in Amsterdam. On the day of the flight we headed to the airport with no indication that anything was amiss. Getting to check-in we were informed that we were removed from the flight due to overbooking. The airline proceeded to book us on another flight for which my partner had no transit visa, and then when asking them to re-book us through another airport we were given incorrect immigration information. I had to call the embassies of two countries and Lufthansa in Germany before getting any clarity and confirming that the check-in counter was wrong. Lufthansa did eventually book us on another flight late that night, but it shifted our schedule and my original reservations such that I had to completely change plans on a wedding proposal. Eventually the airline (after a lot of pushing/complaining) refunded the upgrade to business class fee (we had horrible toilet adjacent seats instead) but other than that not so much as a peep from them on the other costs I had to make related to dealing with their incompetent staff to rescheduling the proposal. While the trip went well in the end, the ordeal, stress, etc definitely took a toll. What I just can't understand is that Lufthansa at every turn has essentially ignored me. The person that eventually rebooked us told us that we would be given some compensation for the hassle and expenses incurred but we've been stonewalled at every turn. Even if they do not want to take responsibility of these expenses, can they really not be bothered to at least reach out and have a dialog with me. I am just flabbergasted at how poorly we were treated.",1.0,1.0,,,1.0,,1,no,Couple Leisure,Business Class,New York to Amsterdam via Munich,July 2024,0,-0.7747
lufthansa,8th August 2024,J Ist,1,False,"Not Verified | I had the absolute worst experience with Lufthansa. They canceled my flight without any prior notice and didn't bother to rebook me or offer any lodging. I spent hours on hold trying to get through to their customer service, only to be repeatedly hung up on. The level of incompetence and lack of care shown by this airline is astonishing. Avoid Lufthansa all costs if you value your time, money, and sanity. This was a nightmare and a clear example of how not to treat customers.",1.0,1.0,1.0,1.0,1.0,1.0,1,no,Family Leisure,Economy Class,Frankfurt to Amman,July 2024,0,-0.6023
lufthansa,4th August 2024,P Hashuran,1,True,"✅ Trip Verified |   My flight was from Chennai to Frankfurt and from Frankfurt to Houston. Flight from Chennai was delayed and no updates were given to us regarding the delays. As a result, couldn't catch the connecting flight on time and we were rerouted to 2 different stops and then another routing from Miami due to multiple delays. Tried to contact customer service in Frankfurt, but no one was available to talk and get help in Germany. If they are not available in Germany, I wonder where they would be available. Customer service is terrible. I had to stay in a hotel in Miami which I don't have any idea why I was there. My destination is Houston. Would never think about flying with Lufthansa ever again even in my dreams.",1.0,1.0,2.0,,1.0,,1,no,Family Leisure,Economy Class,Chennai to Houston via Frankfurt,August 2024,0,-0.296
lufthansa,4th August 2024,E Marten,1,True,"✅ Trip Verified |   Chose Lufthansa for the last 3 family travels. First travel Lufthansa had sold our seats to others as they informed when we arrived in airport (booked and paid 6 months before). Second time, Lufthansa cancelled our flight meaning we arrived at the destination after hours to pick up the prepaid rental car. Topped it on last flight,  we were delayed making transfer time short and Lufthansa did not get the luggage on last flight. Can happen, but the complete lack of info (except that our luggage actually arrived at destination airport 3 hours after us) and willingness to deliver right away does it. No one answered calls nor mails. Lufthansa just doesn't care.",3.0,3.0,,,1.0,,1,no,Family Leisure,Economy Class,Bologna to Hamburg via Munich,August 2024,0,-0.8172
lufthansa,4th August 2024,Y Marom,1,False,"Not Verified |   Booked a flight with a 1 hour connection in MUC, a few hours before the flight was to depart it delayed by 15min then 30min then 45min, no way was I going to make my connection. Called the airline as I was still at home and they rebooked me on flights with an added connection (instead of 1, I now had two), arrived at the airport and there was another delay meaning I missed the connection of the rebooked flight. The ground staff also removed the seat I booked and paid 30USD for when I checked in! Arrived in MUC to find an email that they rebooked me on another flight (that was the only good thing). When I got to the counter in MUC I asked for an upgrade, they refused and even said ""why did you book a flight with just one hour connection?"" Like it's my fault. I didn't get one snack or beverage, maybe once they gave us water. My only compensation was a 10euro meal voucher. Planes were also old and uncomfortable, no tv on a 4.5 hour flight. The flights were not cheap, I expected so much more. I should have booked Ryanair, at least with them I would get what I paid for. Airlines are going down the tubes, they no longer care about their customers.",2.0,3.0,1.0,,1.0,,1,no,Solo Leisure,Economy Class,Tbilisi to Valencia via Munich,June 2024,0,-0.9327
lufthansa,2nd August 2024,LA Pisellonio,1,False,"Not Verified | My flight was canceled. There was no prior notice; I discovered it upon arriving at the airport. So far, things that happen. What I truly found unacceptable was the assistance I received. The Civil Aviation Authority mandates that the airline has an obligation to assist the passenger. My flight was, of course, rescheduled. From 6:30 AM to 8:20 PM on the same day. I asked for accommodation until the departure of the new flight or, alternatively, to arrange transportation from the airport to my home. What I received was just a £15 voucher, a series of ""we are not authorized,"" being bounced from the desk to a support number that was not authorized to handle customer assistance (only flight rebooking), and finally the request to fill out online forms (which is not very convenient on a mobile phone) to request reimbursement for potential expenses (at the airline's discretion, I imagine). The whole process was somewhat vague, cumbersome, and decidedly time-consuming. The airline should understand that when a flight is canceled, there is a chain of dysfunctions and organizational hiccups that the passenger has to deal with (all caused by the flight cancellation), and the idea of calling around, filling out forms, etc., is the last thing they need.",1.0,1.0,,,1.0,,1,no,Solo Leisure,Economy Class,London to Ulanbaathor,August 2024,0,0.2247
lufthansa,24th July 2024,L Carson,1,True,"✅ Trip Verified |  I paid for emergency exit seats, Lufthansa changed planes and gave us 2 seats in normal seats. I did not notice this at check in, and at the gate I asked for my emergency seats. They said the plane was full, and to please ask for a refund online. Lufthansa answered with very poorly written mails, and plainly refused a refund (here is the text of the mail I received: ""Our decision has been carefully considered, taking into account, Of course, our decision was made after assessing carefully considering the legal liability along with goodwill considerations. Therefore, we kindly request your understanding that we choose to uphold our decision and consider the case closed"" Luckily Expedia was nice enough to give me a credit for the same amount for use in future travel.",2.0,5.0,,,2.0,,1,no,Couple Leisure,Economy Class,Rome to Frankfurt,June 2024,0,0.8176
lufthansa,23rd July 2024,E Hanscher,2,True,"✅ Trip Verified |  Flight was delayed by about 1 hour. An excuse for the inconvenience for transit passengers? No. LH no longer seems to be interested in how passengers are doing. When disembarking, the captain and flight attendant stand next to each other at the door, but instead of saying goodbye to the paying passenger, they prefer to talk about evening programs after work.  But the tip of the iceberg was the stand-by flight attendant in uniform who complained about children on board. Not a single child screamed, but was simply a happy child.  LH urgently needs to work on the service and the staff.",4.0,1.0,1.0,,2.0,3.0,2,no,Family Leisure,Economy Class,Venice to Frankfurt,July 2024,0,-0.3071
lufthansa,23rd July 2024,K Carson,1,True,"✅ Trip Verified | Flight cancelled due to a delay leading to the crew unable to continue flying, no replacement crew available. The ""service centers"" at the airport so overwhelmed by stranded travelers or rather so undermanned that there was an hours long wait time to get a waiting number. Beyond belief. Got an alternative flight only 3 days later, and of course no compensation offered by the airline. Our luggage has been taken hostage for those 3 days since we weren't willing to queue up again for hours at the luggage counter. This airline doesn't deserve its 4 Stars, this is an insult to any quality airline. Their service has been steadily deteriorating over the past 10 years and has now reached the level of the worst budget airlines but still at a premium price. Delays and cancellations are rather the rule than the exception by now, the service hotlines even for frequent flyers are unreachable and incompetent. Even cattle on their way to the slaughterhouse are treated better. Avoid this airline if possible by any means!",1.0,1.0,,,1.0,,1,no,Couple Leisure,Economy Class,Munich to Malaga,July 2024,0,-0.8684
lufthansa,23rd July 2024,V Roberto,3,True,"✅ Trip Verified | Our recent experience with Lufthansa has been extremely disappointing. On both legs of our journey, we faced significant issues. On June 6th, during our flight from Hamburg (HAM) to Palermo (PMO), our luggage was delayed and did not arrive with us. We had to wait for several days without our belongings, and the only reason we retrieved it sooner was due to my trip back to the airport. The return trip was equally problematic. After a delayed arrival in Munich on June 28th, one of our three pieces of luggage did not make the connecting flight to Hamburg. We received no information about its whereabouts until July 1st, and it was only delivered on July 2nd, after numerous failed attempts to contact the delivery company. The system used by Lufthansa to track luggage is utterly useless, providing no updates other than stating the luggage is being searched. The response from Lufthansa was not customer-friendly, showing no acceptance of responsibility and offering no compensation without receipts, which is merely a legal requirement. The fact that such issues occurred on both flights highlights significant problems in the logistics and capabilities of Lufthansa in providing reliable service. Overall, this demonstrates a lack of care and poor customer service from Lufthansa.",3.0,4.0,,,1.0,,4,no,Business,Economy Class,Palermo to Hamburg,June 2024,0,-0.9742
lufthansa,22nd July 2024,M Drago,2,True,"✅ Trip Verified | I stopped flying Lufthansa 15 years ago and now I remember why. All four flights (departure + connection) and the same on the return flight were delayed. On the outbound flight, we missed the connecting flight to New York. There was absolutely no staff waiting at the gate to direct us to our gate or even escort us as I've seen many times when a connecting flight is delayed. Everything around our gate was closed at 5pm in the evening? No staff, no information kiosk, no ticketing agent, no Lufthansa staff in Frankfurt, the airlines hub city!? When I was finally able to connect to wifi and look online for our gate and we ran to it, the plane had just closed boarding. Had there been an escort, we might have made it. The rebooking agent acted like he was doing us a favor by putting us in a hotel for the night and told me I shouldn't have booked such a close connection - excuse me sir, your company shouldn't have close connection times if they can't fulfill the obligation. On the way back another late flight and just narrowly made the connection but of course the luggage did not. I had another flight and just one day to receive my luggage before leaving. Of course it did not arrive until midnight the day after landing. I waited all day and had to rush and pack for my flight early the next morning. In addition to their time management problems, the planes were old, the entertainment system ancient, the food was horrible and the customer service useless. I suppose I just needed to be reminded why I avoid Lufthansa at all costs. Well done LH.",2.0,4.0,1.0,1.0,2.0,1.0,2,no,Couple Leisure,Economy Class,Istanbul to New York via Frankfurt,June 2024,0,-0.9338
lufthansa,21st July 2024,Una Drljaca,1,True,"✅ Trip Verified |  All the worst. All 4 of my flights were delayed, the first trip BEL-EDI was supposed to last 5h and it lasted 25h. They refuse to compensate me because it was due to a ""bird strike"".",1.0,3.0,1.0,,1.0,,1,no,Solo Leisure,Economy Class,"Belgrade to Edinburgh via Frankfurt, Munich",July 2024,0,-0.8271
lufthansa,21st July 2024,Matilde Ventrella,1,False,"Not Verified |   If I could, I would give them 0 for their appalling customer service and absolutely lack of care for their customers. I lost my flight connection because of a delay. Certainly, delays can happen this is indisputable. However, they left us to sleep on the floor and their staff on the plane lied by stating that my flight connection had not departed.  They have rebooked me on two flights and one is not a business class despite I paid for this class. Now this means that on one of their flights I will not be able to carry 2 bags on despite I paid for them and I need in order to do some medications. I will never travel with them again. The staff in Munich was rude and unprofessional. Today there were only 3 people at the desk despite there was a long queue of poor customers who needed to rebook their flights connection. I have booked a return flight with them but no way I will travel with them again.",1.0,3.0,,,1.0,,1,no,Business,Business Class,Manchester to Bari via Munich,July 2024,0,-0.8662
lufthansa,20th July 2024,F Abeln,1,True,"✅ Trip Verified | Attention, Lufthansa tries to screw you over if they have the chance. Here is my terrible experience: - Lufthansa informed me via mail on 13.03 that I was rebooked from my original flight on 14.03, which I had already checked in for, to an alternative flight on 15.03 for no reason - Lufthansa employees on the service telephone were also unable to reverse this on 13.03 and gave me various incorrect reasons such as the flight was canceled or fully booked, although it was taking place and could still be booked via their own Lufthansa website - I therefore had to book the original flight on 14.03 a second time via their own Lufthansa website as an alternative to the exact same denied original flight. I took my original 14.03. flight on that second booking - due to Lufthansa's incompetence, they owe me compensation for the entire ticket price of the second booking for the same original flight - Lufthansa denied that request multiple times. This practice is more deceptive than that of our well known low-cost carriers. I find it appalling how customers are treated and I would recommend anyone to choose another airline if possible.",1.0,1.0,,,1.0,,1,no,Business,Economy Class,Munich to Barcelona,March 2024,0,-0.296
lufthansa,19th July 2024,Shawn Rykken,2,True,"✅ Trip Verified | Scheduled a 2.5 hour flight looking to receive some refreshments. Come to find out ordering a Coke I had to pay for that unexpectedly. Picking seats you have to pay to change seats. Find there is a fee to check any luggage. Very disappointing how any convenience you wish to have now is gone, might as well book Spirit Airlines if I have to pay for things. Delayed on takeoff and delayed to get off the plane. Had to wait on the tarmac to get bussed to the gate. What a disappointment.",3.0,1.0,1.0,1.0,1.0,1.0,1,no,Solo Leisure,Economy Class,Sarajevo to Frankfurt,July 2024,0,-0.7425
lufthansa,7th July 2024,L Sheare,6,True,"✅ Trip Verified |  The flight from Munich was delayed by almost an hour which is actually a good thing as my flight to Munich was late due to thunderstorms. The flight attendant announced with some fanfare on the loud speaker that Lufthansa has rolled out a new system of offering water, a tea or coffee. This was a subtle way to break the news that no free food of any kind is given (not even a snack) and sending a message to customers that they should suffice with only one drink. The distribution of that one drink per passenger started late (not due to turbulence) and was proceeding very slowly. I waited an hour and 50 minutes after take off to receive a drink. The seats are well padded but I don't know if they are more spacious than those of low cost airlines. The crew did not seem to have any sandwiches to sell (I think they were short on them) but they did have plenty of crisps, pretzels etc.  The highlight of the trip was the Lindt chocolate at the end.",3.0,2.0,1.0,,5.0,,3,no,Solo Leisure,Economy Class,Munich to Lisbon,July 2024,0,0.4308
lufthansa,4th July 2024,F Garhada,1,True,"✅ Trip Verified |  Flying out of Riyadh delayed by 3 hours and missed connection.. The LH employee at Riyadh did not do anything although i informed them before boarding, in Frankfurt agent told me next day flight and i don't have guarantee for hotel because of Euro championship, or i have to take Airbaltic and she asked me to go to their office. I realized that airbaltic in another terminal and nobody in their counter because their flight will be after 7 hours. After arrival to destination they lost my baggage. Flying back no boarding pass for connection and nothing at their app and I have to go to their office in FRA. The crew was good and helpful. Problem is mainly ground crew and agents.",3.0,4.0,3.0,,1.0,,1,no,Solo Leisure,Business Class,Frankfurt to Riyadh,June 2024,0,-0.3485
lufthansa,2nd July 2024,E Fayne,1,True,"✅ Trip Verified |  Cancelled my flight with no notice and offered a replacement which would have meant missing an important appointment. I was forced to make alternative travel arrangements with another airline and Lufthansa refuse to reimburse expenses. Customer service is uncaring, unwilling to engage, and peddles inaccuracies.",,,,,,,1,no,Business,Economy Class,Cologne to Ancona via Munich,June 2024,0,-0.7506
lufthansa,1st July 2024,Salome Jugeli,1,False,"Not Verified | Horrible company, no meals onboard, and also when you have 7 hours gap for transit flights no meals no nothing. Nothing is free for them or no bonuses, was such a good company but now it is the worst. Shame on you",2.0,3.0,1.0,1.0,1.0,1.0,1,no,Business,Economy Class,Munich to Tbilisi,July 2024,0,-0.8754
lufthansa,1st July 2024,S Freer,1,True,"✅ Trip Verified | Most horrible airline I have ever experienced. I don't even know how this airline is functioning. *ALL FOUR* of our flights through Lufthansa were majorly delayed - over 16 HOURS of delay time, causing us to miss an entire vacation day and our means of transportation. Hundreds of people had also missed their connectors and the line for customer service was a 3 hour wait. One of our connectors was SIX HOURS and we still missed it because they cancelled our tickets. They say to check the app but it doesn't update so it is useless. Not only that, but my husband paid EXTRA for seats to be next to each other and they gave our seats together away to a family without telling or asking us. We didn’t know until we were about to board - nor did we get any sort of refund. If you want to arrive within a day of when you expect to arrive to your vacation then don't book through this trash of an airline.",1.0,1.0,1.0,1.0,1.0,1.0,1,no,Couple Leisure,Economy Class,Montreal to Zagreb via Munich,July 2024,0,-0.8831
lufthansa,27th June 2024,T Albrecht,1,True,"✅ Trip Verified | Our flight yesterday was canceled and unfortunately we were not automatically rebooked. You can't clarify things properly with the chatbot, because you write that you are at Munich Airport and the chatbot replies ""Are you at Franjo Tudman Airport?"". Unfortunately, this was also not possible by phone, with the explanation that we had checked in our luggage and therefore could not be rebooked. We had to wait for hours in an incredibly long queue until the counter was able to rebook us and give us a hotel voucher. After hours of waiting, we were told in the terminal that Lufthansa would close the desk at 11pm and we would have to book a hotel room ourselves and stay awake at night waiting for the email from Lufthansa announcing the new flight. They just let hundreds of people down by not working. Pick your own hotel, even though all the hotels in Munich were fully booked. A Lufthansa employee in Munich laughed at us and sarcastically said to us, ""We have nice cozy pillows and blankets, you can sleep here at the airport"". In the end, we were lucky and booked the last room in a nearby hotel via Booking. We paid for the cab (€120 to the hotel and back the next day) and the hotel itself. The next day there was another surprise - first our flight was 2 hours late, and then the flight was canceled again, we were not informed about this either by SMS or by email. It was a coincidence that we wanted to check the status in the LH app. We were rebooked on a flight at 10pm. We have no deodorant, no toothbrush, have been traveling in the same clothes for more than 24 hours and the question arises whether this flight will take place at all or will be canceled again. This may mean deja vu - standing in the long queue again and in the end, when they close the counter at 11 pm, you have to worry about where you can sleep, how to get to the hotel and whether there is anything else near the airport, you have to pay for everything yourself of course. There is also the frustration of not knowing how long you will have to chase your money. The worst experience ever, I wouldn't recommend anyone to fly with Lufthansa.",3.0,3.0,4.0,1.0,4.0,3.0,1,no,Couple Leisure,Economy Class,Zagreb to Bremen via München,June 2024,0,-0.8451
lufthansa,25th June 2024,C Keare,3,True,"✅ Trip Verified |  I recently relocated from Morocco back to the US after living there for 5 years. I also flew my 2 Moroccan cats which I took in while living there. Because I had 2 cats I had to buy 2 seats and fly a second person with me. Each ticket had 1 checked bag and I added an additional checked bag to each ticket for 4 checked bags. I didn’t want to rebuy every thing so I took the important stuff. Because I also wanted to take some textiles I had previously purchased I called Lufthansa to ask how much it would be to add a 3rd checked bag to one ticket. I was told over the phone the 3rd bag would be $110. I confirmed this price several times with the phone rep. However when I arrived to the airport in Casablanca from Marrakech where I was actually coming from the ticket counter took all my luggage and proceeded to charge me around $350 for that 3rd piece of luggage. I told them many times I was told $110 for the 3rd piece of luggage, they 100% did not GAF and I was forced to pay what they asked. Mind you I already spent + $1300 for the two tickets, and $220 for the two cats, and $180 for the two extra pieces of luggage I added. I filed a complaint and they tried to gaslight me telling me my luggage was “overweight” and this is why they charged ~$250 more (everything was in a different currency). I personally weighed all my luggage multiple times before arriving to the airport AND the airport told me the cost was due to the 3rd piece of luggage. Nothing was ever said related to my luggage being overweight. On top of this I tried to upgrade my tickets to see if that would be the cheapest way to have more luggage, I was told I could upgrade but the amount of checked luggage would be based on the ticket class I originally bought. And, on the first of the two flights my cats were forced to be separated despite me paying to have the two seats together. Even I was pressured by the airline rep to buy my seats because he told me even buying the tickets together wasn’t a guarantee we would be seated together. What a load this company is.",3.0,3.0,3.0,,2.0,,2,no,Solo Leisure,Economy Class,Casablanca to Austin via Frankfurt,June 2024,0,-0.7814
lufthansa,24th June 2024,Perihan Ersoy,1,False,"Not Verified | I flew Lufthansa and SunExpress which is joint venture of Turkish Airlines and Lufthansa from Boston to Ankara at 2nd of Jun 2024 and from Ankara to Boston at 23rd of Jun 2024. Both of my flights with Lufthansa delayed my luggage. On my first flight the whole flights luggage was left in Munich airport and I received my luggage 3 days later. My current flight my luggage was left in Munich airport. As I learned Lufthansa are suffering lack of ground service personnel in Munich airport, yet they are using one of the biggest plane (A380 capacity of 525) and it was full.",1.0,2.0,1.0,2.0,1.0,,1,no,Solo Leisure,Economy Class,Boston to Ankara,June 2024,0,-0.743
lufthansa,23rd June 2024,Muhammad Iqbal Khan,1,True,"✅ Trip Verified |  I had booked tickets from Brussels to Milan via Munich. When I reached Munich, I was told that the next flight to Milan l has been cancelled and they didn't tell what to do next. I was standing in queue in front of their help desk and at last one alternate flight was arranged but that too got delayed several times. At last we reached Milan 8 hours late.",1.0,1.0,,,1.0,,1,no,Solo Leisure,Economy Class,Brussels to Milan via Munich,June 2024,0,0.2023
lufthansa,22nd June 2024,J Behrendt,1,False,"Not Verified |   This is my first and last time flying Lufthansa! Paid extra for seat assignment. Seats were changed 4 times to then have us on the 4th change to not sit together. SFO to Frankfurt to Rome. SFO to Frankfurt’s reassigned seats were up against a wall, 3 seat reclined one inch, 4th seat did not recline at all, for 11 hours. Remember that I paid extra to not get the seats I wanted. Check in attendants were the rudest I have experienced.  Take off was delayed. The flight attendants were not friendly. My son asked for ice tea and the stewardess literally snapped at him, “No”. Arrived in Frankfurt after 11 hours, connected on to the next flight to then be asked to disembark due to a door issue. Again, rude counter attendants the caused mass confusion when trying to update the passengers. Everyone stormed the counter. What they wanted was 70 volunteers to get off the flight with a 250 voucher. Because they caused so much confusion, the counter attendants started yelling and threatening all of us that if we didn’t cooperate that they would just cancel the flights altogether.  They couldn’t get 70 people, they got 50, and then started to pull the rest of the people the next flight.  Once that happened, we were able to board. Once seated, the captain came on and said that the counter attendants miscounted and still needed 10 people to get off so they randomly selected another 10 people.  I was supposed to arrive in Rome today at two but I am still seated waiting to take off because now they are questioning the load of people and where we are all seating. I have never experienced such rudeness, disorganized, and horrible treatment of their passengers. I would like a refund for paying for seat selection early when I didn’t get any of the seats I wanted from SFO to Frankfurt due to the 4 x that we were moved and ultimately to a horrible seat situation",1.0,1.0,1.0,,1.0,,1,no,Family Leisure,Economy Class,San Francisco to Rome via Frankfurt,June 2024,0,-0.9488
lufthansa,22nd June 2024,L Han,8,True,"✅ Trip Verified |  Flew from YYZ to HKG via FRA due to its cheaper tickets. It's my first time flying with Lufthansa and their B747-400. Their performance are basically satisfactory. Both planes in my flight are quite old but they are still clean and comfortable to stay in. The quality of IFE is ok and has a wide variety of movie selections. The meals for the flight from YYZ-FRA are satisfactory, yet the meal (chicken rice) from FRA-HKG is not very appealing to me. For such a long flight, their seats on both B747-400 and A340-600 are better than what I expected through reading online reviews. Overall speaking, their service is not comparable to the top-tier airlines but it's not bad and certainly has good value to money for my flight.",4.0,4.0,4.0,4.0,3.0,,4,yes,Solo Leisure,Economy Class,Toronto to Hong Kong via Frankfurt,June 2024,1,0.9814
lufthansa,22nd June 2024,N Kayasanghu,4,True,"✅ Trip Verified |  I wasn't permitted to check in online. No choice of seating. Seats less than avarage leg space and minimal recline. Seat pocket tiny and difficult to access. Video screen was small with a fair if not unspectacular selection of choices. Avarage earphones. Blanket length was short. I usually enjoy my inflight meals but this one was awful. I couldn't eat the main meal. In nonveg they said eggs, no meat but I am not sure it had any eggs. Toilets were good and clean. 7 out of 10. Staff did not seem particularly interested in serving. My journey involved transiting through Munich. No issues with bags. I first flew LH from Manchester to New York in 2007 and last in 2017 between Bombay to London. Much worse experience now compared to my earlier flights.",2.0,1.0,1.0,2.0,3.0,,3,no,Solo Leisure,Economy Class,Delhi to London via Munich,June 2024,0,-0.8911
lufthansa,20th June 2024,M Dwyer,1,True,"✅ Trip Verified | I had already sworn off of flying LH whenever possible, following their years long race to the bottom. Particularly bothersome to me are the narrow seat pitch in long haul Economy (impossible to open a laptop), tiny seat pockets large enough to fit, like, two bonbons, absence of reasonable Economy+ type seating, and downgrading of my home airport (PHL) to their Eurowings Discover division and its truly inedible food. But despite my better judgement, my wife made me give them another chance on our TATL flight this month, and oh boy, LH did not disappoint in showing how truly awful they are. In addition to all of the above (which makes it super uncomfortable to get work done on a computer), they enforce an absurd Ryanair-style 18 lbs carry-on size limit coupled with dimension limits that fit toy bags. Despite me explaining that in my reasonably sized standard carryon (which was under 20 lbs) I am carrying bare essentials to keep my special needs 4-year old manageable for a 24-hour trip and that this was the only carryon bag for three paying passengers combined, they made me empty everything into what was essentially one grocery-sized plastic bag: passports, diapers, medications, sleeping needs, children books, toddler food, water, one change of kid clothes — everything in one jumble. With this Hansel and Gretel type bag of overstuffed chaos I proceeded through several airports and planes courtesy of LH while my essentially empty carryon traveled checked in and the overhead bins were empty as well. The same farce was repeated on the way back, with the added twist that the plane experienced a technical defect that caused a 2.5 hour delay for which they issued us — after the late flight had boarded — 10 EUR meal vouchers which wouldn’t have been good for anything anyway since the US bound flight section had only one counter which had quickly run out of food. They also forbade the use of an FAA approved seat belt for my child on all flights, citing German regulations. LH is now strictly back in the banned category for me. I get that all of these things might have been in some conditions of carriage that I accepted by buying the LH ticket. Fine. But I have my own conditions of carriage, and as long as there is competent competition — I will not make the LH mistake again.",1.0,2.0,1.0,2.0,1.0,,1,no,Family Leisure,Economy Class,Newark to Budapest via Munich,June 2024,0,0.753
lufthansa,15th June 2024,Becker Ingrid,1,True,"✅ Trip Verified | I booked a flight through Lufthansa for my brother and sister to travel with me to Santorini. I tried to check in online, but it wasn't working, so I had to go to the airport counter. At the airport, I went to the Discover Airlines self-check-in machine, as my flight was operated by them, and it gave me an error. The staff at Discover Airlines directed me to the Lufthansa counter. The Lufthansa attendant attempted to check us in but also failed and sent me back to Discover Airlines. At the Discover Airlines counter, the assistant tried to generate my siblings' boarding passes but faced issues. After involving a supervisor and a 20-minute wait, another supervisor managed to resolve the problem. They then hurriedly told us to run as we were late, despite the delays being their fault. We suspect the system crash was due to purchasing my siblings' tickets with my credit card, which should have been an easy issue to resolve. After a lot of stress, we barely made it to the plane on time for takeoff. Now, I'm sitting on a super hot plane waiting for departure, and we've been told we have to wait another 20 minutes in the sun because around 50 bags are missing. I can't believe my poor siblings have to fly back to Frankfurt with this airline. I wish I could rate it a 0. If you have ANY other option, choose it. Avoid ruining your travel experience with this airline's incompetence.",2.0,4.0,,,1.0,,1,no,Family Leisure,Economy Class,Frankfurt to Santorini,June 2024,0,-0.8865
lufthansa,14th June 2024,K Lee,1,True,"✅ Trip Verified | The computers at the business class checkin desk was not working, so ended up waiting for more than 30 minutes, whilst the staff would go back and forth the automatic checkin kiosks. My seat was dirty and my chicken salad which did not have much vegetables and was awful. It took a long time for the bags to arrive. Will avoid Lufthansa at all costs.",1.0,1.0,1.0,1.0,1.0,1.0,1,no,Business,Business Class,London Heathrow to Frankfurt,June 2024,0,-0.7964
lufthansa,12th June 2024,T Dasanan,7,True,"✅ Trip Verified |   We flew Lufthansa for a second time, this time was long haul flight from BKK to BCN via MUC. The check-in and boarding was smooth. The aircraft was quite new and keep the noise in the cabin quite low. The seat was nice and comfort with very good leg room but recline not very much as we expected therefore we did not catch much sleep during night flight to Munich. The cabin crew was nice and professional. The food and drink was quite a little disappionted as the taste was not very good. No snack or fruit provided during flight. The flight was late about 30 minutes but we had no problem connecting flight.The flight from MUC to BCN was a medium haul flight flown by Airbus A321. Nothing was special. We were served with a bottle of water and small chocolate bar. The crew as quite friendlier than flight from BKK. Overall, it was OK but not up to our expectations.",4.0,4.0,3.0,4.0,5.0,,4,yes,Couple Leisure,Economy Class,Bangkok to Barcelona via Munich,May 2024,1,0.936
lufthansa,10th June 2024,M Bol,1,False,"Not Verified | Awful service. Cancelled my flight 2 times without an apology. Flight delayed by 2 days. After the second cancellation they just said that I would have wait until they tell me if a an alternative is found. So you can imagine the uncertainty and anxiety. On my return I wrote an email complaining but they arrogantly replied that because my return flight was from outside EU, I don't have any rights. My brother was travelling with the same airline and he wanted to change his departure date by one day and they charged him $500!!",3.0,2.0,2.0,1.0,2.0,1.0,2,no,Couple Leisure,Economy Class,Tehran to Birmingham via Frankfurt,April 2024,0,-0.8488
lufthansa,6th June 2024,Mihail Stalianof,1,False,"Not Verified |   Extremely disappointed about this airline. After I paid for upgrade seat for a bulk head so I’m not restrain by anyone in front of me, having an 8hr flight, they change the aircraft and they atomically switch my seat in the middle of the plane between everyone. I called the airline once I received the email and they were the worst customer service ever. They hang up on me, then they said they can do anything, then they said I have to pay extra and hang up on me and at the airport they said they can’t do anything because the flight is full. The worst. Why do you give me the option upgrading my seat if you can provide the service. Worst airline.",1.0,1.0,3.0,4.0,1.0,,3,no,Solo Leisure,Economy Class,,June 2024,0,-0.9524
lufthansa,3rd June 2024,Mehmet Nayir,1,True,"✅ Trip Verified | We experienced a nightmare with Lufthansa. We had a connection. The first flight was delayed, and they did not wait or direct us. The problem started from then on. They are too rude. They claimed it was very average daily problem. They have not assisted or helped. We had to stay at Frankfurt Airport overnight. They almost claimed we were responsible, not Lufthansa. They even treated my 6 years old very badly. I am not expecting corporate responsibility; they do not have minimum human empathy. Stay away from Lufthansa as much you can.",1.0,3.0,2.0,1.0,1.0,1.0,1,no,Family Leisure,Premium Economy,Tivat to Heathrow,June 2024,0,-0.8923
lufthansa,2nd June 2024,Perihan Ersoy,1,True,✅ Trip Verified | I flew with Lufthansa from Boston to Ankara. There is one stop in Munich. The second airline which flew from Munich to Ankara is Sun Express under Lufthansa. This flight lost the whole planes luggage. The plane had 3 hours overlay and arrived to Ankara without passengers luggage. I haven't faced anything like this before and I don't think I will choose Lufthansa again.,1.0,3.0,3.0,3.0,1.0,,1,no,Solo Leisure,Economy Class,Boston to Ankara via Munich,June 2024,0,-0.6818
lufthansa,31st May 2024,Xuan Mai Pham,2,True,✅ Trip Verified |  Lufthansa cancelled my flight the day of the departure. I sent an email for compensation which they replied i am entitled to a compensation fee of 1000$. That was 6 months ago and i sent multiple emails which they have been asking banking information to receive the compensation amount but they never did since they confirmed it. I called them multiple times too but they said to wait for a response by email. Still no refund.,,,,,1.0,,1,no,Solo Leisure,Economy Class,Montreal to Paris via Munich,December 2023,0,-0.4118
lufthansa,28th May 2024,N Mandeile,1,True,"✅ Trip Verified |   The flight left from Munich without any luggages. None were boarded, and we were told only when we were waiting at the carousel at Prague airport. I got my luggage 24 hours later and Lufthansa refused to reimburse the amount paid to check the luggage. In my opinion, reimbursing that amount would have been the least they could do for the problems this delay caused.",3.0,3.0,2.0,4.0,1.0,,2,no,Solo Leisure,Economy Class,Munich to Prague,April 2024,0,-0.7597
lufthansa,28th May 2024,Satinder Panesar,7,True,"✅ Trip Verified | Excellent Crew. There should be more options / variety to the food. Don't know if it's only on this route (India) or it's on their every flight / route. If it's on every flight route, they must change their policy and have more options in the food. In terms of Food, Singapore Airlines is the best. Limited inflight entertainment. In the name of latest releases, showing old movies that they have added recently. No Anime. Wish management can take a notice of it.",4.0,4.0,3.0,3.0,4.0,,4,yes,Solo Leisure,Business Class,Paris to Mumbai,May 2024,1,0.7463
lufthansa,28th May 2024,B Wilson,1,True,"✅ Trip Verified | If you are flying with a family, DO NOT fly with Lufthansa assuming you can reserve seats together. The organization of these flights are horrible, last minute changes to aircrafts occur consistently and your seats are then randomized. We originally reserved bassinet capable seats, but once seats were shuffled we lost that. We also reserved seats that were together, we lost that too. They will leave your reservation customizations up in the air until the day of your flight when you check in and HOPEFULLY you can get the seats you originally reserved. The overall experience was terrible due to their ""last minute aircraft changes"". BEWARE if you choose to fly with them.",2.0,1.0,1.0,3.0,1.0,2.0,1,no,Family Leisure,Premium Economy,"Calgary, Alberta to Frankfurt, Germany",May 2024,0,-0.7311
lufthansa,26th May 2024,Nasrin Suliman,2,True,"✅ Trip Verified |  I recently booked a ticket with Lufthansa for a trip from Denver, Colorado to Dubai, with a connection in Frankfurt. I was traveling with my infant baby, toddler, and child, and had specifically ordered a bassinet for my baby. However, my experience was far from what I expected from a reputed airline. Upon reaching the airport counter for check-in, I was shocked to find out that my ticket did not show up in their system. After several attempts to resolve the issue, I was informed that my ticket was a stand-by ticket. This was a huge surprise and extremely distressing, especially considering I had booked a normal ticket for myself and my young children. The entire process took over two hours, during which we were left standing on our feet with no assistance or consideration for our situation. When we were finally boarded, we were given seats separated from each other, all the way at the back of the plane. This made the journey difficult as the crew was unaccommodating and showed little concern for our needs as a family traveling with small children. When we arrived in Frankfurt, the nightmare continued. Once again, we were told that we did not have a boarding pass for the next leg of our journey. After another round of confusion and waiting, we were again given separate seats, which was highly inconvenient and stressful. This entire experience was one of the worst travel scenarios I have ever encountered. The lack of organization, empathy, and basic customer service from Lufthansa was deeply disappointing. Traveling with young children is challenging enough without having to deal with such chaos and unprofessionalism. I would strongly reconsider flying with Lufthansa in the future based on this experience.",1.0,3.0,3.0,1.0,2.0,2.0,3,no,Family Leisure,Economy Class,Denver to Dubai via Frankfort,May 2024,0,-0.9663
lufthansa,25th May 2024,Gordon Marvin,2,False,"Not Verified |   After an enjoyable experience on Lufthansa going to Germany I had high hopes for my return flight. However the airline did not come close to meeting the expectations I had from my earlier flight. Ground staff boarding the flight from Berlin to Frankfurt were extremely rude and the one male ground staff took my boarding passes and passport because my hand baggage was 1/4 kilogram overweight. Although I was in the wrong about my baggage that is no grounds to take a traveler's passport and refuse to return it. Cabin crew on the Berlin to Frankfurt flight were incredibly rude, and unhelpful. After a mess of a layover in Frankfurt, we only just made our connection to Chicago. The premium economy class seat was comfortable and crew were nice and quite helpful. The food served on this flight was not good, asian chicken that was sweet, with undercooked rice and vegetables. Overall I was appalled by Berlin ground staff service and by the cabin service onboard my Berlin to Frankfurt flight, I have tried to file official complaints but have not heard back from the company.",3.0,3.0,1.0,2.0,1.0,1.0,3,no,Family Leisure,Premium Economy,Berlin to Chicago via Frankfurt,April 2024,0,-0.3715
lufthansa,22nd May 2024,Alain Kupferman,7,True,"✅ Trip Verified | I am in possession of 6 e-vouchers and would have liked to use them on my forthcoming trip from Bangkok to Frankfurt as upgrade from Y to C class. Unfortunately, using these vouchers is like playing lottery: you have first to book (and pay) a flight, and then, only then are you told if an upgrade is possible. As I was flexible with my dates, I asked the (friendly) desk person if it was possible to tell me if there were flights where an upgrade could be envisaged, but even that was not possible. As a result, I booked my flights (booking code: ULCOQ3), and had the huge disappointment to learn that no such upgrade was possible; I could manage nevertheless to book an upgrade on the leg VIE to BKK from economy to premium economy, against payment of course. If I had known in advance that no upgrade was possible using vouchers, I surely would have flown Finnair, where a decently priced premium economy is offered. I am again very disappointed by the attitude of Lufthansa (last time was in July, where Lufthansa almost ruined the holidays of my family by canceling a flight BRU-MUC and refused to pay any decent compensation) No wonder that the Middle East airlines have such a success.",3.0,3.0,3.0,3.0,5.0,3.0,3,yes,Solo Leisure,Economy Class,Bangkok to Frankfurt via Vienna,May 2024,1,-0.718
lufthansa,21st May 2024,Patrick Drozg,10,True,"✅ Trip Verified | This flight was amazing compared to the other airlines I have flown with, my favorite Airline by far, better than Qantas, Singapore, Thai, food was top quality, service was great, cannot complain and the A340-600 was in great condition.",5.0,5.0,5.0,5.0,5.0,,5,yes,Solo Leisure,Business Class,Frankfurt to Hong Kong,May 2024,1,0.9675
lufthansa,17th May 2024,Cosimo Ortuso,2,True,"✅ Trip Verified |   I bought a ticket through Lufthansa and I find myself traveling with Austrian airlines instead. I paid 12,500 Swedish crowns for an intercontinental ticket Sto-Bkk - Bkk-Sto and luggage was not included on the fare I bought. I've been traveling for 40 years and nothing like this has ever happened to me. With the same money or less, I could have traveled with Thai Airways, direct travel and with all the services on board and on the ground. Clearly, I will never fly with Lufthansa again.",,,,,,,1,no,Solo Leisure,Economy Class,Stockholm to Bangkok via Vienna,July 2023,0,0.1506
lufthansa,14th May 2024,L Steiner,5,True,"✅ Trip Verified |  No power outlets, no USB power and no Internet service. No work accomplished on this flight. Come on Lufthansa we are in 2024. Apart from this the flight was quite comfortable",4.0,5.0,4.0,1.0,4.0,1.0,2,no,Business,Economy Class,Frankfurt to Tel Aviv,May 2024,0,-0.6821
lufthansa,3rd May 2024,Ryan Ling,1,False,"Not Verified |   In February, I took Lufthansa from Billund to Seoul via Frankfurt. My flight was constantly changed before departure. On the day of departure, there was even more delays, so I could not transfer to Seoul immediately and was forced to stay for more than 6 hours. I applied for a certificate of delay and did not write down the reason. I was unable to apply for insurance compensation without replying to many emails. The service was extremely poor.",1.0,1.0,1.0,1.0,1.0,,1,no,Family Leisure,Economy Class,Billund to Seoul via Frankfurt,February 2024,0,-0.8268
lufthansa,1st May 2024,E Stanner,1,True,"✅ Trip Verified |  Board flight Manchester. Other people in our seats. Steward advises we take seats at back. I point out we have just an hour to change flights in Frankfurt to Singapore flight. Steward insists plenty of time. Doctor called to passenger take off delayed by 40 mins. Arrive in Frankfurt and I again point out our very tight change over. My husband and I finally get off plane and run to gate, about a mile away. We are both 70 this year. Passed by people who took our seat bring given buggy through airport. They are much younger than us. Arrive at gate but checkin manager day's she can't let either of us board because I do not have a visa for Vietnam. I point out I have paid Lufthansa to get me to Singapore where I can sort out my issue with my Visa with my daughter who lives in Vietnam and my son who lives in Singapore. Other passengers board as checkin staff refuse to let us board n tell us our luggage has been removed from flight and plane has taken off. They kept our suitcases. We walk back to find Lufthansa Service Desk where staff say we should have been allowed to fly. They book us in to a hotel for the night and book us on board flight to depart evening of 27th March, a day late for our connection to Vietnam. They said as our suitcases had been checked through they would make sure they were on our flight. Every member of Lufthansa staff was rude and arrogant towards us. We asked to check our suitcases were definitely on board at Lufthansa Service Desk before checkin. They were rude and treated our concern about our luggage with distain. We requested an upgrade given the treatment we had received. Checkin manager threatens my husband and myself with not allowing either my husband or myself fly because she says ""we don't have visas"" and there is no way she will give us upgrades. It was only me that needed a Visa EU passport my husband didn't and my daughter had by that stage obtained one, which would have been available if we had been allowed to board our original flight. We had to rearrange our Vietnam flight n first seats available were not until the Friday 28th March from Singapore so we had to spend Thursday 28th March in a hotel in Singapore. As we go to claim our luggage in Singapore on arrival my suitcase is missing. Singapore Lost luggage can say categorically that my case was not on our flight. We ring Lufthansa Frankfurt who say it's probably gone for good. I spend Friday 29th March shopping for clothes in Singapore. I borrow a suitcase from my son and we checkin for our Vietnam flight, two suitcases. As we had time I returned to Singapore Airport Lost luggage. A very helpful member of Singapore airport staff found my suitcase which had been put on the Tuesday 26th March flight, the one neither myself or my husband were permitted to board. I then had to check in a 3rd suitcase for our Vietnam flight at cost of £100. I have spent over a week trying to negotiate adequate compensation from Lufthansa. I have been assured by Lufthansa Customer Services staff that the cost of rearranging Vietnam flight, the cost of a hotel in Singapore, the cost of checking in a 3rd suitcase, the cost of taxi to and from hotel in Singapore are not their responsibility and they will only pay half the cost of the replacement clothes .",1.0,1.0,,,1.0,,1,no,Couple Leisure,Economy Class,Manchester to Singapore via Frankfurt,March 2024,0,-0.8406
lufthansa,30th April 2024,Chris Seymour,2,True,✅ Trip Verified |  Purchased onboard WiFi package which after many attempts to activate did not work. Several crew members also tried but to no avail. They also suggested to contact customer service later to arrange a credit. A few days after trip I emailed customer service to request credit with response being that nothing could be done with no reason. After a few more attempts out of principle as 60Aud wifi fee was negligible compared to 8k value of flight.,3.0,4.0,4.0,1.0,3.0,1.0,2,no,Business,Business Class,Munich to Los Angeles,January 2024,0,0.6486
lufthansa,29th April 2024,M Keller,4,True,"✅ Trip Verified | Facts: - Flight LX1100 was delayed leaving from Zurich by approx. 40 minutes. Reason given: ""Waiting for passengers from a connecting flight"" - Landed in Munich when the connecting flight LH1650 to Bucharest was already boarding - No staff at the gate to expedite transfer to connecting flight - While making my way to the gate got message that I had been re-booked for another flight 6 and a half hours later - Flight LH1650 was therefore not delayed to ""wait for passengers from a connecting flight"" - Lufthansa Start Alliance Service Desk in Munich terminal K was not able to help with re-booking on an earlier direct flight. The only options presented were to take another connecting flight with a short (and risky) layover through Frankfurt or Belgrade. - Lufthansa Start Alliance Service Desk in Munich terminal K was not able to offer a reasonable or informative reason why some flights are delayed to wait for passengers and others are not. The answer they gave was: ""I don't know, this decision isn't made here. Could be any number of reasons."" - Lufthansa Start Alliance Service Desk in Munich terminal K also not able to offer any complimentary service (e.g. access to lounge, ticket to Munich to see the city, some sort of entertainment, or even more basic water or food) for the 6 and a half hours delay that I am forced to be here. - Feedback from does not pick up my Miles and More details even though I am logged in as I complete this form. It does for the bookings but not for the feedback. Consequences: - Anger for being treated differently than the passengers for which my flight was delayed departing out of Zurich - Wasted time: 6 and a half hours in Munich airport - Wasted money in the airport - Stress and frustration of having to re-book all plans for the day. I will have lost 6 and a half hours in which I had other appointments at the destination. - Frustration for not being given any reasonable or informative information or alternative flights at the Lufthansa Star Alliance Service Desk - Suspect the reason why my details are not picked up on the feedback form is because of lack of interest in gathering feedback. - Frustration and anger for having to waste even more time to fill out forms and leave reviews to be heard instead of being treated with empathy by a human at the service desk. - Dissapointment for having been forcefully put through this experience Question I now ask myself: Why do I have a Miles & More membership and will often pay more to book with member airlines? Conclusion: when flying Lufthansa with Star Alliance - Connection of 45 minutes are not enough for a transfer between member airline flights - Flights may or may not wait for passengers from connecting flights. It is unknown how this choice is made. - Passengers will not be treated like a human with empathy but like a number with a ticket in a queue - In case of delayed arrival there will be no effort made to expedite transfer to the connecting flight. - Service desk staff don't have the training/ courtesy/ means to offer adequate information or complimentary services, and lack the basic people skills for customer service: patience, problem-solving, empathy, adaptability. - In case deemed necessary by the system you will be automatically re-booked with no warning, advice, or choice. - Lufthansa with Star Alliance does not equal more reliable travel experience or better service.",3.0,2.0,1.0,,1.0,,2,no,Solo Leisure,Economy Class,Zurich to Bucharest via Munich,April 2024,0,-0.9914
lufthansa,28th April 2024,N Bardel,7,True,"✅ Trip Verified |  It is often the crew making a flight memorable and not the airline. Lufthansa’s minimalistic approach in Tourist Class challenges my goodwill to express anything positive. But as I could experience on this flight, the crew can make a difference and made it all extremely pleasant. A warm welcome (calling me by name) and being valued as loyal customer. Flying 50 flights a year (intercontinental in Business and within Europe in Economy) with Lufthansa in the last five years, this is the second time having been treated nicely in Eco. The gold frequent flyer Senator status can be seen by the crew on the passenger list and one wonders why a small courtesy, is something to write about. However, thank you dear crew, on this flight you made Lufthansa special again.",5.0,5.0,2.0,3.0,4.0,4.0,3,yes,Business,Economy Class,Munich to Sofia,April 2024,1,0.9908
lufthansa,26th April 2024,Sim Singh,1,True,"✅ Trip Verified |  Horrible experience. Never flying with them ever again. Missed 2 connecting United Airlines flights and got home 26 hours later than actual date. Made us spend us so much more money on other things like dinner, lunch. No compensation for anything. Missed work for a day and next day got home around midnight. Disappointed beyond words.  No accountability or help at all. No value for people's time, money and lives.",2.0,3.0,2.0,,1.0,,1,no,Couple Leisure,Economy Class,Budapest to Frankfurt,April 2024,0,-0.908
lufthansa,26th April 2024,Liza Kim,4,True,"✅ Trip Verified |  My experience with this airline left a lot to be desired, especially considering the length of the flight - 17 hours from Frankfurt to Buenos Aires. Firstly, the lack of children's headphones has caused additional inconvenience during the flight, especially for parents who want to provide comfort for their children. Furthermore, the airline's promised gift remained just a promise, which caused disappointment for both us and our children. Secondly, the children's meal was far from ideal. Not only did the quality leave something to be desired, but the selection was also extremely limited. This created additional difficulties for parents trying to accommodate the tastes of their little passengers. Overall, my experience with this airline was anything but pleasant. The insufficient attention to children and their needs greatly spoiled the impression of the flight. I do not recommend this airline to families with children who are looking for a pleasant trip. Meine Erfahrung mit dieser Fluggesellschaft ließ viel zu wünschen übrig, insbesondere angesichts der Länge des Fluges – 17 Stunden von Frankfurt nach Buenos Aires. Erstens hat das Fehlen von Kinderkopfhörern zusätzliche Unannehmlichkeiten während des Fluges verursacht, insbesondere für Eltern, die ihren Kindern Komfort bieten möchten. Darüber hinaus blieb das versprochene Geschenk der Fluggesellschaft nur ein Versprechen, was Enttäuschung sowohl bei uns als auch bei unseren Kindern auslöste. Zweitens war das Kinderessen weit entfernt von ideal. Nicht nur die Qualität ließ zu wünschen übrig, sondern auch die Auswahl war äußerst begrenzt. Dies führte zu zusätzlichen Schwierigkeiten für Eltern, die versuchten, den Geschmack ihrer kleinen Passagiere zu treffen. Insgesamt war meine Erfahrung mit dieser Fluggesellschaft alles andere als angenehm. Die unzureichende Aufmerksamkeit für Kinder und ihre Bedürfnisse hat den Eindruck vom Flug stark getrübt. Ich empfehle diese Fluggesellschaft nicht Familien mit Kindern, die eine angenehme Reise suchen.",3.0,2.0,2.0,1.0,2.0,3.0,3,no,Family Leisure,Economy Class,Buenos Aires to Frankfurt,April 2024,0,-0.9868
lufthansa,23rd April 2024,E Porter,2,True,"✅ Trip Verified |   Looks like this airline offers beside bad service on ground and plane also only delayed flights. The incoming flight from Germany, which was the first one at this day, was delayed by 30 minutes. Because of this i had to rush at FRA airport and only troubles with my lost bags. I try to avoid Lufthansa when ever it is possible and this as a Gold member of their terrible frequent flyer program.",1.0,4.0,1.0,,1.0,,1,no,Business,Economy Class,Manchester to Frankfurt,April 2024,0,-0.9246
lufthansa,21st April 2024,Konstantin Dadykin,1,True,"✅ Trip Verified |  Our first ever First Class experience turned out a complete disaster. Our first leg from Amsterdam was cancelled while we were in the lounge. We had to leave and go back to the check-in counter to rebook the flight. Took us an hour at least waiting in the queue. Got rebooked for the next day with a layover of 9 hours in Frankfurt. The suitcase was said to be rebooked as well, so we went home without any luggage. The next day flew to Frankfurt, had to wait and wait. Initially we booked the first row seats in B747 First Class as it offered more privacy. By re-booking we were assigned to the 2 middle seats in the third row with no privacy at all! The service was good, and the food was ok. The cabin, entertainment system and seats were outdated and worn out. Arrived at Buenos Aires and got to hear that our luggage had not arrived. Needless to say, we felt miserable. Luckily for us the luggage arrived the day after. We are very positive people, and can understand that sometimes things can go wrong, but in this case we felt as if we were robbed. For the money we paid- to get such an experience. It’s truly beyond belief! Would never recommend this airline to anyone, nor shall we ever fly it again.",2.0,3.0,2.0,1.0,3.0,3.0,1,no,Couple Leisure,First Class,Amsterdam to Buenos Aires via Frankfurt,April 2024,0,0.3106
lufthansa,21st April 2024,Joseph Chai,1,True,"✅ Trip Verified |  In a harrowing ordeal at Schiphol Airport, Lufthansa were left stranded without accommodation or proper assistance. The original flight on 15Apr was cancelled. We were rebooked several times over and the travellers were not informed of the changes. Worst we were booked separately. Shockingly, families and couples were inexplicably divided into separate flights. One minor (17years old) had to fly alone whilst his family (3) were on another flight. Throughout this ordeal, the group was stranded with no Lufthansa staff around to provide assistance and no contacts.  Amidst the chaos, desperate attempts to secure accommodation proved futile as nearby hotels were fully booked. With no alternatives, the stranded passengers resorted to spending the night on uncomfortable airport chairs. Next morning we went to Departure Checkin Counter. LH Staff on duty could not offer any explanation. LH could not offer us any room to washup and rest, but offered a meal voucher value €17. LH also gave us Business Class Lounge Voucher but unfortunately these vouchers were only valid for Munich or Frankfurt. We are in Amsterdam! Eventually, were rebooked on Turkish airlines. In the wake of this debacle, Lufthansa's handling of the situation has been met with outrage and condemnation.",3.0,3.0,2.0,2.0,3.0,,1,no,Business,Economy Class,Amsterdam to Singapore via Frankfurt,April 2024,0,-0.9689
lufthansa,20th April 2024,N Rayne,1,True,"✅ Trip Verified |  My second time flying Lufthansa. The first experience was not good but I decided to give the airline the benefit of the doubt, however my last flight reinforced my earlier experience. The plane felt old and overused. The Premium Economy section is a joke and not worth the additional expense. The seats were by far the most uncomfortable I have ever experienced and the fact that I was stuck in one for an overseas flight made matters all the worse. Additionally the flight crew was inattentive and the food and inflight entertainment low class.",1.0,1.0,1.0,1.0,4.0,2.0,1,no,Couple Leisure,Premium Economy,Chicago to Munich,April 2024,0,-0.8147
lufthansa,19th April 2024,E Wardell,3,True,"✅ Trip Verified |  This airline does not seem to be very good at getting people on and off the aeroplane. In both directions (London-Munich-London) the boarding started very late and proceeded very slowly. Given the high prices and low in-flight service levels I would have preferred a budget airline. At least budget airlines know how to get people on and off efficiently. Also, leaving Germany apparently one must complete a second passport check. This was not announced or explained by the airline, people were just expected to know they had to go to a separate counter to get a weird little sticker put on their passport. The reason was not given, and when I asked the Lufthansa staff member he got very defensive and shouted BREXIT at me - as though this very unusual process was completely explained by this single word. I have flown into and out of the EU regularly in the past few years and never experienced this. If Lufthansa is the flag carrier of Germany then I do not think I will choose to come here again.",1.0,1.0,1.0,1.0,1.0,1.0,1,no,Business,Economy Class,Munich to London,April 2024,0,0.5402
lufthansa,17th April 2024,Rodolfo Schierloh,1,False,"Not Verified |  05.04.2024, LH 430 from FRA to ORD, Business Class. The first thing that struck us upon entering the aircraft was how old it is. After an hour and a half, we were told we had to return to Frankfurt due to a defective engine. Various announcements from the crew attempted to reassure us and assure that someone would take care of our onward flights. In the last announcement, it was said that the app would solve everything, and we could manage our onward journey there. But as you know, the app doesn't work. Arrival in Frankfurt on the tarmac: We had to wait about 15 minutes for the bus to reach the terminal, then go through passport control back to the check-in area and for the first time, take a number and wait... After several discussions, I was ""lucky"" to be rebooked on a later flight. My question: Is this how a frequent flyer is treated? Are there no interim solutions in the transit area or in a lounge for Senator customers? The Flight: 05.04.2024, LH 432 from FRA to ORD, Business Class, Seat 3K. When I boarded, I thought the last plane was old, but this Airbus 340 was even older, over 26 years in service. This is also how one can describe the condition of the cabin, which I experienced firsthand at seat 3K. The seat was broken and could not be properly secured. A technician and the purser examined the seat and came to a common conclusion: ""The only thing to do is to saw it off."" Since the flight was full, I had no choice but to sit in such a seat for over 8 hours. My question: If safety is so important at Lufthansa and it is always checked whether one is fastened, then why are you allowed to fly in such a seat? Another question: Lufthansa sees itself as a ""climate and environmentally friendly"" airline, even offering CO2 compensation, and yet it flies around the world with such old planes?",1.0,1.0,1.0,1.0,1.0,1.0,1,no,Business,Business Class,Frankfurt to Chicago,April 2024,0,0.7127
lufthansa,13th April 2024,Gordon Marvin,7,False,"Not Verified |   I flew Lufthansa from Chicago to Berlin with a stop over in Munich. Overall the carrier has room to improve but is far better than any US carrier. A350 premium economy seat was comfortable, staff were pleasant and food was good for the eight hour trans Atlantic crossing. The leg from Munich to Berlin was rough, uncomfortable seating with next to no leg room. However cabin staff were also pleasant and attentive.",4.0,4.0,3.0,3.0,4.0,1.0,4,yes,Family Leisure,Economy Class,Chicago to Berlin via Munich,April 2024,1,0.9531
lufthansa,30th March 2024,J Hirten,1,True,"✅ Trip Verified |  I’ve been flying Lufthansa loyally for two decades, multiple times a year to Europe from New Jersey and had my first bad experience - my Rimowa luggage was damaged beyond repair. They outsource everything to a company called Dolfi that won’t even get my original value of my suitcase anywhere in the ballpark. And Lufthansa no longer has any person or email you can reach out to with customer complaints. All auto forms and outsourcing. Dolfi keeps telling me to contact Lufthansa if I’m not satisfied but there is no one to talk to. Will never fly again!",2.0,3.0,,,1.0,,1,no,Couple Leisure,Economy Class,Newark to Krakow via Munich,February 2024,0,-0.7147
lufthansa,24th March 2024,C Laneszki,1,True,"✅ Trip Verified |  My Flights were cancelled due to strike action in Germany, Lufthansa let me know 1.5 days before the flight, it was virtually impossible to get any information from them and I had to waste 2 hours and 20 mins to talk with someone on the phone who in the end did not provide any suitable alternative. Moreover the advisor on the phone told me that I will receive a refund and he will mark my ticket for the refund. 3 Weeks later I have called the customer service and been told I need to submit an online form (which was in contradiction to what the first advisor told me). I have submitted an online form, still 2 weeks later no one bothered even to acknowledge that they are working on it, I have not received anything and more annoyingly there is absolutely no complaint process in Lufthansa, you can call CS they will literally tell you they only care about existing booking and you need to write an email which no one will ever reply. The online complaint is called ""feedback form"" and no one bothers replaying to this either.",,,,,,,1,no,Family Leisure,Economy Class,Milano to Manchester via Munich,February 2024,0,-0.7084
lufthansa,24th March 2024,Fabrice Martel,1,True,"✅ Trip Verified |  On the 18th March 2024 I was flying from Frankfurt to Dubai, flight LH630, which had to perform an Emergency Landing due to technical issue (smoke in the plane) around 6 pm in Rhodes. After a couple of Hours the pilot explained that the plane was not judged safe enough to finish the journey so we will wait 24 hours to get another plan. Finally we reached the destination with 25 hours delay (Tuesday 19th, at midnight rather than Monday 18th at 11 pm).  We had more then 3 hours delay at the arrival and it was a Technical Issue. I filled a form for a compensation, and the answer of Lufthansa is: ""The reason for the flight irregularity was Airfield restrictions. Unfortunately, we have no influence over circumstances, which are the responsibility of third parties. Such a flight irregularity does not warrant a claim for damages against Lufthansa."" Is it how an airline deals with their responsibilities by changing the real cause of the issue and putting the blame on someone else.",3.0,5.0,3.0,3.0,3.0,,1,no,Solo Leisure,Economy Class,Frankfurt to Dubai,March 2024,0,-0.9247
lufthansa,21st March 2024,Jessica Benjamini,1,False,"Not Verified |  A horrible experience with Lufthansa. On March 16, 2024, I had a confirmed booking for a direct flight from Washington DC to Munich, which cost me a lot of money as I preferred a direct flight. However, upon arrival at the airport, I was informed that the flight was overbooked, and I was involuntarily rerouted onto an alternative flight through Frankfurt. When I arrived at the gate I was informed that this flight was also overbooked, and I was again rerouted onto an alternative flight through Vienna. As a result of those 2 involuntary rerouting, I arrived at my final destination, Munich, approximately three hours later than originally scheduled. This disruption to my travel plans caused inconvenience and discomfort, as well as additional expenses incurred during the extended travel time. In principle I have the rights provided to passengers under EU Regulation 261/2004, which outlines compensation entitlements in cases of flight delays, cancellations, and denied boarding. I contacted their customer service and their only reply is that my flight was delayed!",1.0,1.0,1.0,1.0,1.0,1.0,1,no,Solo Leisure,Economy Class,Washington to Munich,March 2024,0,-0.9283
lufthansa,20th March 2024,Pavel Lagutin,1,False,"Not Verified | I had the worst experience with Lufthansa recently. They were completely uncooperative and seemed only interested in taking my money rather than helping me out. I needed to rebook my flight due to health reasons, and I expected some level of understanding and assistance. However, the customer service was abysmal. The staff was not willing to help. Their rigid policies took precedence over customer welfare.",1.0,1.0,,,1.0,,1,no,Solo Leisure,Economy Class,Astana to Miami,March 2024,0,-0.4512
lufthansa,19th March 2024,Marilena Poli,1,False,"Not Verified | I travelled with flight LH1769 from Larnaca to Munich on the 5th of February for a work training. The training was going to take place in Nurenburg. I was accompanied by my girlfriend in this flight. My flight ticket and bus was booked by the company sending me for the training. I booked my girlfriend's airplane ticket but didnt book the bus ticket at the time of the booking. Later I tried several times to book the Luthansa express bus for my girlfriend from Munich to Nurenburg online and via telephone with no success. Lufthansa employees (at Larnaca airport and from the call center) reassured me that I could buy her a ticket at the Muhich Airport. We took the LH1769 flight and then when we landed to Munich airport we could not buy a bus ticket as told. It is worth noting that the Lufthansa express bus had avalaible seats. However, they told us because we didn't book the bus ticket with the plane ticket that it was not possible for get to in the bus. At that point nobody informed me that if I didn't travel with the bus my return flight ticket was going to be cancelled. I informed my colleagues that I was not going to take the bus under the said circumstances. My colleagues forgot to notify the Lufthansa bus driver that I arrived in Munich but had to take a taxi after landing. I had to take a taxi to Nuremburg because my girlfriends health doesn't allow her to travel alone and besides she never used the train before or was safe to leave take a taxi alone (in Cyprus we don't have trains). The taxi that night cost 300 euros. My return flight ticket was cancelled and nobody inform me either by call or email because I didn't use the bus from Munich to Nuremburg on the 5th of feb. The return flight's date was on the 9th of February. My colleagues checking for that flight on the 8th of February and mentioned that my name was not on the list for check in. That's how I learned that my return flight ticket was cancelled. The company that booked my airplane tickets didn't notify me as well that my ticket was cancelled neither Lufthansa. I had to book tickets for another flight which I consider unfair as it cost 700 euros and I am complaining about not being informed of the cancellation of my return flight ticket and that my ticket was cancelled. My intention was to use the bus that night and buy a bus ticket for my girfriend, but the problem was that they didnt allow us to pay for her ticket. This is the reason why I didnt directly inform the bus driver that i would not use the bus on the 5th of February.",1.0,1.0,,,1.0,,1,no,Business,Economy Class,Larnaca to Munich,February 2024,0,-0.9678
lufthansa,18th March 2024,N Kolsov,4,True,"✅ Trip Verified |  Such a disappointment. It used to be my favourite airline, had flown so many times in Europe as well as to the US. Decided to go to Buenos Aires via Frankfurt. Both flights were during the night. Never again. They wanted all of us to sleep and not to bother the crew at night at all. Felt so intimidating when I had to ask for a drink as I couldn't sleep. Fly some other airline, as I will indeed in future. Good bye Lufthansa!",1.0,1.0,1.0,1.0,4.0,1.0,3,no,Couple Leisure,Economy Class,London to Buenos via Frankfurt,March 2024,0,-0.3176
lufthansa,16th March 2024,Olena Chumak,1,True,✅ Trip Verified |  This was terrible. I will never fly again by this company. When I made my registration to fly back to Frankfurt from Dublin I needed to pay money for missing my flight to Dublin. And staff told me that he would not give me my tickets back if I didn't pay that. I paid for that.  After that I forgot my credit card and I came back for it.,1.0,1.0,1.0,,1.0,,1,no,Solo Leisure,Economy Class,Dublin to Frankfurt,March 2024,0,-0.4222
lufthansa,13th March 2024,Wolfgang Bernhart,1,True,"✅ Trip Verified |  Avoid it if possible. Every other week flights are cancelled because of strikes, lots of delays (as today), waiting 1 hour at the understaffed SENATOR hotline, outdated seating and a webpage where you never can rebook online. Sometimes delays occur - but why it’s not possible to inform passengers before leaving the lounge to the gate?",2.0,3.0,,,2.0,,1,no,Business,Economy Class,Stockholm to Frankfurt,March 2024,0,-0.431
lufthansa,13th March 2024,Scott Brustein,1,False,"Not Verified | I had a terrible experience with Lufthansa flying from Cairo to Newark. I was booked to fly at 1:45 AM on Saturday February 24 Cairo to Frankfurt to connect at 1:00PM to fly to Newark NJ business class. On Thursday February 22 after dinner - about 36 hours before the flight I was informed the flight from Frankfurt to Newark was cancelled! No flight was offered. I contacted Lufthansa and another Frankfurt to Newark flight was arranged but no seat assignment could be made. The following morning this flight had disappeared from the Lufthansa app. Contacted Lufthansa again and arrangements appeared for an Egypt air flight Cairo to Newark but no seat assignment could be made and could not confirm - now within 18 hours of flying. This flight then disappeared from the app. Contacted Lufthansa again. This time the customer service person on the phone when she couldn’t find a way to get me home simply hung up on me! I was on a tour of Egypt and the tour director had connections at the airport and finally got me on a flight from Frankfurt to Philadelphia - fortunately I took a cab to Newark so I didn’t have to get to Newark to get my car, but I live much closer to Newark than to Philadelphia and the cab ride back was considerably more expensive.",4.0,4.0,,,3.0,,1,no,Couple Leisure,Business Class,Cairo to Newark via Frankfurt,February 2024,0,-0.9191
lufthansa,13th March 2024,S Parschen,1,True,"✅ Trip Verified | Lufthansa is the worst airline ever. Mediocre to horrible quality, unmotivated staff and always on strike. The airline has raised ticket prices to outrageous levels and the quality they deliver for those inflated prices is worse then ever. The employees seem to be on strike all the time too. So there is no reliability for those inflated prices.",1.0,1.0,1.0,1.0,1.0,1.0,1,no,Business,Economy Class,Amsterdam to Munich,March 2024,0,-0.9616
lufthansa,10th March 2024,T Manatos,2,True,✅ Trip Verified |  The flight experience is appalling. If they let you on board the service is miserable with poor quality inflight entertainment.  I got an email of a seat change after paying for my seats. Luckily they told me at the gate the email went out by error? This is a company that is tired and dated and makes no effort to win over customers.  Uncomfortable tight seats. My seat didn’t even have a seat pocket even though you pay for the extra leg room. All in all horrid.,1.0,2.0,2.0,1.0,1.0,2.0,1,no,Business,Economy Class,Munich to San Francisco,March 2024,0,-0.9042
lufthansa,7th March 2024,Helen Hallik,1,False,Not Verified |  Absolutely shocking experience. I was asked to put my hand luggage in hold despite having a short layover. The flight was of course late and my luggage didn't make it to the final destination. I had to wait at the airport for 4 hours for the next flight to bring my luggage. I was flying for work and this meant I missed my evening meetings as everything was in my luggage. They could've taken anyone's luggage who just flew to the connection airport and everything would've been fine. I booked a national carrier as I thought it would be a better experience but I have to say this was worse than any of my Ryanair or Wizzair flights have been. The guy was practically shouting at me as well. Never again.,4.0,3.0,,,1.0,,3,no,Business,Economy Class,London to Berlin via Munich,March 2024,0,-0.4111
lufthansa,7th March 2024,L Darten,3,True,"✅ Trip Verified |  An uneventful Lufthansa European flight in economy. No service, except tiny bottle of water, and dull buy on board selection. We did not get on this flight the usual chocolate. Don’t know if it has been an exception because of some reason or if Lufthansa cancel  this “perk”. I cannot check this on my scheduled return, as flight is cancelled because of strikes.",3.0,1.0,1.0,,3.0,3.0,1,no,Business,Economy Class,Frankfurt to Lyon,March 2024,0,-0.8555
lufthansa,5th March 2024,E Kealey,3,True,"✅ Trip Verified |  My husband, step-daughter and I flew Lufthansa Toronto - Rome. On our return flight out of Florence, through Germany, the Florence flight was delayed and we missed the Germany flight to Toronto. We had paid for a business flight however, when a flight is delayed and rebooked by the airline, they put you in your original class, which was economy. We incurred many costs staying in Germany over night including the 3 upgrade fees and to this date (from July 2022), we have not received proper communication about our reimbursement claim, not have we received a penny. Lufthansa customer service, if they respond, tell you to be patient. It's now almost been two years and i'm owed over $2,000. Any enjoyment in flight was ruined by their terrible customer service and standing behind their brand",3.0,3.0,3.0,3.0,3.0,3.0,3,no,Business,Economy Class,Florence to Toronto via Frankfurt,July 2022,0,-0.6486
lufthansa,4th March 2024,O Anders,1,True,"✅ Trip Verified | Delays, cancellations, cramped seats, overheated meals, terrible cabin crew and refusal to pay compensation. Worst airline possible! Avoid them at all costs! Missed my connection because they didn't bring the airplane on time at the gate. Told cabin crew on the flight about the issue and they deflected by saying they will contact me at arrival. They didn't. Had to talk to the other carrier and arrange another flight to my final destination. Lufthansa failed to help in any way. What is worse, they refused to offer compensation for the missed connection and late arrival at the final destination. On the return leg the flight was cancelled and I was notified just 1 day before the departure date. Their live chat system doesn't have any humans, only a bot that will give you a rebooking offer and that's it. Take it or leave it I used to love flying with them a decade ago, but now they've become worse than lost cost companies! I will never fly with them again for fear of ending up stranded in an airport next time.",1.0,1.0,2.0,2.0,1.0,2.0,2,no,Family Leisure,Economy Class,"Bucharest to Osaka via Frankfurt, Tokyo",February 2024,0,-0.9675
lufthansa,2nd March 2024,R Hantala,2,True,"✅ Trip Verified |  I paid Lufthansa for additional baggage on my trip from AUS-FRA-MAA, dated Dec 09, 2023. The FRA-MAA connection (Dec 10 '23) was cancelled and Lufthansa booked me for another route FRA-DEL-VGA, on their partner carrier Air India (AI). Lufthansa assured me my baggage would be properly transferred to AI, despite route changes and on a different carrier. AI however would not let me board their aircraft until I paid an additional EUR 420 / USD 450, as Lufthansa did not have an baggage agreement with AI and they would not honor the baggage fees I paid Lufthansa. AI also refused to unload my bags since they were already in the cargo hold and asked me to submit a refund for the amount from Lufthansa. I have submitted multiple requests with Lufthansa, online and on the phone, but they refuse to refund the duplicate charges and / or acknowledge the issue. Lufthansa would not refund duplicate baggage fees their partner airline charged me, after Lufthansa booked me with them and to a different destination from the one I originally booked for.",3.0,4.0,3.0,4.0,3.0,,2,no,Solo Leisure,Economy Class,Austin to Chennai via Frankfurt,January 2024,0,-0.7727
lufthansa,29th February 2024,Deeksha Reddy,1,True,✅ Trip Verified |  They werent able to board my baggage on time into the flight and I was told that I would be getting it delivered in 1 week and by now its been more than 5 months and they havent compensated me for the lost baggage. When I call them to check with my baggage status they are very reluctant to answer and keep on asking me to raise a feedback form for the compensation and even though i raise so many of requests they wont even respond back.,1.0,1.0,,,1.0,,1,no,Solo Leisure,Economy Class,Hyderabad to Charlotte via Munich,September 2023,0,-0.5563
lufthansa,26th February 2024,Trevor Vennnett-Smith,2,True,"✅ Trip Verified | What a mess, 3.5 feet of snow no buses trains or planes on the Friday, on Monday I paid 100euros for taxi, no trains, airport 100's waiting got to machine find flight cancelled at 10.50 for afternoon, I need wheelchair help so this day was very hard. Queued for 1 hour and got put on flight Oslo-Amsterdam-Birmingham with overnight, sat and waited until flight again cancelled at 1640, moved between terminals and gates. Queued again then desk shut so back to terminal - was told could not have suitcase got all my medicine and clothes in. While waiting tannoy advised people to get train or other ways to different airport and Lufthansa would refund. Took train (now running) back to Munich had to walk to find hotel next day 4 hour wait at D-Bahn for ticket to Amsterdam arrived 2230 hotel flight with Easyjet (well looked after) back to Birmingham on Wednesday late morning. Took up matter with online Lufthansa, said no compensation, then 200 then no compensation all to Asian operators - so sent tracked and signed package with proof of the 980€ I spent getting home to Chief Ex.in Cologne they signed for it on 15th January not even an acknowledgement no offer of compensation no apology nothing. I know the snow is act of God, if the announcement had not been made I would have stayed in Munich until they could fly me home. How can a national carrier treat passengers like this will not be flying with them in a hurry and I am a member of Star Alliance. I do not know how I walked about all over the airport then train and hotel - so much for care of the disabled passenger. The outward flight from UK was good and I was well looked after. Got my suitcase back 9 days later with the lock broken.",3.0,4.0,,,1.0,,1,no,Solo Leisure,Economy Class,Munich to Birmingham,December 2023,0,0.0574
