airline,date_raw,author,overall_rating,verified_trip,review_text,seat_comfort,cabin_staff,food_beverages,inflight_entertainment,ground_service,wifi,value_for_money,recommended,traveller_type,seat_type,route,date_flown,clean_text,topic,rec_binary,sentiment
emirates,5th July 2026,C Han,1,True,"✅ Trip Verified | I flew with Emirates Taipei – Dubai – Geneva return. Outbound the onboard experience was a real nightmare. The flight attendants were arrogant and dismissive. Every time I tried to ask a question, they cut me off with clear impatience. I had to ask three times if I could try on the sunglasses I wanted to buy, and eventually had to stop an attendant again just to get a “no”. Then they simply forgot to bring me the product! One attendant was particularly rude — she was chatting with colleagues while ignoring my requests and even forbade me from crossing the galley to reach the restroom. The meal service was just as bad. They tried to take my tray before I had finished eating, and once I was done, no one ever came back. I was left stuck with my tray until the very last moments before landing. I couldn’t even fold my table or adjust my seat properly for arrival because the crew had completely abandoned me. On the return flight, the service was more normal. Some crew members were polite and even enthusiastic, which made the flight more pleasant. It wasn’t outstanding, but it was acceptable. Emirates used to be a great airline, but this experience left me very disappointed and  I will avoid flying with Emirates again.",2.0,1.0,2.0,2.0,2.0,1.0,1,no,Solo Leisure,Economy Class,Taipei to Geneva via Taipei,July 2026, i flew with emirates taipei   dubai   geneva return  outbound the onboard experience was a real nightmare  the flight attendants were arrogant and dismissive  every time i tried to ask a question  they cut me off with clear impatience  i had to ask three times if i could try on the sunglasses i wanted to buy  and eventually had to stop an attendant again just to get a  no   then they simply forgot to bring me the product  one attendant was particularly rude   she was chatting with colleagues while ignoring my requests and even forbade me from crossing the galley to reach the restroom  the meal service was just as bad  they tried to take my tray before i had finished eating  and once i was done  no one ever came back  i was left stuck with my tray until the very last moments before landing  i couldn t even fold my table or adjust my seat properly for arrival because the crew had completely abandoned me  on the return flight  the service was more normal  some crew members were polite and even enthusiastic  which made the flight more pleasant  it wasn t outstanding  but it was acceptable  emirates used to be a great airline  but this experience left me very disappointed and  i will avoid flying with emirates again ,5,0,-0.6096
emirates,2nd July 2026,S Hazim,2,True,"✅ Trip Verified | Emirates failed to meet premium expectations due to uncomfortable economy seating, malfunctioning cabin equipment including broken entertainment screens and leaking air conditioning, and poor customer service. Despite excellent Indian vegetarian meals and kind cabin crew, the journey was marked by uncomfortably warm cabins, a chaotic boarding process, and a lack of response to a formal complaint.",1.0,3.0,4.0,5.0,1.0,1.0,1,no,Solo Leisure,Economy Class,Cairo to Bali via Dubai,May 2026, emirates failed to meet premium expectations due to uncomfortable economy seating  malfunctioning cabin equipment including broken entertainment screens and leaking air conditioning  and poor customer service  despite excellent indian vegetarian meals and kind cabin crew  the journey was marked by uncomfortably warm cabins  a chaotic boarding process  and a lack of response to a formal complaint ,2,0,-0.9468
emirates,30th June 2026,Maria Betourne,2,False,"Not Verified | My flight from Paris to Dubai was delayed over 10 hours, causing me to miss my connection. I had to fly out the next day, arriving more than 24 hours late. The hotel arranged in Dubai during the delay was appreciated but it's been the only positive part of this experience. As a Business Class passenger and Privilege Club member, I expected better. The disruption was bad, but the silence afterward made it worse. It's now been over two months. Despite repeated emails and calls, I'm still waiting for an apology on the compensation I'm owed under international regulations for delays over 6 hours (around €600) a free upgrade on my next traveling plan or even some free miles. Every time, I'm told Customer Affairs will respond within 30 days. That's never happened. At this point, it feels like I'm being strung along, and this has seriously shaken my confidence in Emirates as a loyal customer.",4.0,4.0,4.0,4.0,1.0,4.0,3,no,Solo Leisure,Business Class,Paris to Cebu via Dubai,April 2026,not verified   my flight from paris to dubai was delayed over    hours  causing me to miss my connection  i had to fly out the next day  arriving more than    hours late  the hotel arranged in dubai during the delay was appreciated but it s been the only positive part of this experience  as a business class passenger and privilege club member  i expected better  the disruption was bad  but the silence afterward made it worse  it s now been over two months  despite repeated emails and calls  i m still waiting for an apology on the compensation i m owed under international regulations for delays over   hours  around       a free upgrade on my next traveling plan or even some free miles  every time  i m told customer affairs will respond within    days  that s never happened  at this point  it feels like i m being strung along  and this has seriously shaken my confidence in emirates as a loyal customer ,3,0,0.9659
emirates,16th June 2026,C Yeung,1,True,"✅ Trip Verified | While the overall inflight service was quite unsatisfactory, the worst and most offensive part of my experience with Emirates was the Korean customer service call center - the two most unpleasant phone service experiences I have ever encountered in my life both happened with Emirates. ​I have been struggling for over a month with an unresolved mileage accrual issue. I called the center to get this sorted out, but from the very beginning, the agent continuously talked over me and interrupted me, making it completely impossible to hold a proper conversation. When this disruptive behavior repeated, I questioned the quality of their service, asking why the consultation was being handled this way. Shockingly, the agent falsely framed my legitimate complaint as ""verbal abuse"" and abruptly hung up on me. ​Hoping to speak with someone else, I called back immediately, but the exact same agent answered. When I requested to be transferred to a different representative, they simply told me to call back later. I called a third time, and once again, the same person picked up. ​Utterly frustrated, I stated that I wanted to officially escalate this issue and requested the agent's name. Incredibly, the agent refused to provide their name and told me to ""solve it legally."" It honestly felt like there was only one person running the entire Korean call center. When I asked how many employees were even working there since I kept getting connected to the exact same person, the agent repeatedly replied, ""I cannot answer that."" ​This is not an isolated incident. Even before boarding, when I called to inquire about the Business Class Chauffeur-drive service, the consultation was an absolute mess and deeply unpleasant. ​Emirates desperately needs to retrain and re-educate their phone agents. I have plenty of other complaints regarding their inflight service as well, but I will not even bother mentioning them because the behavior of this call center is, by far, the most unacceptable.",1.0,2.0,1.0,1.0,1.0,1.0,2,no,Family Leisure,Business Class,Milan to Seoul via Dubai,May 2026, while the overall inflight service was quite unsatisfactory  the worst and most offensive part of my experience with emirates was the korean customer service call center   the two most unpleasant phone service experiences i have ever encountered in my life both happened with emirates   i have been struggling for over a month with an unresolved mileage accrual issue  i called the center to get this sorted out  but from the very beginning  the agent continuously talked over me and interrupted me  making it completely impossible to hold a proper conversation  when this disruptive behavior repeated  i questioned the quality of their service  asking why the consultation was being handled this way  shockingly  the agent falsely framed my legitimate complaint as  verbal abuse  and abruptly hung up on me   hoping to speak with someone else  i called back immediately  but the exact same agent answered  when i requested to be transferred to a different representative  they simply told me to call back later  i called a third time  and once again  the same person picked up   utterly frustrated  i stated that i wanted to officially escalate this issue and requested the agent s name  incredibly  the agent refused to provide their name and told me to  solve it legally   it honestly felt like there was only one person running the entire korean call center  when i asked how many employees were even working there since i kept getting connected to the exact same person  the agent repeatedly replied   i cannot answer that    this is not an isolated incident  even before boarding  when i called to inquire about the business class chauffeur drive service  the consultation was an absolute mess and deeply unpleasant   emirates desperately needs to retrain and re educate their phone agents  i have plenty of other complaints regarding their inflight service as well  but i will not even bother mentioning them because the behavior of this call center is  by far  the most unacceptable ,4,0,-0.9892
emirates,25th May 2026,Thao Nguyen,1,False,"Not Verified | I am writing to formally express my disappointment regarding our recent Emirates Business Class experience, which fell far below the standards expected. On 08 May, Emirates cancelled the Ho Chi Minh City – Boston flight for my mother and me without providing any explanation. Subsequently, our family’s return flight from Boston to Ho Chi Minh City on 20 May was also cancelled without notice, and Emirates changed the departure date to 23 May. Our travel agency contacted Emirates multiple times via email but received little to no response. When we requested to return on 21 May instead, Emirates informed us that only two seats were available, requiring one family member to fly separately on 22 May. However, seats on the 21 May flight still appeared to be available when checked independently. What was especially concerning was that Emirates requested an additional payment of approximately VND 40,000,000 for all family members to travel together on the same flight — despite the situation originating from Emirates’ own cancellations and schedule changes. Further issues occurred during our overnight transit in Dubai. Although all required entry documents had already been submitted via email in advance as attachment, our family was still asked to wait approximately two hours for approval. At the Dubai Connect counter, staff only then reviewed the previously submitted emails and requested that the documents be forwarded again before processing could continue. Overall, the repeated cancellations without explanation, lack of communication, inconsistent information, transit handling issues, and disappointing onboard service resulted in an experience far below reasonable expectations for Emirates Business Class passengers.",5.0,2.0,3.0,5.0,2.0,,1,no,Family Leisure,Business Class,Boston to Dubai,May 2026,not verified   i am writing to formally express my disappointment regarding our recent emirates business class experience  which fell far below the standards expected  on    may  emirates cancelled the ho chi minh city   boston flight for my mother and me without providing any explanation  subsequently  our family s return flight from boston to ho chi minh city on    may was also cancelled without notice  and emirates changed the departure date to    may  our travel agency contacted emirates multiple times via email but received little to no response  when we requested to return on    may instead  emirates informed us that only two seats were available  requiring one family member to fly separately on    may  however  seats on the    may flight still appeared to be available when checked independently  what was especially concerning was that emirates requested an additional payment of approximately vnd            for all family members to travel together on the same flight   despite the situation originating from emirates  own cancellations and schedule changes  further issues occurred during our overnight transit in dubai  although all required entry documents had already been submitted via email in advance as attachment  our family was still asked to wait approximately two hours for approval  at the dubai connect counter  staff only then reviewed the previously submitted emails and requested that the documents be forwarded again before processing could continue  overall  the repeated cancellations without explanation  lack of communication  inconsistent information  transit handling issues  and disappointing onboard service resulted in an experience far below reasonable expectations for emirates business class passengers ,3,0,-0.1127
emirates,18th May 2026,G Quade,7,True,"✅ Trip Verified | The ground experience revealed troubling gaps in professionalism and respect that are difficult to ignore.  At Montréal–Trudeau (YUL), the ticket agents were engaged in casual conversation while passengers waited in line. When I reached the counter, the agent spoke to me in a curt manner and instructed me to drop my luggage at another location, without considering my business-class status nor the protocol affiliated with it. When I requested to speak with a supervisor, I was told there was no one available. The interaction felt dismissive and unprofessional. A few minutes later, another agent quietly stepped in and demonstrated a very different approach. He appeared to understand the appropriate procedures, reviewed my passport and ticket, and recognized the oversight. He apologized on behalf of his colleague, took charge of my luggage himself, and completed the check in with calm efficiency and respect. He then went a step further and personally escorted me to the one of the lounges. The return journey from Dubai to Montréal exposed a more serious issue. At the boarding gate in Dubai, I explained to the agent that my passport would not scan on the device and that it needed to be entered manually. Instead of acknowledging this and resolving the matter calmly, she abruptly snatched the passport from my hand and muttered, under her breath, a derogatory comment. Another passenger nearby heard the remark, intervened, and pointed out how disrespectful and inappropriate her behavior was, even suggesting that if she disliked her job, she should consider another line of work. Rather than de escalating, the agent began arguing with this passenger, all while I stood waiting for my passport to be processed. The entire interaction carried a sense of rude entitlement and left a lasting feeling of discomfort. The in flight service was polished, the cabin comfortable, and the food and beverage offerings wine, sparkling options, and spirits were of a good quality.",4.0,4.0,5.0,3.0,1.0,3.0,3,yes,Business,Business Class,Montreal to Dar Es Salaam via Dubai,August 2025, the ground experience revealed troubling gaps in professionalism and respect that are difficult to ignore   at montr al trudeau  yul   the ticket agents were engaged in casual conversation while passengers waited in line  when i reached the counter  the agent spoke to me in a curt manner and instructed me to drop my luggage at another location  without considering my business class status nor the protocol affiliated with it  when i requested to speak with a supervisor  i was told there was no one available  the interaction felt dismissive and unprofessional  a few minutes later  another agent quietly stepped in and demonstrated a very different approach  he appeared to understand the appropriate procedures  reviewed my passport and ticket  and recognized the oversight  he apologized on behalf of his colleague  took charge of my luggage himself  and completed the check in with calm efficiency and respect  he then went a step further and personally escorted me to the one of the lounges  the return journey from dubai to montr al exposed a more serious issue  at the boarding gate in dubai  i explained to the agent that my passport would not scan on the device and that it needed to be entered manually  instead of acknowledging this and resolving the matter calmly  she abruptly snatched the passport from my hand and muttered  under her breath  a derogatory comment  another passenger nearby heard the remark  intervened  and pointed out how disrespectful and inappropriate her behavior was  even suggesting that if she disliked her job  she should consider another line of work  rather than de escalating  the agent began arguing with this passenger  all while i stood waiting for my passport to be processed  the entire interaction carried a sense of rude entitlement and left a lasting feeling of discomfort  the in flight service was polished  the cabin comfortable  and the food and beverage offerings wine  sparkling options  and spirits were of a good quality ,5,1,0.701
emirates,15th May 2026,Natalia Vlasova,1,True,"✅ Trip Verified |   I had an Emirates flight from Bangkok to Da Nang, but I wasn't allowed on it. I panicked and bought an Emirates ticket at the airport because I wasn't allowed to board without a return ticket. Meanwhile, my friend, who was flying on a different airline, didn't encounter this requirement and checked in without any problems. I was planning to continue my journey by air, so I wanted a refund. I later learned that the refund fee for the Economy Saver fare was exorbitant, over 70% of the ticket price and I consider it a rip-off. It was a very unpleasant experience. I will never fly with Emirates again.",1.0,1.0,1.0,1.0,1.0,,1,no,Solo Leisure,Economy Class,Bangkok to Danang,May 2026,   i had an emirates flight from bangkok to da nang  but i wasn t allowed on it  i panicked and bought an emirates ticket at the airport because i wasn t allowed to board without a return ticket  meanwhile  my friend  who was flying on a different airline  didn t encounter this requirement and checked in without any problems  i was planning to continue my journey by air  so i wanted a refund  i later learned that the refund fee for the economy saver fare was exorbitant  over     of the ticket price and i consider it a rip off  it was a very unpleasant experience  i will never fly with emirates again ,3,0,-0.3405
emirates,12th May 2026,A Ivanov,1,True,"✅ Trip Verified |   The cabin temperature during the flight was extremely cold, to the point where it felt like a freezer. I asked the cabin crew for a blanket, but received an indifferent reaction. Nobody came back to assist me after my request, and I had to look for a flight attendant again to get any response.  I have flown with many airlines, but this was the first time I experienced such careless and indifferent treatment from airline staff. The plastic smiles of the flight attendants, the fake sweet talk — all of it felt like a facade.",1.0,1.0,1.0,,1.0,,1,no,Solo Leisure,Economy Class,Bangkok to Da Nang,May 2026,   the cabin temperature during the flight was extremely cold  to the point where it felt like a freezer  i asked the cabin crew for a blanket  but received an indifferent reaction  nobody came back to assist me after my request  and i had to look for a flight attendant again to get any response   i have flown with many airlines  but this was the first time i experienced such careless and indifferent treatment from airline staff  the plastic smiles of the flight attendants  the fake sweet talk   all of it felt like a facade ,5,0,0.3291
emirates,1st May 2026,S Naik,1,False,"Not Verified | Like others, having a complete headache getting a refund due to the war. Everytime you speak to someone on Facebook (because its impossible to call them or use their live chat), you get a different answer as to what is going on. They are clearly working off a script because they cannot answer very specific basic questions. You also cannot speak to anyone in the mythical refunds team so there is no hope of a lot of us ever seeing our hard earned money again. Worst customer service ever.",,,,,,,1,no,Solo Leisure,Economy Class,,May 2026,not verified   like others  having a complete headache getting a refund due to the war  everytime you speak to someone on facebook  because its impossible to call them or use their live chat   you get a different answer as to what is going on  they are clearly working off a script because they cannot answer very specific basic questions  you also cannot speak to anyone in the mythical refunds team so there is no hope of a lot of us ever seeing our hard earned money again  worst customer service ever ,4,0,-0.8736
emirates,30th April 2026,Alina Chernousova,1,False,"Not Verified | Due to the war situation in the Middle East, I cancelled my flights on April 1st. The hotel processed the refund immediately. Emirates, however, has not returned approximately 3000 EUR even after more than a month. On March 23rd, I was clearly informed that the refund would take up to 15 working days. That timeline has long passed. What followed has been particularly disappointing: multiple contacts with customer service, inconsistent information, and explanations that simply do not hold up — including being told I had not provided bank details (which is incorrect), followed by requests for “understanding” due to a high volume of refunds. One could perhaps understand delays. What is much harder to understand is the absence of transparency, accountability, and any sense of urgency in resolving a straightforward refund case.  For a company that positions itself as a leader in global aviation, this experience is surprising and not in a good way. At this point, I would hesitate to recommend Emirates to others.",,,,1.0,,,1,no,Family Leisure,Economy Class,Frankfurt to Dubai,April 2026,not verified   due to the war situation in the middle east  i cancelled my flights on april  st  the hotel processed the refund immediately  emirates  however  has not returned approximately      eur even after more than a month  on march   rd  i was clearly informed that the refund would take up to    working days  that timeline has long passed  what followed has been particularly disappointing  multiple contacts with customer service  inconsistent information  and explanations that simply do not hold up   including being told i had not provided bank details  which is incorrect   followed by requests for  understanding  due to a high volume of refunds  one could perhaps understand delays  what is much harder to understand is the absence of transparency  accountability  and any sense of urgency in resolving a straightforward refund case   for a company that positions itself as a leader in global aviation  this experience is surprising and not in a good way  at this point  i would hesitate to recommend emirates to others ,4,0,-0.6122
emirates,8th April 2026,Edward Quigley,1,False,"Not Verified | I recently booked a flight with Emirates from Lisbon to Bali (booking reference LCFKW6). The original itinerary had a short 1h30 connection in Dubai, with a total travel time of around 19 hours. Prior to departure, we were only notified of a minor delay. At no point were we informed that this would result in a missed connection. Only at check-in, approximately 2.5 hours before departure, the passenger was told the onward flight had been changed, resulting in an 18-hour layover in Dubai and a total journey time of approximately 36 hours. Had this been communicated earlier, alternative arrangements could have been made. We were instructed to seek assistance at the transfer desk in Dubai, but no hotel, lounge access, or meaningful support was provided despite the extended layover. This represents both a failure of communication and a lack of duty of care. The significantly extended transit time also created additional stress and concern, as a short connection had been specifically chosen in light of the broader regional situation. Overall, a very disappointing experience.",1.0,1.0,,,1.0,,1,no,Solo Leisure,Economy Class,Lisbon to Bali via Dubai,April 2026,not verified   i recently booked a flight with emirates from lisbon to bali  booking reference lcfkw    the original itinerary had a short  h   connection in dubai  with a total travel time of around    hours  prior to departure  we were only notified of a minor delay  at no point were we informed that this would result in a missed connection  only at check in  approximately     hours before departure  the passenger was told the onward flight had been changed  resulting in an    hour layover in dubai and a total journey time of approximately    hours  had this been communicated earlier  alternative arrangements could have been made  we were instructed to seek assistance at the transfer desk in dubai  but no hotel  lounge access  or meaningful support was provided despite the extended layover  this represents both a failure of communication and a lack of duty of care  the significantly extended transit time also created additional stress and concern  as a short connection had been specifically chosen in light of the broader regional situation  overall  a very disappointing experience ,3,0,-0.8196
emirates,26th March 2026,E Pan,1,True,"✅ Trip Verified |   I conclude that they are truly worse than a budget carrier. I received a horrendous customer service on-board flight by a cabin supervisor who was unable to manage a difficult passenger sitting on the other end of my row who was trying to take a nap at 5pm, so he came up to me to command me to close the window shades. I explained to him I was feeling unwell and wanted to leave it slightly open (1/4 open and 3/4 closed). He refused! He said that there’s another passenger across the aisle that is complaining and I should comply with his request. Only when I ask him if I fainted on board, would he be responsible, did he say it was my right to leave the window shades open and he will handle it with that lady. Many people had their window shades opened. Mine was three quarter 3/4 closed. Does it make sense that instead of forcing me, he should have given her an eye mask instead?  Inefficiency of Customer Service Team with replies almost only once a month. Upon arrival, I noticed damage made to my luggage. My flight landed in Singapore on 29 Dec 2025, I wrote in on 29 Dec 2025, received one reply on 29 Jan 2026 and the next reply on 23 Feb 2026 with only a partial reply on both emails. I asked the customer service staff Najma a simple question 5 times but up till the end of March 2026, I am still unable to get a refund or an answer.",4.0,1.0,,,2.0,,1,no,Solo Leisure,Economy Class,Oslo to Singapore via Dubai,December 2025,   i conclude that they are truly worse than a budget carrier  i received a horrendous customer service on board flight by a cabin supervisor who was unable to manage a difficult passenger sitting on the other end of my row who was trying to take a nap at  pm  so he came up to me to command me to close the window shades  i explained to him i was feeling unwell and wanted to leave it slightly open      open and     closed   he refused  he said that there s another passenger across the aisle that is complaining and i should comply with his request  only when i ask him if i fainted on board  would he be responsible  did he say it was my right to leave the window shades open and he will handle it with that lady  many people had their window shades opened  mine was three quarter     closed  does it make sense that instead of forcing me  he should have given her an eye mask instead   inefficiency of customer service team with replies almost only once a month  upon arrival  i noticed damage made to my luggage  my flight landed in singapore on    dec       i wrote in on    dec       received one reply on    jan      and the next reply on    feb      with only a partial reply on both emails  i asked the customer service staff najma a simple question   times but up till the end of march       i am still unable to get a refund or an answer ,4,0,-0.7133
emirates,24th March 2026,Paul Bailey,3,False,Not Verified | Flew in business class from Hong Kong to Bangkok on the 20th March. The lounge at Hong kong airport was nowhere near to Emirates usual standard. The aircraft looked very dated indeed with sockets for the TV not working and neither were the USB sockets for charging our phones. The seats were extremely uncomfortable for a business class flight Food was average at best and service was also very slow. A passenger who spent most of the journey at the on-board bar was drunk when he returned to his seat. Even although the same passenger became rather loud and was also stood up in the aisle just after landing the crew did nothing about the passengers behaviour. This is not acceptable.,1.0,1.0,2.0,,3.0,,3,no,Couple Leisure,Business Class,Hong Kong to Bangkok,March 2026,not verified   flew in business class from hong kong to bangkok on the   th march  the lounge at hong kong airport was nowhere near to emirates usual standard  the aircraft looked very dated indeed with sockets for the tv not working and neither were the usb sockets for charging our phones  the seats were extremely uncomfortable for a business class flight food was average at best and service was also very slow  a passenger who spent most of the journey at the on board bar was drunk when he returned to his seat  even although the same passenger became rather loud and was also stood up in the aisle just after landing the crew did nothing about the passengers behaviour  this is not acceptable ,0,0,-0.2628
emirates,20th March 2026,Michael Schade,7,True,"✅ Trip Verified | Check in at BKK was a breeze, lounge with a good choice of F&B. Boarding well organised. The upgraded seats on their A380 are spacious, more comfortable and private. The entertainment system has the best choice, screen size and responsive. Complimentary WIFI worked well throughout the flight. Service was good, beverages of high quality; food was nothing to write home about. The flight from DXB was very different. A rather tired looking and noisy B773 with the old angled flat 2-3-2 configuration. The seats were just ok for the day-flight, but not acceptable for a nightlight. Food was rather underwhelming and service sloppy. I had to make the same requests for drinks and amenities up to three times. No amenity kits for both flights (7 and 8 hours) ,both flights on time. What was missing here was consistency; with one great flight, and the next with below average hard and soft products,",4.0,4.0,3.0,5.0,5.0,5.0,3,yes,Solo Leisure,Business Class,Bangkok to Frankfurt via Dubai,March 2026, check in at bkk was a breeze  lounge with a good choice of f b  boarding well organised  the upgraded seats on their a    are spacious  more comfortable and private  the entertainment system has the best choice  screen size and responsive  complimentary wifi worked well throughout the flight  service was good  beverages of high quality  food was nothing to write home about  the flight from dxb was very different  a rather tired looking and noisy b    with the old angled flat       configuration  the seats were just ok for the day flight  but not acceptable for a nightlight  food was rather underwhelming and service sloppy  i had to make the same requests for drinks and amenities up to three times  no amenity kits for both flights    and   hours   both flights on time  what was missing here was consistency  with one great flight  and the next with below average hard and soft products ,2,1,0.8691
emirates,1st March 2026,T Roseby,5,False,"Not Verified |  I am very disappointed with Emirates. I booked my tickets almost a year before travelling as I like to carefully select my seat and more importantly, the type of aircraft I will be travelling on. Emirates changed the second half of the inbound journey from an A380(which I had booked) to a 777-300. They did not even inform me. I found out when I was looking something up, which resulted in me phoning them and writing to them to ask to move me back to any A380 going into any London airport at any time that day. My e-mail, I never got a reply to, and the telephone conversation resulted in them saying I could pay an additional £400,- for the honour of changing my ticket due to what they had done, not me. They later put a disclaimer on the booking saying “mixed fleet”. The 777-300 was an old and noisy aircraft with an illuminated Non Smoking sign above my head, and nowhere to put my bag anywhere near me. To me, it felt more like a Premium Economy than business class. I have flown with Emirates many times, and I booked the A380 for a reason. Buyer beware.",3.0,5.0,5.0,5.0,5.0,,3,no,Business,Business Class,Bangkok to Gatwick via Dubai,February 2026,not verified    i am very disappointed with emirates  i booked my tickets almost a year before travelling as i like to carefully select my seat and more importantly  the type of aircraft i will be travelling on  emirates changed the second half of the inbound journey from an a    which i had booked  to a          they did not even inform me  i found out when i was looking something up  which resulted in me phoning them and writing to them to ask to move me back to any a    going into any london airport at any time that day  my e mail  i never got a reply to  and the telephone conversation resulted in them saying i could pay an additional        for the honour of changing my ticket due to what they had done  not me  they later put a disclaimer on the booking saying  mixed fleet   the         was an old and noisy aircraft with an illuminated non smoking sign above my head  and nowhere to put my bag anywhere near me  to me  it felt more like a premium economy than business class  i have flown with emirates many times  and i booked the a    for a reason  buyer beware ,3,0,0.7645
emirates,15th February 2026,T Maddern,8,True,"✅ Trip Verified |   Business Check-in was a bit of a trek from the metro station, but I appreciated the priority tags and also my ski bag being taken from the check-in counter, rather than me having to drag it to the other side of the terminal. Emirates have organised their lounges so they're above the gate you leave from. The lounge had a good array of foods for breakfast. I was pretty annoyed that they didn't give us a jetbridge to board, but bus instead.  On board the crew spoilt us, meals were beautifully presented and they tasted great and there was an array of snacks available. The seats were not the refurbished seats, but were still very comfortable. The cabin was only about 1/2 full, so plenty of room to move around. We were delayed in immigration at Denpasar due to me not following the correct procedure with the airport tax and our bags were waiting for us at the carousel. I'll definitely give Emirates another go.",5.0,5.0,5.0,4.0,4.0,1.0,5,yes,Family Leisure,Business Class,Dubai to Denpasar,January 2026,   business check in was a bit of a trek from the metro station  but i appreciated the priority tags and also my ski bag being taken from the check in counter  rather than me having to drag it to the other side of the terminal  emirates have organised their lounges so they re above the gate you leave from  the lounge had a good array of foods for breakfast  i was pretty annoyed that they didn t give us a jetbridge to board  but bus instead   on board the crew spoilt us  meals were beautifully presented and they tasted great and there was an array of snacks available  the seats were not the refurbished seats  but were still very comfortable  the cabin was only about     full  so plenty of room to move around  we were delayed in immigration at denpasar due to me not following the correct procedure with the airport tax and our bags were waiting for us at the carousel  i ll definitely give emirates another go ,3,1,0.9805
emirates,14th February 2026,Martin Greenwood,4,True,"✅ Trip Verified |   I sometimes wonder of the veracity of some over praiseworthy reviews, or were we just unlucky? Our our Manchester to Dubai flight business class was atrocious, we were stuck in the middle two of three centre business class seats - most airlines premium economy is better than this, and the plane was tired and fixtures worn and tatty. Service was abrupt and staff disappeared into the kitchens and stayed there for most of the flight. The food was okay, at BA standard from my recent trips with them. Luckily our transfer in Dubai was fairly brief, because it is an awful place. Our trip in April to Thailand is with Qatar Airways, who are a very long way ahead of Emirates in my experience - a bit like comparing Waitrose with Lidl.",2.0,1.0,1.0,4.0,2.0,1.0,2,no,Couple Leisure,Business Class,Manchester to Male via Dubai,February 2026,   i sometimes wonder of the veracity of some over praiseworthy reviews  or were we just unlucky  our our manchester to dubai flight business class was atrocious  we were stuck in the middle two of three centre business class seats   most airlines premium economy is better than this  and the plane was tired and fixtures worn and tatty  service was abrupt and staff disappeared into the kitchens and stayed there for most of the flight  the food was okay  at ba standard from my recent trips with them  luckily our transfer in dubai was fairly brief  because it is an awful place  our trip in april to thailand is with qatar airways  who are a very long way ahead of emirates in my experience   a bit like comparing waitrose with lidl ,0,0,0.4939
emirates,13th February 2026,Peter Dyson,10,True,"✅ Trip Verified | The flights in Business class were full but the crew were excellent and attentive. The food on the Dubai to Birmingham flight was excellent, a starter of prawn, scallop and fennel and main of trout. Excellent service which must be down to the Cabin Managers who have my compliments",5.0,5.0,5.0,5.0,5.0,,5,yes,Couple Leisure,Business Class,Dubai to Birmingham,January 2026, the flights in business class were full but the crew were excellent and attentive  the food on the dubai to birmingham flight was excellent  a starter of prawn  scallop and fennel and main of trout  excellent service which must be down to the cabin managers who have my compliments,2,1,0.967
emirates,13th February 2026,John Rolfe,6,True,"✅ Trip Verified |  Check in at Colombo was quick and there is a priority immigration queue at Colombo that saves a bit of time. Emirates Lounge is of a decent size and is comfortable, with a reasonable choice of food. Flight to Dubai was on a refurbished B777 with the new seating, very comfortable. We chose the smoked salmon starter and roast chicken as the main, genuinely nice. Flight had Wi-Fi onboard but not the latest StarLink and service was a bit unstable. Due to congestion we were 45 minutes late into Dubai. This meant a very tight transit in Dubai. At the time of booking our trip the leg from Dubai to London Gatwick was on an A380, unfortunately Emirates changed the aircraft to a B777 two weeks before travel but did not have the courtesy to advise the passengers, This aircraft was the older config B777 (some 20 years old) with the 3 seats in the middle business class. Whilst I understand Emirates right to change the aircraft type, this was a big step down compared with our expectation of comfort and service, which we had paid for. Their failure to communicate the change was disappointing. The disappointment didn’t end there as the aircraft then suffered a recurring technical issue, which meant the flight was almost 4 hours late departing and almost 3 hours late arriving into Gatwick. These things happen and you must accept this, however frustrating! The service provided by the crew was brilliant and whilst we were on the ground and we got airborne, they were very attentive and the meal and drink service was very good.",3.0,5.0,5.0,5.0,5.0,3.0,4,yes,Couple Leisure,Business Class,Colombo to Gatwick via Dubai,February 2026,  check in at colombo was quick and there is a priority immigration queue at colombo that saves a bit of time  emirates lounge is of a decent size and is comfortable  with a reasonable choice of food  flight to dubai was on a refurbished b    with the new seating  very comfortable  we chose the smoked salmon starter and roast chicken as the main  genuinely nice  flight had wi fi onboard but not the latest starlink and service was a bit unstable  due to congestion we were    minutes late into dubai  this meant a very tight transit in dubai  at the time of booking our trip the leg from dubai to london gatwick was on an a     unfortunately emirates changed the aircraft to a b    two weeks before travel but did not have the courtesy to advise the passengers  this aircraft was the older config b     some    years old  with the   seats in the middle business class  whilst i understand emirates right to change the aircraft type  this was a big step down compared with our expectation of comfort and service  which we had paid for  their failure to communicate the change was disappointing  the disappointment didn t end there as the aircraft then suffered a recurring technical issue  which meant the flight was almost   hours late departing and almost   hours late arriving into gatwick  these things happen and you must accept this  however frustrating  the service provided by the crew was brilliant and whilst we were on the ground and we got airborne  they were very attentive and the meal and drink service was very good ,2,1,-0.8799
emirates,13th February 2026,John Rolfe,9,True,"✅ Trip Verified |  Check in at LGW was quick and easy. Flight to Dubai was on an A380, which we prefer to the B777. My wife and I had seats 9E and 9F, which are the middle ‘honeymoon’ seats!. Service was very slick with a good cabin crew. We both chose the beef fillet as the main course, which was tender and juicy. Flight was uneventful with no turbulence. Toilets kept clean and nice to enjoy the bar at the rear of the cabin. Flight landed ahead of schedule. Transit through Dubai was easy with minimal queuing at Transit security. Connecting flight from Dubai to Colombo was on a refurbished B777. We had seats 5E and 5F, very comfortable and the overall ambience on the cabin was very nice. Aircraft was fitted with StarLink so super stable and free Wi-Fi available, very impressive. Flight was only 4 hours, so we didn’t bother with the cooked breakfast offered, so just had the fruits and pastries prior to landing on Colombo. Flight arrived slightly ahead of schedule, immigration was quick and the bags were already on the belt! Overall, very good job by Emirates.",4.0,5.0,4.0,5.0,5.0,5.0,5,yes,Couple Leisure,Business Class,Gatwick to Colombo via Dubai,January 2026,  check in at lgw was quick and easy  flight to dubai was on an a     which we prefer to the b     my wife and i had seats  e and  f  which are the middle  honeymoon  seats   service was very slick with a good cabin crew  we both chose the beef fillet as the main course  which was tender and juicy  flight was uneventful with no turbulence  toilets kept clean and nice to enjoy the bar at the rear of the cabin  flight landed ahead of schedule  transit through dubai was easy with minimal queuing at transit security  connecting flight from dubai to colombo was on a refurbished b     we had seats  e and  f  very comfortable and the overall ambience on the cabin was very nice  aircraft was fitted with starlink so super stable and free wi fi available  very impressive  flight was only   hours  so we didn t bother with the cooked breakfast offered  so just had the fruits and pastries prior to landing on colombo  flight arrived slightly ahead of schedule  immigration was quick and the bags were already on the belt  overall  very good job by emirates ,2,1,0.9904
emirates,8th February 2026,Irfan Awan,1,True,"✅ Trip Verified |  Extremely disappointing experience on Emirates EK416 (Dubai to Sydney, 06 Feb — 13h 50m flight). Despite booking my family under a single booking reference, Emirates split us across different rows, seating my wife and one child separately from me and my other child. Another passenger was placed in our original aisle seats, forcing our family apart on a nearly 14-hour long-haul flight. It looks like Emirates is deliberately separating families to push passengers into paying extra for seat reservations. This is unethical, customer-unfriendly, and unacceptable, especially when traveling with children. Family seating should be a basic right, not a paid privilege. This experience has seriously damaged my trust in Emirates.",5.0,3.0,3.0,4.0,3.0,1.0,1,no,Family Leisure,Economy Class,Dubai to Sydney,February 2026,  extremely disappointing experience on emirates ek     dubai to sydney     feb     h   m flight   despite booking my family under a single booking reference  emirates split us across different rows  seating my wife and one child separately from me and my other child  another passenger was placed in our original aisle seats  forcing our family apart on a nearly    hour long haul flight  it looks like emirates is deliberately separating families to push passengers into paying extra for seat reservations  this is unethical  customer unfriendly  and unacceptable  especially when traveling with children  family seating should be a basic right  not a paid privilege  this experience has seriously damaged my trust in emirates ,5,0,-0.8128
emirates,29th January 2026,B Fan,5,False,"Not Verified |  Only one of the legs the plane was an A380. Decent legroom for economy, plane was in small sections with additional restrooms. Much better design than the Boeing 777s which I had to endure for 3 of the legs with horrible leg room for long haul flights. Decent options for meals and efficient service. Check-in process efficient. Did not provide notification that flight was canceled from DXB - IAD. the status showed my flight was one time (It was not!) I had to go to the app and look at updates. Only happened to see 1-2 days later and scrambled to re-book. They gave me a really bad connection which increased my journey by 14+ hrs. I had paid for aisle seats but they put me in the window and aisle seats which is a rip-off. However, due to my insistence they did give me hotel for my 10 hr layover in DXB which was handled efficiently. It was a mixed bag. I can't honestly say it's a top tier airline. Middle of the pack. Not sure I will use again.",1.0,3.0,3.0,5.0,4.0,2.0,3,no,Solo Leisure,Economy Class,Dubai to Chicago,January 2026,not verified    only one of the legs the plane was an a     decent legroom for economy  plane was in small sections with additional restrooms  much better design than the boeing    s which i had to endure for   of the legs with horrible leg room for long haul flights  decent options for meals and efficient service  check in process efficient  did not provide notification that flight was canceled from dxb   iad  the status showed my flight was one time  it was not   i had to go to the app and look at updates  only happened to see     days later and scrambled to re book  they gave me a really bad connection which increased my journey by     hrs  i had paid for aisle seats but they put me in the window and aisle seats which is a rip off  however  due to my insistence they did give me hotel for my    hr layover in dxb which was handled efficiently  it was a mixed bag  i can t honestly say it s a top tier airline  middle of the pack  not sure i will use again ,3,0,0.2576
emirates,25th January 2026,J Carter,5,True,"✅ Trip Verified |   I have to use this airline regularly when travelling to Dubai, as I have no real alternative. The aircraft are very large, which makes boarding and disembarkation particularly time-consuming. The level of service is often below expectations. In short, it is overrated.",3.0,3.0,2.0,3.0,3.0,1.0,2,no,Solo Leisure,Economy Class,Bangkok to Dubai,January 2026,   i have to use this airline regularly when travelling to dubai  as i have no real alternative  the aircraft are very large  which makes boarding and disembarkation particularly time consuming  the level of service is often below expectations  in short  it is overrated ,2,0,-0.296
emirates,15th January 2026,N Pardahit,7,True,"✅ Trip Verified |   My wife and I flew from Boston to Delhi and back in the newly reconfigured 777 Business class. The seats, layout, water availability, entertainment options were good. We found the service in Emirates to vary widely. We are convinced this is due to the crew we have on the flight. The journey to Delhi on both flights was terrific. The staff was attentive, served the meals on time, took extra care of my wife who is hard of hearing. Unfortunately the return journey from Dubai to Boston was terrible. Both my wife and I felt the service was lacking the care, the food quality was poor and missing personalized attention. It looked as if the crew were performing the service from a check list. This was a poor flight experience. It left a sour taste and we will consider other airlines for future travel.",1.0,4.0,3.0,1.0,1.0,,1,yes,Couple Leisure,Business Class,Delhi to Boston via Dubai,January 2026,   my wife and i flew from boston to delhi and back in the newly reconfigured     business class  the seats  layout  water availability  entertainment options were good  we found the service in emirates to vary widely  we are convinced this is due to the crew we have on the flight  the journey to delhi on both flights was terrific  the staff was attentive  served the meals on time  took extra care of my wife who is hard of hearing  unfortunately the return journey from dubai to boston was terrible  both my wife and i felt the service was lacking the care  the food quality was poor and missing personalized attention  it looked as if the crew were performing the service from a check list  this was a poor flight experience  it left a sour taste and we will consider other airlines for future travel ,0,1,0.5574
emirates,11th January 2026,Aaliyan Shahzad,2,True,"✅ Trip Verified |   The crew was the best part of the flight. The plane had scratched windows, old/outdated screens, and the touch didn’t even work. The whole cabin felt worn-out.",3.0,4.0,,,2.0,,1,no,Family Leisure,Economy Class,Sialkot to Dubai,July 2025,   the crew was the best part of the flight  the plane had scratched windows  old outdated screens  and the touch didn t even work  the whole cabin felt worn out ,2,0,0.6369
emirates,11th January 2026,Ralph Jones,6,True,"✅ Trip Verified |   It’s been a while since I have seen such poor service. Crew looked uninterested and many were inexperienced. One senior had a group of four crew members together to give detailed instructions of service in economy class. A very slow food service. Still serving the last of the economy meals over Bahrain, around one hour before landing into Dubai.  Call bell went unanswered for around 7 to 8 minutes.",4.0,1.0,3.0,3.0,5.0,,3,yes,Business,Economy Class,London to Dubai,January 2026,   it s been a while since i have seen such poor service  crew looked uninterested and many were inexperienced  one senior had a group of four crew members together to give detailed instructions of service in economy class  a very slow food service  still serving the last of the economy meals over bahrain  around one hour before landing into dubai   call bell went unanswered for around   to   minutes ,0,1,-0.4767
emirates,4th January 2026,N Kumar,4,False,"Not Verified |  I was very disappointed with my recent experience flying with Emirates. The pre-boarding process was extremely disorganized. Cabin crew appeared uncoordinated and were running around without clear direction, which set a poor tone from the start of the journey. During meal service, my pre-requested vegetarian meal, which I had arranged several weeks prior to the flight, was not provided. This is a basic expectation on long-haul flights and reflects poorly on the airline’s attention to detail and passenger needs. The speed and efficiency of service throughout the flight was also subpar. Service was slow, inconsistent, and highlighted the lack of organization among staff. Additionally, Emirates often promotes its ICE entertainment system as industry leading, but I found the movie and TV selection to be outdated and underwhelming. Overall, this flight fell well below expectations. I would only consider flying with Emirates again if there were no other options, as there are several airlines offering comparable—or better—service at a lower cost.",3.0,2.0,3.0,2.0,1.0,1.0,3,no,Solo Leisure,Economy Class,San Francisco to Dubai,December 2025,not verified    i was very disappointed with my recent experience flying with emirates  the pre boarding process was extremely disorganized  cabin crew appeared uncoordinated and were running around without clear direction  which set a poor tone from the start of the journey  during meal service  my pre requested vegetarian meal  which i had arranged several weeks prior to the flight  was not provided  this is a basic expectation on long haul flights and reflects poorly on the airline s attention to detail and passenger needs  the speed and efficiency of service throughout the flight was also subpar  service was slow  inconsistent  and highlighted the lack of organization among staff  additionally  emirates often promotes its ice entertainment system as industry leading  but i found the movie and tv selection to be outdated and underwhelming  overall  this flight fell well below expectations  i would only consider flying with emirates again if there were no other options  as there are several airlines offering comparable or better service at a lower cost ,2,0,-0.7036
emirates,30th December 2025,Timothy Patrick,4,False,"Not Verified |    Great service from Salma in PE. The ground service was awful and I would not recommend this route to anyone. check in at Bogotá - we waited 2 hours in a slow line . No priority for Dubai pax or premium economy. Worst experience I’ve had in 20 years of flying. One uniformed staff member who strutted around but no eye contact with any passengers. No line management . Miami arrival - after immigration (there is a transit line but it’s not clear) baggage was shambolic . Dubai bags came out last. Took around an hour, no priority label given. Gate far away. Again on board all great. Guys at transit desk work very slowly with no urgency. Crew saw the luggage shambles and wisely left the airport quickly . Based on the appalling ground service I’d avoid this route. Do not recommend.",4.0,5.0,5.0,5.0,1.0,2.0,4,no,Couple Leisure,Premium Economy,Bogotá to Dubai via Miami,December 2025,not verified      great service from salma in pe  the ground service was awful and i would not recommend this route to anyone  check in at bogot    we waited   hours in a slow line   no priority for dubai pax or premium economy  worst experience i ve had in    years of flying  one uniformed staff member who strutted around but no eye contact with any passengers  no line management   miami arrival   after immigration  there is a transit line but it s not clear  baggage was shambolic   dubai bags came out last  took around an hour  no priority label given  gate far away  again on board all great  guys at transit desk work very slowly with no urgency  crew saw the luggage shambles and wisely left the airport quickly   based on the appalling ground service i d avoid this route  do not recommend ,3,0,-0.9558
emirates,24th December 2025,Karim Boulos,5,True,✅ Trip Verified |   Worst service on flight I had. Internet wouldn’t work at all although constantly refreshing. They also didn’t accept to refund the amount they charged. They also delayed us 2 hours and half to leave and barely offered us any top ups for wine.,4.0,2.0,3.0,4.0,3.0,1.0,3,no,Business,Business Class,London to Dubai,December 2025,   worst service on flight i had  internet wouldn t work at all although constantly refreshing  they also didn t accept to refund the amount they charged  they also delayed us   hours and half to leave and barely offered us any top ups for wine ,3,0,-0.5574
emirates,21st December 2025,A Raneri,1,True,"✅ Trip Verified |   This review was being written while passengers are still on a bus, driving for more than ten minutes to reach the aircraft. Over multiple flights, a clear and uncomfortable pattern has emerged: routes serving certain countries are repeatedly assigned remote gates with bus boarding, while flights to other destinations receive jet bridges. When this happens again and again, it no longer feels like an operational coincidence — it feels like unequal treatment based on route, and by extension, the passengers traveling on it. Adding to the frustration is the behavior of some ground staff. Instead of empathy or professionalism, passengers are often met with impatience and dismissive attitudes, which only reinforces the feeling of being treated as less important.  Equal standards should apply to all passengers, regardless of where they are flying to. Respect, fairness, and consistency are not optional values.",1.0,2.0,2.0,2.0,1.0,1.0,1,no,Solo Leisure,Economy Class,Amsterdam to Iran via Dubai,December 2025,   this review was being written while passengers are still on a bus  driving for more than ten minutes to reach the aircraft  over multiple flights  a clear and uncomfortable pattern has emerged  routes serving certain countries are repeatedly assigned remote gates with bus boarding  while flights to other destinations receive jet bridges  when this happens again and again  it no longer feels like an operational coincidence   it feels like unequal treatment based on route  and by extension  the passengers traveling on it  adding to the frustration is the behavior of some ground staff  instead of empathy or professionalism  passengers are often met with impatience and dismissive attitudes  which only reinforces the feeling of being treated as less important   equal standards should apply to all passengers  regardless of where they are flying to  respect  fairness  and consistency are not optional values ,5,0,-0.1157
emirates,17th December 2025,John White,2,False,"Not Verified |    One of the worst customer service experiences I’ve ever had. I have been trying to have miles credited from a completed international trip for over five months. During this time, I have called the Emirates call centre at least five times. On every occasion, I was told the issue would be resolved within 48 hours. Not once did anything happen. Instead, I was repeatedly bounced between Emirates and Qantas, each airline claiming the other was responsible. No ownership. No accountability. No resolution. Just endless deflection. The call centre experience has been exceptionally poor. Agents provide scripted responses, make promises they clearly cannot keep, and then disappear behind another “48-hour” timeline that means absolutely nothing. Escalations go nowhere. Follow-ups are ignored. You are left feeling completely powerless as a customer. This level of incompetence is shocking for an airline that markets itself as premium. If this is how Emirates handles something as basic as loyalty points, I shudder to think how genuine operational issues are managed. To make matters worse, this experience comes on top of frustrating connecting-flight coordination and a total lack of joined-up service across partner airlines. The entire system feels fragmented, outdated, and indifferent to the customer. After months of wasted time, repeated calls, and zero progress, I have lost confidence not just in Emirates Skywards, but in Emirates as a brand. This is not a premium airline experience. It is bureaucracy, deflection, and silence. I would strongly caution anyone who values their time, loyalty, or sanity.",1.0,1.0,1.0,1.0,1.0,1.0,1,no,Family Leisure,Economy Class,Brisbane to MIlan via Dubai,July 2025,not verified      one of the worst customer service experiences i ve ever had  i have been trying to have miles credited from a completed international trip for over five months  during this time  i have called the emirates call centre at least five times  on every occasion  i was told the issue would be resolved within    hours  not once did anything happen  instead  i was repeatedly bounced between emirates and qantas  each airline claiming the other was responsible  no ownership  no accountability  no resolution  just endless deflection  the call centre experience has been exceptionally poor  agents provide scripted responses  make promises they clearly cannot keep  and then disappear behind another     hour  timeline that means absolutely nothing  escalations go nowhere  follow ups are ignored  you are left feeling completely powerless as a customer  this level of incompetence is shocking for an airline that markets itself as premium  if this is how emirates handles something as basic as loyalty points  i shudder to think how genuine operational issues are managed  to make matters worse  this experience comes on top of frustrating connecting flight coordination and a total lack of joined up service across partner airlines  the entire system feels fragmented  outdated  and indifferent to the customer  after months of wasted time  repeated calls  and zero progress  i have lost confidence not just in emirates skywards  but in emirates as a brand  this is not a premium airline experience  it is bureaucracy  deflection  and silence  i would strongly caution anyone who values their time  loyalty  or sanity ,4,0,0.7737
emirates,16th December 2025,S Hales,6,True,"✅ Trip Verified | EK241 was a complete disaster from start to finish. My wife and I purchased companion seats with extra leg room (67H/J) only to have the experience ruined by an unruly tour group and kids who made going back and forth to the bathroom a group activity. When the issue was raised with the Cabin supervisor at the end of the flight, he placed the onus on us to communicate the issue, despite me countering that the cabin supervisor has a responsibility to manage the cabin by regularly walking around the cabin. Sorry Emirates, slick advertising does not translate into value added for the customer.",2.0,2.0,4.0,3.0,5.0,,2,no,Couple Leisure,Economy Class,Dubai to Toronto,December 2025, ek    was a complete disaster from start to finish  my wife and i purchased companion seats with extra leg room    h j  only to have the experience ruined by an unruly tour group and kids who made going back and forth to the bathroom a group activity  when the issue was raised with the cabin supervisor at the end of the flight  he placed the onus on us to communicate the issue  despite me countering that the cabin supervisor has a responsibility to manage the cabin by regularly walking around the cabin  sorry emirates  slick advertising does not translate into value added for the customer ,4,0,-0.8603
emirates,14th December 2025,Timothy Patrick,9,True,"✅ Trip Verified |   Hong Kong check in unfriendly and brusque. Staff added the dreaded SSSS to my ticket which got me enhanced check in Dubai - not fun. On board staff seemed frenetic and not super friendly. Cabin way too warm. Dubai stop all ok and then the long flight to Miami. The crew were wonderful. Food drinks super and seat great. Stop in Miami a bit stressful. You recollect bag and then add it to a special desk and do slow security. Flight to Bogotá great, quiet business class and lovely staff.",5.0,5.0,5.0,5.0,4.0,3.0,4,yes,Solo Leisure,Business Class,Hong Kong to Bogotá via Miami,December 2025,   hong kong check in unfriendly and brusque  staff added the dreaded ssss to my ticket which got me enhanced check in dubai   not fun  on board staff seemed frenetic and not super friendly  cabin way too warm  dubai stop all ok and then the long flight to miami  the crew were wonderful  food drinks super and seat great  stop in miami a bit stressful  you recollect bag and then add it to a special desk and do slow security  flight to bogot  great  quiet business class and lovely staff ,2,1,0.8138
emirates,5th December 2025,M Halsten,2,True,"✅ Trip Verified |   Emirates used to be a great Airline but that was many years ago. I always enjoyed flying with them and the service was great. Nowadays the airplanes are old, technical equipment is outdated and they are getting more strict with luggage. Every month I’m only traveling with hand luggage and a small backpack with laptop to save time when arriving. I have a tense timeline in dubai and cannot afford to lose time. Anyway, they told me to have my hand luggage being checked in and there was no chance to put it into the airplane - not even with extra payment. This doesn’t even happen with discount airlines but a premium airline is acting this way. Next time I’ll go with different airline to be sure not to miss any meetings.",2.0,3.0,3.0,2.0,1.0,2.0,1,no,Solo Leisure,Economy Class,Frankfurt to Dubai,December 2025,   emirates used to be a great airline but that was many years ago  i always enjoyed flying with them and the service was great  nowadays the airplanes are old  technical equipment is outdated and they are getting more strict with luggage  every month i m only traveling with hand luggage and a small backpack with laptop to save time when arriving  i have a tense timeline in dubai and cannot afford to lose time  anyway  they told me to have my hand luggage being checked in and there was no chance to put it into the airplane   not even with extra payment  this doesn t even happen with discount airlines but a premium airline is acting this way  next time i ll go with different airline to be sure not to miss any meetings ,4,0,0.9832
emirates,5th December 2025,Ron Earnshaw,3,False,"Not Verified |  The worst flight I've been on. Poor service from the cabin crew, children screaming, and a terrible off duty Emirates employee on the flight being a real jerk. Their complaint system is onerous, and Emirates did nothing about the entire situation.",3.0,1.0,3.0,4.0,4.0,4.0,3,no,Couple Leisure,Economy Class,Toronto to Dubai,October 2025,not verified    the worst flight i ve been on  poor service from the cabin crew  children screaming  and a terrible off duty emirates employee on the flight being a real jerk  their complaint system is onerous  and emirates did nothing about the entire situation ,2,0,-0.9477
emirates,4th December 2025,Mayanka Khetarpal,6,False,"Not Verified |  I was disappointed with the airline. The aircraft & seats from Bombay to Dubai were very uncomfortable. Food served on that sector was very average & disappointing. The service from Dubai to Nice was very slow, the first meal was served an hour and a half after take off and we barely finished the first meal and we were given the second meal in an hour after we finished the first . On the way back the food from Dubai to Bombay was very average. Overall I was not very satisfied with flying Emirates.",3.0,3.0,3.0,4.0,3.0,1.0,3,yes,Family Leisure,Economy Class,Bombay to Nice via Dubai,November 2025,not verified    i was disappointed with the airline  the aircraft   seats from bombay to dubai were very uncomfortable  food served on that sector was very average   disappointing  the service from dubai to nice was very slow  the first meal was served an hour and a half after take off and we barely finished the first meal and we were given the second meal in an hour after we finished the first   on the way back the food from dubai to bombay was very average  overall i was not very satisfied with flying emirates ,2,1,-0.8483
emirates,25th November 2025,Hasantha Gunasekera,8,True,✅ Trip Verified |    New aircraft and good service for this short haul fllght. Seat was good and food not too bad. Service OK. Was able to access First Class Lounge as Oneworld Emerald - a huge lounge with multiple food and entertainment options.,4.0,4.0,4.0,,5.0,,4,yes,Solo Leisure,Business Class,Dubai to Bahrain,November 2025,    new aircraft and good service for this short haul fllght  seat was good and food not too bad  service ok  was able to access first class lounge as oneworld emerald   a huge lounge with multiple food and entertainment options ,1,1,0.9144
emirates,24th November 2025,Hasantha Gunasekera,10,True,"✅ Trip Verified |   This is truly a great experience and well worth using Frequent Flyer points to upgrade! With the Dom and Caviar and 5 minute shower in the air, it is the definition of luxury. The suite is spacious and there are multiple snack options right at your seat, without having to call anyone, while watching the huge selection of entertainment options. I couldnt find Ghosts (UK version) on this flight (but it was on the short haul route from Bahrain), so it seems the options vary by flight. The crew was exceptionally friendly and helpful - very different to the Emirates general Ground staff (other than the First Class Checkin and Lounge staff), who I have found to be rude and disinterested on multiple occasions over decades, including this trip. Sad, but at least the in flight crew are great.",5.0,5.0,4.0,4.0,1.0,4.0,3,yes,Solo Leisure,First Class,Dubai to Sydney,November 2025,   this is truly a great experience and well worth using frequent flyer points to upgrade  with the dom and caviar and   minute shower in the air  it is the definition of luxury  the suite is spacious and there are multiple snack options right at your seat  without having to call anyone  while watching the huge selection of entertainment options  i couldnt find ghosts  uk version  on this flight  but it was on the short haul route from bahrain   so it seems the options vary by flight  the crew was exceptionally friendly and helpful   very different to the emirates general ground staff  other than the first class checkin and lounge staff   who i have found to be rude and disinterested on multiple occasions over decades  including this trip  sad  but at least the in flight crew are great ,2,1,0.9401
emirates,14th November 2025,N Barsal,3,True,✅ Trip Verified |    Horrible lounge at Miami with filthy bathrooms terrible food. Disappointing business class with inconsistent service and poor food selection. Small bathrooms and unclean at times.,3.0,1.0,1.0,4.0,4.0,1.0,1,no,Business,Business Class,Miami to Dubai,November 2025,    horrible lounge at miami with filthy bathrooms terrible food  disappointing business class with inconsistent service and poor food selection  small bathrooms and unclean at times ,0,0,-0.9169
emirates,11th November 2025,N Reddy,1,True,"✅ Trip Verified | I had the worst experience with the Emirates baggage customer care team. My luggage was lost during travel, and instead of proper support, the compensation process was extremely disappointing. I lost around 12 kg of personal items including clothes, shoes, and essential belongings. Emirates is asking for original purchase receipts for compensation, which is not realistic. No one travels assuming their luggage will be lost and keeps receipts for everything they pack. The compensation offered was very low and not even close to the value of what I lost. Even buying a single pair of good shoes with it is difficult. On top of that, the process is extremely slow. It took almost a month just to get an update, and now the compensation payment is said to take another month. This entire process has been stressful, time-consuming, and disappointing.",4.0,4.0,4.0,2.0,1.0,1.0,2,no,Solo Leisure,Economy Class,Kochi to Dubai,October 2025, i had the worst experience with the emirates baggage customer care team  my luggage was lost during travel  and instead of proper support  the compensation process was extremely disappointing  i lost around    kg of personal items including clothes  shoes  and essential belongings  emirates is asking for original purchase receipts for compensation  which is not realistic  no one travels assuming their luggage will be lost and keeps receipts for everything they pack  the compensation offered was very low and not even close to the value of what i lost  even buying a single pair of good shoes with it is difficult  on top of that  the process is extremely slow  it took almost a month just to get an update  and now the compensation payment is said to take another month  this entire process has been stressful  time consuming  and disappointing ,4,0,-0.9054
emirates,9th November 2025,C Heale,4,True,"✅ Trip Verified |   The last leg from Dubai to Phuket was a very disappointing experience. Seats are narrow, recline was limited. Hospitality was nothing great so for us this was the last time flying Emirates. The premium price is not getting you any better service, seats or boarding service.",5.0,3.0,2.0,2.0,3.0,2.0,1,no,Couple Leisure,Economy Class,Amsterdam to Phuket via Dubai,November 2025,   the last leg from dubai to phuket was a very disappointing experience  seats are narrow  recline was limited  hospitality was nothing great so for us this was the last time flying emirates  the premium price is not getting you any better service  seats or boarding service ,3,0,-0.6991
emirates,2nd November 2025,F Carter,3,True,"✅ Trip Verified |    They are not accommodating at all — especially when it comes to their call centre. I fly with Emirates around four times a year because I have to travel through Dubai, but if I could avoid them, I certainly would. I honestly don’t understand where their so-called good reputation comes from. I’m a frequent traveller, flying both economy and business class several times a year with airlines such as Thai Airways, Cathay Pacific, Turkish Airlines, Ethiopian Airlines, and Singapore Airlines — and all of them are better than Emirates. It’s hard to comprehend how Emirates is so overrated. And this opinion isn’t based on one bad experience — it has happened many times. Not to mention delays, cancellations (including one from Antananarivo), and overall poor service. Simply awful.",4.0,4.0,2.0,4.0,2.0,1.0,2,no,Business,Economy Class,Antananarivo to Dubai,September 2025,    they are not accommodating at all   especially when it comes to their call centre  i fly with emirates around four times a year because i have to travel through dubai  but if i could avoid them  i certainly would  i honestly don t understand where their so called good reputation comes from  i m a frequent traveller  flying both economy and business class several times a year with airlines such as thai airways  cathay pacific  turkish airlines  ethiopian airlines  and singapore airlines   and all of them are better than emirates  it s hard to comprehend how emirates is so overrated  and this opinion isn t based on one bad experience   it has happened many times  not to mention delays  cancellations  including one from antananarivo   and overall poor service  simply awful ,0,0,-0.3612
emirates,31st October 2025,Azqan Baig,2,False,"Not Verified | I travelled with Emirates on flight EK087 from Dubai to Zurich on 29 October 2025, and my experience has been extremely disappointing. My checked-in luggage was left behind in Dubai. The supervisor at Dubai Airport assured me it would be sent on the next available flight and delivered directly to my hotel in Zurich — but that promise was never fulfilled. This was an important business trip, and all my business suits, documents, and personal essentials were in my luggage. Because of the delay, I suffered serious inconvenience and financial loss, including the cancellation of a business meeting. It has now been three days, and I have still not received any update or information from Emirates. I have contacted customer service more than 20 times through calls and chats, and each time I was promised a follow-up — yet no one ever contacted me. The lack of responsibility, communication, and empathy from an airline of this reputation is truly unacceptable. I am now seeking compensation for the financial and personal losses I have suffered, and I sincerely hope Emirates handles this matter with the seriousness it deserves.",3.0,1.0,3.0,3.0,1.0,3.0,1,no,Business,Economy Class,Dubai to Zurich,October 2025,not verified   i travelled with emirates on flight ek    from dubai to zurich on    october       and my experience has been extremely disappointing  my checked in luggage was left behind in dubai  the supervisor at dubai airport assured me it would be sent on the next available flight and delivered directly to my hotel in zurich   but that promise was never fulfilled  this was an important business trip  and all my business suits  documents  and personal essentials were in my luggage  because of the delay  i suffered serious inconvenience and financial loss  including the cancellation of a business meeting  it has now been three days  and i have still not received any update or information from emirates  i have contacted customer service more than    times through calls and chats  and each time i was promised a follow up   yet no one ever contacted me  the lack of responsibility  communication  and empathy from an airline of this reputation is truly unacceptable  i am now seeking compensation for the financial and personal losses i have suffered  and i sincerely hope emirates handles this matter with the seriousness it deserves ,4,0,-0.9419
emirates,22nd October 2025,H massin-,2,True,"✅ Trip Verified |  While checking in from Dubai to Dhaka, I had one hand carry bag which had only 6 KG weight. The check in counter agent forcefully gave my carry bag to booking even though I had requested him not to because I had Laptop in it. He denied and he didn't even look at to my eyes while interacting, keep on looking to the monitor and said ""It is rule"" he can't do anything. I didn't expect this type of service from Emirates.",4.0,4.0,4.0,4.0,1.0,,1,no,Business,Economy Class,Barcelona to Dhaka via Dubai,September 2025,  while checking in from dubai to dhaka  i had one hand carry bag which had only   kg weight  the check in counter agent forcefully gave my carry bag to booking even though i had requested him not to because i had laptop in it  he denied and he didn t even look at to my eyes while interacting  keep on looking to the monitor and said  it is rule  he can t do anything  i didn t expect this type of service from emirates ,4,0,0.0772
emirates,10th October 2025,Stacey Del Socorro,4,False,"Not Verified | Our flight from London was delayed, and we were stranded in Dubai two days. The airline provided hotel accommodation and returned our checked luggage, which had already been weighed and confirmed within the baggage limit. The evening we were about to leave, during check-in for our flight to the Philippines, things took a negative turn. The baggage counter staff member or manager seemed surprised that I spoke fluent English and kept asking, “Are you Filipino? Where did you learn English?” The repeated questioning felt uncomfortable and unnecessary. When he checked our luggage again, he suddenly said it was overweight, even though it had been approved earlier. My mother was anxious about missing the flight, so we complied. But he kept lecturing “you need to understand the English ruels more on weight for bags.” Even when my bag showed 30.2 kg, well within the usual 1–2 kg leeway, he insisted I remove items. Some of my packed food from London was confiscated without clear explanation. Overall, it was an embarrassing and disappointing experience. The inconsistency in baggage handling made us feel disrespected.",3.0,3.0,4.0,4.0,3.0,1.0,3,no,Family Leisure,Economy Class,London to Cebu via Dubai,November 2024,not verified   our flight from london was delayed  and we were stranded in dubai two days  the airline provided hotel accommodation and returned our checked luggage  which had already been weighed and confirmed within the baggage limit  the evening we were about to leave  during check in for our flight to the philippines  things took a negative turn  the baggage counter staff member or manager seemed surprised that i spoke fluent english and kept asking   are you filipino  where did you learn english   the repeated questioning felt uncomfortable and unnecessary  when he checked our luggage again  he suddenly said it was overweight  even though it had been approved earlier  my mother was anxious about missing the flight  so we complied  but he kept lecturing  you need to understand the english ruels more on weight for bags   even when my bag showed      kg  well within the usual     kg leeway  he insisted i remove items  some of my packed food from london was confiscated without clear explanation  overall  it was an embarrassing and disappointing experience  the inconsistency in baggage handling made us feel disrespected ,4,0,-0.9558
emirates,5th October 2025,J Foster,5,True,"✅ Trip Verified | There was a long queue, even in business class — I was flying business. Boarding these enormous aircraft is always a challenge, as there are never enough ground staff or air bridges. Not to mention the economy passengers who must queue for nearly a hundred metres before reaching their seats. My previous flight was with Air Mauritius, a smaller airline, but there were only a handful of passengers in business class and I felt much more comfortable. Emirates, on the other hand, is really about the mass market. It doesn’t offer the same refined, intimate luxury experience I’ve had with some other airlines. The aircraft are always full, and overbooking is common — I’ve even been bumped to another flight before because of it. That said, the onboard service was perfectly fine. Emirates is widely praised — though not by me — and I find it somewhat overrated. It’s all about moving as many people as possible; the goal is clearly to fill those massive planes, and it shows. Unfortunately, this comes at the expense of true quality. I will fly with them again as I have to on some routes but I have not been impressed by Emirates since before Covid.",4.0,4.0,4.0,4.0,3.0,3.0,3,no,Business,Business Class,Mauritius to Dubai,October 2025, there was a long queue  even in business class   i was flying business  boarding these enormous aircraft is always a challenge  as there are never enough ground staff or air bridges  not to mention the economy passengers who must queue for nearly a hundred metres before reaching their seats  my previous flight was with air mauritius  a smaller airline  but there were only a handful of passengers in business class and i felt much more comfortable  emirates  on the other hand  is really about the mass market  it doesn t offer the same refined  intimate luxury experience i ve had with some other airlines  the aircraft are always full  and overbooking is common   i ve even been bumped to another flight before because of it  that said  the onboard service was perfectly fine  emirates is widely praised   though not by me   and i find it somewhat overrated  it s all about moving as many people as possible  the goal is clearly to fill those massive planes  and it shows  unfortunately  this comes at the expense of true quality  i will fly with them again as i have to on some routes but i have not been impressed by emirates since before covid ,0,0,0.9773
emirates,1st October 2025,Wayne Good,10,False,"Not Verified |    Geneva to Dubai I was able to upgrade with points to Business. Newly refitted 777 with 1-2-1 seating. Very nice, although the armrests are fixed so narrows the sleeping position a bit. The screen is enormous. Food excellent and food very good. Lovely service. Being Skywards Gold I love how the purser always personally welcome me. Remote stand in Dubai. This puzzles me as there were plenty of air bridges available. Good 4 hour layover in Dubai lounge. Dubai to Auckland, plane packed, so no upgrades available. As far as economy goes, Emirates does it well, however they can’t help crying children. And there were 2 very near me. I was silly not having any ear plugs with me. I usually sleep, even in economy, but not really able to. A very long 16 hours, leaving me quite tired. Food was very good, good service. Was very pleased to get off in Auckland. Which leads me to something else. Why oh why does it take so long for the air bridge to be attached to the plane in Auckland. After such a long flight all you want to do is get off. A good 20 minutes! Happens all the time in Auckland. So good flights.",5.0,5.0,5.0,5.0,4.0,,5,yes,Business,Business Class,Geneva to Auckland via Dubai,September 2025,not verified      geneva to dubai i was able to upgrade with points to business  newly refitted     with       seating  very nice  although the armrests are fixed so narrows the sleeping position a bit  the screen is enormous  food excellent and food very good  lovely service  being skywards gold i love how the purser always personally welcome me  remote stand in dubai  this puzzles me as there were plenty of air bridges available  good   hour layover in dubai lounge  dubai to auckland  plane packed  so no upgrades available  as far as economy goes  emirates does it well  however they can t help crying children  and there were   very near me  i was silly not having any ear plugs with me  i usually sleep  even in economy  but not really able to  a very long    hours  leaving me quite tired  food was very good  good service  was very pleased to get off in auckland  which leads me to something else  why oh why does it take so long for the air bridge to be attached to the plane in auckland  after such a long flight all you want to do is get off  a good    minutes  happens all the time in auckland  so good flights ,1,1,0.9854
emirates,29th September 2025,Hairil Fahmi Yusof,5,True,"✅ Trip Verified |  I recently flew with Emirates and had a mixed experience. The plane felt quite old and narrow compared to expectations, which made the journey less comfortable. Not very wheelchair-friendly overall, though some effort was made. The meals served were enjoyable, and the toilets were well maintained throughout the flight. The crew were friendly and patient, especially in accommodating my mother who was traveling in a wheelchair. However, their grooming standards could be improved — some did not appear as neat or polished, with hair not properly combed. Overall, while the food and cleanliness met expectations and the crew were kind, the aging aircraft, limited accessibility, and grooming standards left room for improvement.",5.0,2.0,2.0,5.0,5.0,2.0,3,yes,Family Leisure,Economy Class,kuala Lumpur to Jeddah via Dubai,September 2025,  i recently flew with emirates and had a mixed experience  the plane felt quite old and narrow compared to expectations  which made the journey less comfortable  not very wheelchair friendly overall  though some effort was made  the meals served were enjoyable  and the toilets were well maintained throughout the flight  the crew were friendly and patient  especially in accommodating my mother who was traveling in a wheelchair  however  their grooming standards could be improved   some did not appear as neat or polished  with hair not properly combed  overall  while the food and cleanliness met expectations and the crew were kind  the aging aircraft  limited accessibility  and grooming standards left room for improvement ,2,1,0.9462
emirates,18th September 2025,Ken Howie,10,False,"Not Verified | The Emirates chauffeur service is superb, and check-in was quick and easy. However it was quite a trek to the lounge, and not well signposted. Boarding was a breeze, direct from the lounge. The A380 cannot be faulted, and is matched by the attitude of the crew. Meal service was quite slow, particularly taking into account the time and duration of the flight. I decided I had to experience the onboard bar, a first time, which would be great on a long flight. In Dubai I had requested assistance, which was fortunate as it was a considerable distance to another terminal. Again boarding was direct from the lounge, and instead of the old 777 with 2x3x2 configuration, it was the new version with same seating as the A380. What an improvement. On arrival in Durban I was through passport control, had my luggage, met my chauffeur, and was on my way to the car within 30 minutes. All in all this was an excellent trip in both directions, the chauffeur service being the cherry on the top.",1.0,1.0,1.0,1.0,1.0,,1,yes,Solo Leisure,Business Class,London to Durban via Dubai,September 2025,not verified   the emirates chauffeur service is superb  and check in was quick and easy  however it was quite a trek to the lounge  and not well signposted  boarding was a breeze  direct from the lounge  the a    cannot be faulted  and is matched by the attitude of the crew  meal service was quite slow  particularly taking into account the time and duration of the flight  i decided i had to experience the onboard bar  a first time  which would be great on a long flight  in dubai i had requested assistance  which was fortunate as it was a considerable distance to another terminal  again boarding was direct from the lounge  and instead of the old     with  x x  configuration  it was the new version with same seating as the a     what an improvement  on arrival in durban i was through passport control  had my luggage  met my chauffeur  and was on my way to the car within    minutes  all in all this was an excellent trip in both directions  the chauffeur service being the cherry on the top ,2,1,0.971
emirates,8th September 2025,S Manhein,8,True,"✅ Trip Verified |   Entering the A380 give you that feeling wow. Stunning design, smiling cabin staff with a tray of drinks. The menu is out of quality paper and warm towels are served. Staff introduce themselves and are so attentive through the trip. My food is beautiful. I enjoyed Grey goose.",5.0,5.0,5.0,5.0,5.0,,5,yes,Couple Leisure,Business Class,Singapore to Dubai,September 2025,   entering the a    give you that feeling wow  stunning design  smiling cabin staff with a tray of drinks  the menu is out of quality paper and warm towels are served  staff introduce themselves and are so attentive through the trip  my food is beautiful  i enjoyed grey goose ,2,1,0.9595
emirates,7th September 2025,M Basari,1,True,"✅ Trip Verified |   I am extremely disappointed with Emirates. I entrusted my baggage to them, even paid an additional $230 for excess luggage, and yet they managed to lose it. It has now been 8 days, and my baggage is still missing with no concrete update. At Vancouver Airport, under the supervision of the airport information desk, I contacted Emirates. After spending a very long time on hold and explaining the situation to the first operator, I was transferred to a second person—only to repeat my story again—who then transferred me to a third representative. This last individual was shockingly rude and dismissive, completely unprofessional for an airline that promotes itself as “luxury.” He bluntly told me that he would not help me and that everything must be done online, despite the fact that I had already completed the online process multiple times. This experience has completely destroyed the positive image I once had of Emirates. For an airline that prides itself on premium service, their handling of my baggage situation and customer support has been nothing short of unacceptable. I will think twice before flying with Emirates again.",1.0,1.0,1.0,1.0,1.0,,1,no,Family Leisure,Economy Class,Tehran to Dubai,August 2025,   i am extremely disappointed with emirates  i entrusted my baggage to them  even paid an additional      for excess luggage  and yet they managed to lose it  it has now been   days  and my baggage is still missing with no concrete update  at vancouver airport  under the supervision of the airport information desk  i contacted emirates  after spending a very long time on hold and explaining the situation to the first operator  i was transferred to a second person only to repeat my story again who then transferred me to a third representative  this last individual was shockingly rude and dismissive  completely unprofessional for an airline that promotes itself as  luxury   he bluntly told me that he would not help me and that everything must be done online  despite the fact that i had already completed the online process multiple times  this experience has completely destroyed the positive image i once had of emirates  for an airline that prides itself on premium service  their handling of my baggage situation and customer support has been nothing short of unacceptable  i will think twice before flying with emirates again ,4,0,-0.8832
emirates,7th September 2025,Franz Larsen,3,True,"✅ Trip Verified |  The service, the food even the cleaness of the planes has drastically degraded since cCovid. I used to look forward to fly with this company now I also try to find an alternative. Sad to see what used to be a prominent brand become just another common airline.",2.0,2.0,2.0,4.0,3.0,3.0,2,no,Solo Leisure,Economy Class,Geneva to Dubai,September 2025,  the service  the food even the cleaness of the planes has drastically degraded since ccovid  i used to look forward to fly with this company now i also try to find an alternative  sad to see what used to be a prominent brand become just another common airline ,4,0,-0.5574
emirates,4th September 2025,N Su,1,False,"Not Verified | This was my first time flying with Emirates, and I expected better. With all the hype around them being a world-class airline, I figured I was in good hands. Turns out, I was wrong. I flew from Bangkok to Dubai, then on to Amsterdam. Things got rocky during landing in Dubai—literally. The plane hit serious turbulence, and just seconds before touching down, the pilot suddenly pulled up and went around again. Total chaos onboard. People were panicking, and the woman next to me went into a full-blown panic attack. We were left in the dark for a while until the captain finally announced, 15 minutes later, that we couldn’t land due to strong winds. Fair enough but say something sooner. The silence made everything worse. When we finally landed, I had just 30 minutes to catch my next flight. There were zero ground staff around to help. No signs, no directions, nothing. I had to full-on sprint across Dubai airport just to barely make it. At the gate, staff casually told me, “You’re really late, we were about to leave.” I told them my flight was delayed and they just said, “But you made it!”  Zero accountability. On the next leg to Amsterdam, I pushed the call button because I needed water to take my meds (window seat, couldn’t easily get up). Nothing. I waited over two hours. Not a single crew member showed up. I only got water when food was finally served. Three hours in, someone came by and noticed the call light still on. I told them I pressed it ages ago. They just said, “Okay, please turn it off then.” That’s it. No apology, no acknowledgment, nothing. Honestly, no one gave a damn. I’ve flown with over 20 airlines (yes, mostly economy), and this was hands down one of the worst experiences I’ve had. Not because of the turbulence, that happens. But the way Emirates handled everything? A complete joke.",1.0,1.0,1.0,3.0,1.0,1.0,1,no,Solo Leisure,Economy Class,Bangkok to Amsterdam via Dubai,September 2025,not verified   this was my first time flying with emirates  and i expected better  with all the hype around them being a world class airline  i figured i was in good hands  turns out  i was wrong  i flew from bangkok to dubai  then on to amsterdam  things got rocky during landing in dubai literally  the plane hit serious turbulence  and just seconds before touching down  the pilot suddenly pulled up and went around again  total chaos onboard  people were panicking  and the woman next to me went into a full blown panic attack  we were left in the dark for a while until the captain finally announced     minutes later  that we couldn t land due to strong winds  fair enough but say something sooner  the silence made everything worse  when we finally landed  i had just    minutes to catch my next flight  there were zero ground staff around to help  no signs  no directions  nothing  i had to full on sprint across dubai airport just to barely make it  at the gate  staff casually told me   you re really late  we were about to leave   i told them my flight was delayed and they just said   but you made it    zero accountability  on the next leg to amsterdam  i pushed the call button because i needed water to take my meds  window seat  couldn t easily get up   nothing  i waited over two hours  not a single crew member showed up  i only got water when food was finally served  three hours in  someone came by and noticed the call light still on  i told them i pressed it ages ago  they just said   okay  please turn it off then   that s it  no apology  no acknowledgment  nothing  honestly  no one gave a damn  i ve flown with over    airlines  yes  mostly economy   and this was hands down one of the worst experiences i ve had  not because of the turbulence  that happens  but the way emirates handled everything  a complete joke ,3,0,-0.5243
emirates,2nd September 2025,Val Marques,3,True,"✅ Trip Verified |   The flight was good, no problems, however, they damaged my baggage. When I filed the complaint, the customer service representative tried to wiggle out every single possible reason not to assume the responsibilty. First he claimed I didn't lodge the claim within specified timeslot. Overturned. I proved to him I did lodge it on time. Then he claimed that I didn't pack the luggage correctly. Overturned - if they accepted it to be carried as check in luggage, then it was packed to their standards. When he run out of options, he just stated that he considers this matter closed and no furter action will be taken. That's it. No dispute resolution process. So effectively, I left with crushed luggage and no compensation. Take your luggage with you if you don't want it to be used as a trampoline by the baggage handlers",3.0,3.0,4.0,4.0,1.0,,2,no,Solo Leisure,Business Class,Dubai to Melbourne,July 2025,   the flight was good  no problems  however  they damaged my baggage  when i filed the complaint  the customer service representative tried to wiggle out every single possible reason not to assume the responsibilty  first he claimed i didn t lodge the claim within specified timeslot  overturned  i proved to him i did lodge it on time  then he claimed that i didn t pack the luggage correctly  overturned   if they accepted it to be carried as check in luggage  then it was packed to their standards  when he run out of options  he just stated that he considers this matter closed and no furter action will be taken  that s it  no dispute resolution process  so effectively  i left with crushed luggage and no compensation  take your luggage with you if you don t want it to be used as a trampoline by the baggage handlers,4,0,0.2168
emirates,1st September 2025,Virginia Bolton,8,True,"✅ Trip Verified |   Recently flew Emirates Business class for the first time. The crew between Melbourne and Dubai is the best crew I have experienced, and the crew between Dubai to Munich were excellent as well. The flights were comfortable on the A380, my favourite aircraft. However the fit out is starting to look a bit tired, but the seats were reasonably comfortable (although have travelled in better on other airlines). The armrests seem to be the wrong height. It was different but I got used to it The meals and service were fantastic. And the wifi worked. The entertainment system is excellent - caught up on some movies. Landing in Munich, I was through customs and had collected my bag within 15 minutes.. that’s a record for me. Also enjoyed the chauffeur service.",3.0,5.0,5.0,5.0,5.0,5.0,4,yes,Solo Leisure,Business Class,Melbourne to Dubai,August 2025,   recently flew emirates business class for the first time  the crew between melbourne and dubai is the best crew i have experienced  and the crew between dubai to munich were excellent as well  the flights were comfortable on the a     my favourite aircraft  however the fit out is starting to look a bit tired  but the seats were reasonably comfortable  although have travelled in better on other airlines   the armrests seem to be the wrong height  it was different but i got used to it the meals and service were fantastic  and the wifi worked  the entertainment system is excellent   caught up on some movies  landing in munich  i was through customs and had collected my bag within    minutes   that s a record for me  also enjoyed the chauffeur service ,2,1,0.9844
emirates,30th August 2025,Frederik Botha,10,True,"✅ Trip Verified |  Cairo to Bangkok via Dubai to Bangkok. What is usually a very taxing and boring flight, was made immensely more enjoyable on Emirates! The staff pay diligent attention to passengers, the cleanliness of the plane and WC's, the nice touch of supplying a snack or two when asking for water, all this makes this a very enjoyable flight. And of course the in-flight Entertainment System is top-notch. A Flight Attendant came round offering to take an instant photo as a memento of my flight, haven't ever experienced this.",5.0,5.0,5.0,5.0,5.0,,5,yes,Solo Leisure,Economy Class,Cairo to Bangkok via Dubai,August 2025,  cairo to bangkok via dubai to bangkok  what is usually a very taxing and boring flight  was made immensely more enjoyable on emirates  the staff pay diligent attention to passengers  the cleanliness of the plane and wc s  the nice touch of supplying a snack or two when asking for water  all this makes this a very enjoyable flight  and of course the in flight entertainment system is top notch  a flight attendant came round offering to take an instant photo as a memento of my flight  haven t ever experienced this ,5,1,0.8524
emirates,21st August 2025,S Yan,1,True,"✅ Trip Verified |  I am utterly disappointed with Emirates and feel completely misled after two consecutive nightmare experiences. My first flight was booked from Hong Kong to NYC with a stated layover in Dubai. Upon checking in, I was shocked to discover an additional layover in Milan. This was never mentioned at any point during the booking process. I specifically paid a premium for a one-stop flight, not two. Other two-stop flights were cheaper, but Emirates charged me more and delivered an inferior, longer product. The return trip from Rio to HK was even worse. After Dubai, the plane landed in Bangkok for 1.5 hours. We were held on the hot aircraft without being allowed to disembark. When I politely asked to get off to use the WiFi and stretch my legs, I was refused. Upon returning to my seat after this ordeal, I discovered that the cleaning crew had already removed all my personal belongings. While the staff retrieved my jacket, my wash bag and original cables were lost forever. Their ""solution"" was to hand me a bunch of random, mismatched cables. I strongly advise anyone booking a flight to avoid Emirates unless you enjoy paying for a premium product and receiving a substandard, deceptive service.",3.0,1.0,3.0,2.0,1.0,3.0,1,no,Solo Leisure,Economy Class,Rio De Janeiro to Hong Kong via Dubai / Bangkok,August 2025,  i am utterly disappointed with emirates and feel completely misled after two consecutive nightmare experiences  my first flight was booked from hong kong to nyc with a stated layover in dubai  upon checking in  i was shocked to discover an additional layover in milan  this was never mentioned at any point during the booking process  i specifically paid a premium for a one stop flight  not two  other two stop flights were cheaper  but emirates charged me more and delivered an inferior  longer product  the return trip from rio to hk was even worse  after dubai  the plane landed in bangkok for     hours  we were held on the hot aircraft without being allowed to disembark  when i politely asked to get off to use the wifi and stretch my legs  i was refused  upon returning to my seat after this ordeal  i discovered that the cleaning crew had already removed all my personal belongings  while the staff retrieved my jacket  my wash bag and original cables were lost forever  their  solution  was to hand me a bunch of random  mismatched cables  i strongly advise anyone booking a flight to avoid emirates unless you enjoy paying for a premium product and receiving a substandard  deceptive service ,3,0,-0.4848
emirates,13th August 2025,James Saks,1,True,"✅ Trip Verified | We pre-booked a bassinet with Emirates well in advance, specifically for our one-year-old, only to be told onboard that he could not fit in it. Instead of offering a practical solution, the staff’s response was to push us into paying for an upgrade to a larger seat — while my wife was forced to sit with the baby strapped to her for the entire flight. At no point during booking or pre-departure was the bassinet’s actual size or weight limit communicated. Had we known, we would have booked our child his own seat with a car seat from the start. This lack of transparency caused unnecessary stress and discomfort on a long-haul journey. To make matters worse, the crew we dealt with were rude, dismissive, and showed no genuine willingness to help a family traveling with an infant. Their attitude made a difficult situation even more unpleasant. Strongly advise against flying with Emirates if you’re traveling with a baby — especially if you’re relying on their bassinets. Other airlines, like Singapore Airlines and Virgin Australia, provide larger bassinets that go up to 16–18 kg, and their crews are far more accommodating to families. Verdict: Misleading information, zero empathy, and unhelpful staff. Not a family-friendly airline.",1.0,1.0,1.0,1.0,1.0,2.0,1,no,Family Leisure,Economy Class,Johannesburg to Dubai,August 2025, we pre booked a bassinet with emirates well in advance  specifically for our one year old  only to be told onboard that he could not fit in it  instead of offering a practical solution  the staff s response was to push us into paying for an upgrade to a larger seat   while my wife was forced to sit with the baby strapped to her for the entire flight  at no point during booking or pre departure was the bassinet s actual size or weight limit communicated  had we known  we would have booked our child his own seat with a car seat from the start  this lack of transparency caused unnecessary stress and discomfort on a long haul journey  to make matters worse  the crew we dealt with were rude  dismissive  and showed no genuine willingness to help a family traveling with an infant  their attitude made a difficult situation even more unpleasant  strongly advise against flying with emirates if you re traveling with a baby   especially if you re relying on their bassinets  other airlines  like singapore airlines and virgin australia  provide larger bassinets that go up to       kg  and their crews are far more accommodating to families  verdict  misleading information  zero empathy  and unhelpful staff  not a family friendly airline ,5,0,-0.9616
emirates,12th August 2025,Ken Howie,9,False,"Not Verified | Business class flight from Durban to London via Dubai. Used the chauffeur service which was excellent. Check in and formalities were very quick, and I was in the lounge within 15 minutes of arrival. The 777 shows signs of its age, especially with the 232 seating, but this was not a problem, as with only 4 passengers in the forward cabin everybody had a double seat. The seats are angle flat, which was not really an issue. I was quickly offered a glass of champagne, the start of excellent service throughout the flight. Drinks and snacks were served after take off, with the meal following a hour later. I opted for soup, which was superb, followed by lamb wellington which was disappointing, finishing with a nice selection of cheese with a glass of port. The selection of wines was good. It was noticeable how noisy the 777 was, compared with more modern aircraft. The seat despite not being fully flat was comfortable, permitting a few hours sleep before arrival in Dubai. Any shortcomings in the aircraft were made up for by the superb service throughout the flight. The second leg was on the A380, which lived up to the promises of the adverts. Lots of space, lots of storage, and a fully lie flat bed with good leg/foot space. The high standard of service continued.. I slept for a few hours after take off, giving breakfast a miss. The onboard bar seemed popular, and whilst not using it, passed through on the way to the toilets, which are right at the back beyond the bar. These are the only toilets, which are some distance if sitting at the front of the cabin. Service is from a galley beyond the bar, so there is a fair amount of traffic up the aisle. Lunch was served about 2 hour’s before landing. Again a superb soup starter, disappointing main course, and excellent wines. In London I used the chauffeur service, which was excellent. All in all this was an excellent trip, marked by superb service.",4.0,5.0,4.0,,4.0,,4,yes,Solo Leisure,Business Class,Durban to London via Dubai,August 2025,not verified   business class flight from durban to london via dubai  used the chauffeur service which was excellent  check in and formalities were very quick  and i was in the lounge within    minutes of arrival  the     shows signs of its age  especially with the     seating  but this was not a problem  as with only   passengers in the forward cabin everybody had a double seat  the seats are angle flat  which was not really an issue  i was quickly offered a glass of champagne  the start of excellent service throughout the flight  drinks and snacks were served after take off  with the meal following a hour later  i opted for soup  which was superb  followed by lamb wellington which was disappointing  finishing with a nice selection of cheese with a glass of port  the selection of wines was good  it was noticeable how noisy the     was  compared with more modern aircraft  the seat despite not being fully flat was comfortable  permitting a few hours sleep before arrival in dubai  any shortcomings in the aircraft were made up for by the superb service throughout the flight  the second leg was on the a     which lived up to the promises of the adverts  lots of space  lots of storage  and a fully lie flat bed with good leg foot space  the high standard of service continued   i slept for a few hours after take off  giving breakfast a miss  the onboard bar seemed popular  and whilst not using it  passed through on the way to the toilets  which are right at the back beyond the bar  these are the only toilets  which are some distance if sitting at the front of the cabin  service is from a galley beyond the bar  so there is a fair amount of traffic up the aisle  lunch was served about   hour s before landing  again a superb soup starter  disappointing main course  and excellent wines  in london i used the chauffeur service  which was excellent  all in all this was an excellent trip  marked by superb service ,2,1,0.9973
emirates,12th August 2025,S Gan,2,True,"✅ Trip Verified |   My Samsonite was damage on the flight Melbourne to London 26 June. The damage was reported the next day. Dina from Emirates Customer Care wrote back to say it must be reported at the airport although the law allows 7 days for filing a report. I emailed photos of the damage and also advised that I was leaving UK on the 4 Jul. Dina emailed on the 4 Jul that the suitcase would be collected to be repaired. I had left the suitcase with my mother in the UK. Failed collection over 3 days as Emirates had given the incorrect address. 28 Jul Emirates emailed to say Samsonite has been repaired and will be dropped off where it was collected in UK. Bear in mind, I had been emailing constantly to chase up and to find out what was going. The Montreal Convention - which Emirates is part of - states that the repaired suitcase has to be delivered to the passenger. Emirates refuses to do so. Very disappointing service - Emirates dragged their feet responding to emails and when finally had to act, took so long that by the time they fixed the suitcase I was back in Australia. Emirates refuses to send the repaired suitcase back. Utterly disgraceful behaviour.",3.0,3.0,,,1.0,,1,no,Family Leisure,Economy Class,Melbourne to London via Dubai,June 2025,   my samsonite was damage on the flight melbourne to london    june  the damage was reported the next day  dina from emirates customer care wrote back to say it must be reported at the airport although the law allows   days for filing a report  i emailed photos of the damage and also advised that i was leaving uk on the   jul  dina emailed on the   jul that the suitcase would be collected to be repaired  i had left the suitcase with my mother in the uk  failed collection over   days as emirates had given the incorrect address     jul emirates emailed to say samsonite has been repaired and will be dropped off where it was collected in uk  bear in mind  i had been emailing constantly to chase up and to find out what was going  the montreal convention   which emirates is part of   states that the repaired suitcase has to be delivered to the passenger  emirates refuses to do so  very disappointing service   emirates dragged their feet responding to emails and when finally had to act  took so long that by the time they fixed the suitcase i was back in australia  emirates refuses to send the repaired suitcase back  utterly disgraceful behaviour ,4,0,-0.9245
emirates,6th August 2025,Stephen Hesketh,4,False,"Not Verified |   Seat 57g aisle seat must have been one of the most threadbare and uncomfortable seats I have ever had the misfortune to be seated on (an A380-800, a very old one). Food was way below par from what it once was. Boeing 777 was a very old one, also noisy and not been updated, not comfortable.",1.0,4.0,4.0,3.0,2.0,2.0,3,no,Couple Leisure,Economy Class,,August 2025,not verified     seat   g aisle seat must have been one of the most threadbare and uncomfortable seats i have ever had the misfortune to be seated on  an a         a very old one   food was way below par from what it once was  boeing     was a very old one  also noisy and not been updated  not comfortable ,2,0,-0.7404
emirates,28th July 2025,Liz Wahlen,1,False,"Not Verified |   I flew on Emirates for the first time last month and was extremely disappointed. They did not follow through with their promised services, so don't be fooled. They offer a fancy, glossy package of business class, but the reality is they don't meet what's advertised. My flight was delayed landing in Dubai, but rather than drive me to my next flight as promised, they decided I wouldn't be able to make it and cancelled my ticket before I even tried. I asked the drivers at the gate if they would kindly take me, and I was denied. I ran 20 minutes across the airport, and arrived on time but was told they had made the decision for me. My baggage was delayed by 2.5 days - they couldn't explain why it wasn't loaded on the next two flights. My meal was also no longer available since they had taken me off the flight. I was also promised reimbursement of expenses upon arrival. I had a large presentation the following day, and none of my expenses for that meeting were covered. I also had a very rude driver getting to the airport. Don't trust the airline, and definitely don't trust their layovers. It's really too bad - I was looking for a new primary airline for business travel, and it certainly won't be Emirates.",5.0,5.0,4.0,4.0,1.0,4.0,1,no,Business,Business Class,Amsterdam to Tokyo via Dubai,June 2025,not verified     i flew on emirates for the first time last month and was extremely disappointed  they did not follow through with their promised services  so don t be fooled  they offer a fancy  glossy package of business class  but the reality is they don t meet what s advertised  my flight was delayed landing in dubai  but rather than drive me to my next flight as promised  they decided i wouldn t be able to make it and cancelled my ticket before i even tried  i asked the drivers at the gate if they would kindly take me  and i was denied  i ran    minutes across the airport  and arrived on time but was told they had made the decision for me  my baggage was delayed by     days   they couldn t explain why it wasn t loaded on the next two flights  my meal was also no longer available since they had taken me off the flight  i was also promised reimbursement of expenses upon arrival  i had a large presentation the following day  and none of my expenses for that meeting were covered  i also had a very rude driver getting to the airport  don t trust the airline  and definitely don t trust their layovers  it s really too bad   i was looking for a new primary airline for business travel  and it certainly won t be emirates ,3,0,-0.9159
emirates,25th July 2025,Jeena Thomas,4,False,"Not Verified |    I was on flight EK344 from Dubai to Malaysia on [07/07/2025]. Despite the 7-hour flight duration, the second meal service was skipped entirely. No announcement or explanation was provided by the crew. I would appreciate an explanation and appropriate compensation.",3.0,1.0,1.0,3.0,3.0,3.0,2,yes,Solo Leisure,Economy Class,Dubai to Kuala Lumpur,July 2025,not verified      i was on flight ek    from dubai to malaysia on               despite the   hour flight duration  the second meal service was skipped entirely  no announcement or explanation was provided by the crew  i would appreciate an explanation and appropriate compensation ,2,1,0.0534
emirates,14th July 2025,Axel Lorsold,1,True,"✅ Trip Verified | I contacted Emirate to make sure my 74 year old mom who has difficulties to walk would get wheel chair assistance. The service was not provided in Dubai, both ways. I sent a complaint and the staff had the audacity to answer me that they checked with the staff and that my mom received assistance. Basically calling her a liar. She wrote back, stating the detail of her experience. I additionally required to check the CCTV to confirm what my mom experienced. The response I received was that they would basically only take in consideration the staff version of the story and give 15000 complimentary skywards miles as a “gesture of goodwill”. Emirates never acknowledged their mistake. And they have the audacity to give my mother miles, in case she wants to experience their pathetic service again. The audacity has no limit.",2.0,4.0,1.0,3.0,1.0,,1,no,Solo Leisure,Economy Class,Lyon to Singapore via Dubai,May 2025, i contacted emirate to make sure my    year old mom who has difficulties to walk would get wheel chair assistance  the service was not provided in dubai  both ways  i sent a complaint and the staff had the audacity to answer me that they checked with the staff and that my mom received assistance  basically calling her a liar  she wrote back  stating the detail of her experience  i additionally required to check the cctv to confirm what my mom experienced  the response i received was that they would basically only take in consideration the staff version of the story and give       complimentary skywards miles as a  gesture of goodwill   emirates never acknowledged their mistake  and they have the audacity to give my mother miles  in case she wants to experience their pathetic service again  the audacity has no limit ,5,0,-0.7479
emirates,6th July 2025,Darrell Parsons,2,False,"Not Verified |  Travelled with Emirates in April 2024. Baggage was lost / delayed for 5 days on arrival at MUC. Submitted claim for emergency essentials totalling €716.13, all receipts provided. Emirates agreed to pay €219 which I rejected and after numerous ongoing emails to them, no communication at all apart from from an auto reply stating it’s on review and I will be contacted in 14 days, over a year now and nothing and I will continue to take this further until full reimbursement of a legitimate claim is settled. Disgraceful service from Emirates, of which I was once a Gold member. Would not recommend Emirates Airlines to anyone anymore, worst service ever experienced!",2.0,4.0,3.0,3.0,1.0,4.0,2,no,Business,Economy Class,Dubai to Munich,August 2024,not verified    travelled with emirates in april       baggage was lost   delayed for   days on arrival at muc  submitted claim for emergency essentials totalling          all receipts provided  emirates agreed to pay      which i rejected and after numerous ongoing emails to them  no communication at all apart from from an auto reply stating it s on review and i will be contacted in    days  over a year now and nothing and i will continue to take this further until full reimbursement of a legitimate claim is settled  disgraceful service from emirates  of which i was once a gold member  would not recommend emirates airlines to anyone anymore  worst service ever experienced ,4,0,-0.9442
emirates,5th July 2025,H Varish,2,True,"✅ Trip Verified |   My father expired on Jun 17th 2025 and I had to attend funeral, this is emergency travel on June 18th 2025. I had almost no time to convince my manager at work and get emergency passport renewal. When I checked their fares, they were very high. Normally it should be around 1300 CAD in their Economy class one way but it shows 2400 CAD ( 4 seats left ) while checking their fares on their web site. While booking I got a call from my boss, after 10 minutes it shows the fare increased to 2700 CAD and shows only 2 seats left. I was worried and booked it. I cannot select seat due to last minute booking. When I reached airport the check in lady said only aisle seats available but the 3 seats next to me will be empty, if they assign someone there ask them to give you another seat. Not sure what this makes. I cannot sleep on those empty seats, just can stretch my legs. They did not assign anyone in those seats but Emirates air hostess and staff on flight keep looking at me strangely. When I checked the other seats I see other passengers have empty seats in Economy class next to my row and they were sleeping on them. I paid double the normal fare and it is not a last minute pleasure trip. I see more than 30 empty seats on the flight within the 4 rows front and behind my row in economy class. I was not assigned a seat in Dubai to Hyderabad flight but issued boarding pass in Toronto. Eventually they gave me Business class aisle seat, that flight is only 3.5 hours and I could not sleep in that short period. The food and drinks they offered in business class is same as in economy class. Their food is Indian cuisine which was ok to me. Shame on Emirates with this type of wrong news about availability of seats and impersistent seat allocation. Decided never travel on Emirates flights in future. Advise other travelers never fly on Emirates. Though food was good but all the free beers, vodka, or scotch whiskey is not worth the price you pay. Very bad experience.",2.0,3.0,2.0,1.0,2.0,,1,no,Solo Leisure,Economy Class,Toronto to Hyderabad via Dubai,June 2025,   my father expired on jun   th      and i had to attend funeral  this is emergency travel on june   th       i had almost no time to convince my manager at work and get emergency passport renewal  when i checked their fares  they were very high  normally it should be around      cad in their economy class one way but it shows      cad     seats left   while checking their fares on their web site  while booking i got a call from my boss  after    minutes it shows the fare increased to      cad and shows only   seats left  i was worried and booked it  i cannot select seat due to last minute booking  when i reached airport the check in lady said only aisle seats available but the   seats next to me will be empty  if they assign someone there ask them to give you another seat  not sure what this makes  i cannot sleep on those empty seats  just can stretch my legs  they did not assign anyone in those seats but emirates air hostess and staff on flight keep looking at me strangely  when i checked the other seats i see other passengers have empty seats in economy class next to my row and they were sleeping on them  i paid double the normal fare and it is not a last minute pleasure trip  i see more than    empty seats on the flight within the   rows front and behind my row in economy class  i was not assigned a seat in dubai to hyderabad flight but issued boarding pass in toronto  eventually they gave me business class aisle seat  that flight is only     hours and i could not sleep in that short period  the food and drinks they offered in business class is same as in economy class  their food is indian cuisine which was ok to me  shame on emirates with this type of wrong news about availability of seats and impersistent seat allocation  decided never travel on emirates flights in future  advise other travelers never fly on emirates  though food was good but all the free beers  vodka  or scotch whiskey is not worth the price you pay  very bad experience ,0,0,-0.9048
emirates,1st July 2025,Maryam Sadeghi,1,True,"✅ Trip Verified |   Emirates is the worst experience I have ever had.  Bad food, rude staff, awful airport and the worst service. They did not dispatch my luggage. I am waiting for it for days. Every day, they were calling me that your luggage will be delivered today and I had to stay at home. But they did not. The airport was the worst. Tap water was warm. There was not enough seats for people in front of gates. While Qatar Airways airport in Doha has separate spacious room with comfortable seats for ladies, there was not such a thing in Emirates airport. You had to pay for every single basic single. I never will fly with Emirates again.",1.0,1.0,1.0,1.0,1.0,1.0,1,no,Solo Leisure,Economy Class,Sydney to London via Dubai,June 2025,   emirates is the worst experience i have ever had   bad food  rude staff  awful airport and the worst service  they did not dispatch my luggage  i am waiting for it for days  every day  they were calling me that your luggage will be delivered today and i had to stay at home  but they did not  the airport was the worst  tap water was warm  there was not enough seats for people in front of gates  while qatar airways airport in doha has separate spacious room with comfortable seats for ladies  there was not such a thing in emirates airport  you had to pay for every single basic single  i never will fly with emirates again ,3,0,-0.8689
emirates,30th June 2025,Mark Zambelli,7,False,Not Verified |  Very comfortable flight and good service. Seat was comfortable. Entertainment system wasn’t that great and not many good movies. The food was disappointing bland and lacking flavour.,5.0,5.0,2.0,3.0,5.0,,5,yes,Solo Leisure,Economy Class,Dubai to Paris,June 2025,not verified    very comfortable flight and good service  seat was comfortable  entertainment system wasn t that great and not many good movies  the food was disappointing bland and lacking flavour ,1,1,0.9019
emirates,25th June 2025,Christian Prade,1,True,"✅ Trip Verified |   Economy class, Zurich to Dubai was a nightmare! Delayed departure, 380 people standing (very few seats occupied), crowded in a hot room with no air or window. The A380 was old and not upgraded. The TV screen broke after 30 minutes flight. My wife called 2 times. 2 different annoyed crew responded ""I'll come back to fix it"". They never come back and no ICE system available during the entire flight. Worse, I ordered a $600 watch. The steward told me ""I ll bring to you"" 4 hours later, just before landing, he was taking pictures of passenger. I told him ""What about my watch"" He mumbled ""sorry I have forgotten"". I complained to his chief and of course cancelled my order. Return in their new Premium Economy class. Again a nightmare with no dedicated check in counter contrary to what they advertise, I have to wait 20 minutes. The flight was OK but at the level of other premium economy class. Emirates is expensive compared to other airlines but the huge price difference was once warranted by clean new aircrafts, Top entertainment, caring to passengers, and good service - but no more! I really prefer Etihad that flight out of nearby new Abu Dhabi airport. In comparison Dubai DXB looks now old.",2.0,1.0,2.0,1.0,1.0,,1,no,Family Leisure,Premium Economy,Zurich to Dubai,June 2025,   economy class  zurich to dubai was a nightmare  delayed departure      people standing  very few seats occupied   crowded in a hot room with no air or window  the a    was old and not upgraded  the tv screen broke after    minutes flight  my wife called   times    different annoyed crew responded  i ll come back to fix it   they never come back and no ice system available during the entire flight  worse  i ordered a      watch  the steward told me  i ll bring to you    hours later  just before landing  he was taking pictures of passenger  i told him  what about my watch  he mumbled  sorry i have forgotten   i complained to his chief and of course cancelled my order  return in their new premium economy class  again a nightmare with no dedicated check in counter contrary to what they advertise  i have to wait    minutes  the flight was ok but at the level of other premium economy class  emirates is expensive compared to other airlines but the huge price difference was once warranted by clean new aircrafts  top entertainment  caring to passengers  and good service   but no more  i really prefer etihad that flight out of nearby new abu dhabi airport  in comparison dubai dxb looks now old ,0,0,0.881
emirates,24th June 2025,Muhamad Mostafa,3,False,"Not Verified |  The cabin service was horrible. Imagine seating aisle side and the push cart being ramp straight to your knee.  No apologies what so ever.  Similar things seem to happen to other passengers but the crew didn't seem to care that much. Aside from that, they just chug the food tray to you without even asking what meal you would like. I don't know what's their deal or if the  crew is having a bad moody day. But may I suggest not taking it out on the passengers who have earnestly paid for their flight.",2.0,1.0,2.0,4.0,1.0,1.0,2,no,Business,Economy Class,Singapore to Dubai,April 2025,not verified    the cabin service was horrible  imagine seating aisle side and the push cart being ramp straight to your knee   no apologies what so ever   similar things seem to happen to other passengers but the crew didn t seem to care that much  aside from that  they just chug the food tray to you without even asking what meal you would like  i don t know what s their deal or if the  crew is having a bad moody day  but may i suggest not taking it out on the passengers who have earnestly paid for their flight ,5,0,-0.8908
emirates,15th June 2025,Loay Osman,10,True,✅ Trip Verified |   First leg DXB-BKK was on the A380 the crew were very nice and welcoming. I managed to sleep the entire flight with comfy bedding and lovely amenities kit. The return flight CGK-DXB was a lovely flight with amazing crew who came to check on me several times specially the business class supervisor who was from Uzbekistan. The meal service was also great and managed to sleep for few hours. After landing we were escorted to our bus to arrivals and in few minutes was out and my luggage were waiting for me et the belt and the chauffeur service was also excellent.,5.0,5.0,5.0,4.0,5.0,3.0,5,yes,Solo Leisure,Business Class,Dubai to Bangkok,June 2025,   first leg dxb bkk was on the a    the crew were very nice and welcoming  i managed to sleep the entire flight with comfy bedding and lovely amenities kit  the return flight cgk dxb was a lovely flight with amazing crew who came to check on me several times specially the business class supervisor who was from uzbekistan  the meal service was also great and managed to sleep for few hours  after landing we were escorted to our bus to arrivals and in few minutes was out and my luggage were waiting for me et the belt and the chauffeur service was also excellent ,2,1,0.9787
emirates,15th June 2025,Wayne Good,10,False,"Not Verified | Amsterdam to Dubai in economy. Premium Economy not available on this sector. Paid extra for bulk head seat. Good flight, meal, service etc. Due to Emirates status, used lounge in Amsterdam. It’s a contract lounge and is awful. Over crowded and just unpleasant. Total contrast in Dubai. Terminal A lounge is vast and very well appointed. Dubai to Auckland departing 13th June in Premium Economy. Seat 34J. I’m writing this because I had the best flight attendant and service I have ever had with Emirates including my experiences in Business. She went over and beyond and was totally charming. I wish I could remember her name, she was from Argentina. I actually spoke to the Cabin Manager about her. An absolute star. Again good food and I do find the seat very comfortable. Always manage a good sleep. I like Emirates and they are my long haul airline of choice.",5.0,5.0,5.0,5.0,4.0,5.0,4,yes,Solo Leisure,Premium Economy,Amsterdam to Auckland via Dubai,June 2025,not verified   amsterdam to dubai in economy  premium economy not available on this sector  paid extra for bulk head seat  good flight  meal  service etc  due to emirates status  used lounge in amsterdam  it s a contract lounge and is awful  over crowded and just unpleasant  total contrast in dubai  terminal a lounge is vast and very well appointed  dubai to auckland departing   th june in premium economy  seat   j  i m writing this because i had the best flight attendant and service i have ever had with emirates including my experiences in business  she went over and beyond and was totally charming  i wish i could remember her name  she was from argentina  i actually spoke to the cabin manager about her  an absolute star  again good food and i do find the seat very comfortable  always manage a good sleep  i like emirates and they are my long haul airline of choice ,1,1,0.9696
emirates,29th May 2025,Brian Ohame,3,True,"✅ Trip Verified |   What a horrible flight experience on Flight EK730, B777-300 on 28.05.2025. hecked in well, and then proceeded to board B777 - 300 where I found a Tired, Stressed or rather irritated crew member - my partner and i were seated on 47A/47B which she was shocked with that came with a loud question ""are you staff?"" My partner looking at me in wonder and bothered. We responded No we are not. She then demanded our boarding pass which indicated our seat numbers. She still looked puzzled like we were seated in a wrong place or on a wrong flight as she returned the passes to us. All our smiles and warmth were shuttered by this staff hardly taking off. We then got worried of if she will be the one attending to us and it turned out we were right to worry. As if that wasn't enough, time for our long waited meal came and  the crew to serve was the same. She tells us she only has Chicken for main  like there was no Menu that was issued prior to our meal - my partner doesn't eat chicken, mushrooms but not allergic and I don't fancy them either. We politely told her we want 2 beef. And she was like only chicken available. I repeated we want 2 beef as we don't eat chicken. Said since you don't want to eat chicken I can only give you the plate with a starter and Desert without the main. As I got shocked with how much I paid for our ticket with no discount or promotion. But we are being served like we are being done a favour. A huge thanks to her colleague who was so lively, sweet and professional. I guess she noticed how un happy we were.",5.0,1.0,1.0,3.0,2.0,1.0,2,no,Couple Leisure,Economy Class,Entebbe to Dubai,May 2025,   what a horrible flight experience on flight ek     b        on             hecked in well  and then proceeded to board b          where i found a tired  stressed or rather irritated crew member   my partner and i were seated on   a   b which she was shocked with that came with a loud question  are you staff   my partner looking at me in wonder and bothered  we responded no we are not  she then demanded our boarding pass which indicated our seat numbers  she still looked puzzled like we were seated in a wrong place or on a wrong flight as she returned the passes to us  all our smiles and warmth were shuttered by this staff hardly taking off  we then got worried of if she will be the one attending to us and it turned out we were right to worry  as if that wasn t enough  time for our long waited meal came and  the crew to serve was the same  she tells us she only has chicken for main  like there was no menu that was issued prior to our meal   my partner doesn t eat chicken  mushrooms but not allergic and i don t fancy them either  we politely told her we want   beef  and she was like only chicken available  i repeated we want   beef as we don t eat chicken  said since you don t want to eat chicken i can only give you the plate with a starter and desert without the main  as i got shocked with how much i paid for our ticket with no discount or promotion  but we are being served like we are being done a favour  a huge thanks to her colleague who was so lively  sweet and professional  i guess she noticed how un happy we were ,5,0,0.9716
emirates,19th May 2025,Wayne Good,8,False,"Not Verified |  Auckland to Dubai Premium Economy. Comfortable seat with good recline. Slept a good solid 7 hours. Food good, service not so good. Definitely had better crews in the past. Service was slow, dinner trays left for a long time. Had to alert a cabin attendant to take mine away. Dubai to Paris economy. Seat ok, service quite good and very good food. There is no other airline for me.",5.0,3.0,5.0,5.0,5.0,,4,yes,Business,Premium Economy,Auckland to Paris via Dubai,May 2025,not verified    auckland to dubai premium economy  comfortable seat with good recline  slept a good solid   hours  food good  service not so good  definitely had better crews in the past  service was slow  dinner trays left for a long time  had to alert a cabin attendant to take mine away  dubai to paris economy  seat ok  service quite good and very good food  there is no other airline for me ,1,1,0.9468
emirates,2nd May 2025,Graham Henrickson,10,True,"✅ Trip Verified |   I guess I didn’t fit the mould of a typical Emirates first class passenger, because despite presenting my boarding pass, I was directed to the first seat on my right and found myself in business class at seat 7A. There were a few red faces when I came back and said that’s not the seat on my boarding pass – 1A. I was whisked away by the Purser amid a hail of apologies and the promise they would make up for it, and they certainly did. When it comes to typical flight times for an Airbus A380, at around 3 hours, the trip from Christchurch to Sydney is just a blip. Thanks to the great crew, I had the opportunity to enjoy the full first class experience. Dom Perignon was being poured within minutes of entering my suite and I was presented with the first-class menu. Before take-off I was given a set of PJ’s and fabric carry bag to take them home in. Then as the aircraft levelled out the meal service started with an enormous serving of caviar with the offer of more, followed by a melody of dishes that were to die for. After dinner, I accepted the bed turndown service. In addition to the luxurious padded seat, they attach a mattress along with a white sheet and a big fluffy pillow. Without ear plugs or a sleeping mask, I was asleep in less than 10 minutes and slept soundly for over an hour surrounded by the twinkling lights installed in the ceiling overhead as well as the floor. Tempted as I was to accept the invitation to try out the onboard shower, I felt that might be just a little too decadent for a 3-hour flight.  When I returned after changing from PJ’s back to my travel clothes the bed had returned to being a seat and my jacket and shoes were neatly arranged. We landed into Sydney 20min ahead of schedule and on a Friday night.",5.0,5.0,5.0,5.0,4.0,,4,yes,Solo Leisure,First Class,Christchurch to Sydney,May 2025,   i guess i didn t fit the mould of a typical emirates first class passenger  because despite presenting my boarding pass  i was directed to the first seat on my right and found myself in business class at seat  a  there were a few red faces when i came back and said that s not the seat on my boarding pass    a  i was whisked away by the purser amid a hail of apologies and the promise they would make up for it  and they certainly did  when it comes to typical flight times for an airbus a     at around   hours  the trip from christchurch to sydney is just a blip  thanks to the great crew  i had the opportunity to enjoy the full first class experience  dom perignon was being poured within minutes of entering my suite and i was presented with the first class menu  before take off i was given a set of pj s and fabric carry bag to take them home in  then as the aircraft levelled out the meal service started with an enormous serving of caviar with the offer of more  followed by a melody of dishes that were to die for  after dinner  i accepted the bed turndown service  in addition to the luxurious padded seat  they attach a mattress along with a white sheet and a big fluffy pillow  without ear plugs or a sleeping mask  i was asleep in less than    minutes and slept soundly for over an hour surrounded by the twinkling lights installed in the ceiling overhead as well as the floor  tempted as i was to accept the invitation to try out the onboard shower  i felt that might be just a little too decadent for a   hour flight   when i returned after changing from pj s back to my travel clothes the bed had returned to being a seat and my jacket and shoes were neatly arranged  we landed into sydney   min ahead of schedule and on a friday night ,0,1,0.9712
emirates,22nd April 2025,G Miller,1,True,"✅ Trip Verified | I had the worst experience at Miami on April 12, 2025. My trip was MIA-BOG. The people at the counter were very rude. I always use a small luggage as a personal item (under seat cabin bag), accepted at ALL airlines, but Emirates didn't accept it. When I told the counter agent that this baggage is accepted on all airlines as a personal item, he rudely told me that those were Emirates's rules and that in ""someone else's home, the rules must be obey.” He also criticized me for traveling in economy class. Also, when I tried to buy in the app the extra baggage, I choose the extra baggage for the route MIA-BOG, but when I clicked ""continue"" the site changed the route to BOG-MIA. I noted the mistake when I receive the confirmation by email. Inmediatelly I called Emirates Customer Service but they refused to made me a refund. Now, I had to pay $100 at the counter and I lost the $130 that I paid in the app, because I don't need any extra bagagge for the route BOG-MIA. In addition to the unexpected expense, this experience ruined my trip.",1.0,3.0,1.0,1.0,1.0,1.0,1,no,Couple Leisure,Economy Class,Miami to Bogota,April 2025, i had the worst experience at miami on april           my trip was mia bog  the people at the counter were very rude  i always use a small luggage as a personal item  under seat cabin bag   accepted at all airlines  but emirates didn t accept it  when i told the counter agent that this baggage is accepted on all airlines as a personal item  he rudely told me that those were emirates s rules and that in  someone else s home  the rules must be obey   he also criticized me for traveling in economy class  also  when i tried to buy in the app the extra baggage  i choose the extra baggage for the route mia bog  but when i clicked  continue  the site changed the route to bog mia  i noted the mistake when i receive the confirmation by email  inmediatelly i called emirates customer service but they refused to made me a refund  now  i had to pay      at the counter and i lost the      that i paid in the app  because i don t need any extra bagagge for the route bog mia  in addition to the unexpected expense  this experience ruined my trip ,4,0,-0.9762
emirates,21st April 2025,Franck Janet,3,True,"✅ Trip Verified |   In my opinion, Emirates is highly overrated. It is often promoted as a top-tier airline, but my experience tells a different story. In economy class, the service is underwhelming at best. On this flight to Paris, I was nearly bumped to a later flight due to overbooking, and I had to insist firmly in order to be accommodated. The in-flight experience left much to be desired. The food was disappointing, the service was average, and the cabin felt overcrowded. I requested a glass of water which never arrived. I pressed the call button, but no one responded. Between Dubai and Paris, not once did the crew proactively offer water. As for business class – although I wasn’t flying in that cabin on this occasion, I have done so in the past – Emirates often charges a premium that is difficult to justify given the level of service compared to competitors. I also purchased a Wi-Fi session, which was advertised as high-speed internet. In reality, the download speed was just 2.82 Mbps and the upload speed only 1.78 Mbps – simply unacceptable. To add to the poor impression, the crew announced the wrong time upon arrival in Paris, a basic error that speaks to a lack of attention to detail. The cabin crew, for the most part, were unsmiling and disengaged. Overall, Emirates is no longer the exceptional airline it once was. In economy class, it feels more like a cattle car in the sky than a premium travel experience.",3.0,2.0,3.0,4.0,1.0,1.0,2,no,Business,Economy Class,Dubai to Paris,April 2025,   in my opinion  emirates is highly overrated  it is often promoted as a top tier airline  but my experience tells a different story  in economy class  the service is underwhelming at best  on this flight to paris  i was nearly bumped to a later flight due to overbooking  and i had to insist firmly in order to be accommodated  the in flight experience left much to be desired  the food was disappointing  the service was average  and the cabin felt overcrowded  i requested a glass of water which never arrived  i pressed the call button  but no one responded  between dubai and paris  not once did the crew proactively offer water  as for business class   although i wasn t flying in that cabin on this occasion  i have done so in the past   emirates often charges a premium that is difficult to justify given the level of service compared to competitors  i also purchased a wi fi session  which was advertised as high speed internet  in reality  the download speed was just      mbps and the upload speed only      mbps   simply unacceptable  to add to the poor impression  the crew announced the wrong time upon arrival in paris  a basic error that speaks to a lack of attention to detail  the cabin crew  for the most part  were unsmiling and disengaged  overall  emirates is no longer the exceptional airline it once was  in economy class  it feels more like a cattle car in the sky than a premium travel experience ,0,0,-0.9643
emirates,16th April 2025,S Peale,5,True,"✅ Trip Verified |   Having paid to choose our seats on this flight there was an aircraft change and we did not get the seats that we paid for. Despite several email and telephone calls Emirates have refused to refund what is a relatively small amount of money quoting ‘terms and conditions’, although their terms and conditions state that we are entitled to a refund. They used to be a good airline and we have flown with them fairly often. However we will not be using them again.",3.0,3.0,3.0,3.0,3.0,2.0,3,no,Couple Leisure,Economy Class,Zurich to Dubai,March 2025,   having paid to choose our seats on this flight there was an aircraft change and we did not get the seats that we paid for  despite several email and telephone calls emirates have refused to refund what is a relatively small amount of money quoting  terms and conditions   although their terms and conditions state that we are entitled to a refund  they used to be a good airline and we have flown with them fairly often  however we will not be using them again ,3,0,0.4215
emirates,1st April 2025,Berton,7,True,"✅ Trip Verified |   An uneventful flight to Amsterdam. Catering was not the best this time: bland food and sides. We were served twice, it filled our stomach but that was it. Service provided by the staff was friendly and speedy despite a full plane. Seats were comfortable. We landed 30 min earlier in Amsterdam.",5.0,5.0,3.0,4.0,5.0,3.0,5,yes,Couple Leisure,Economy Class,Dubai to Amsterdam,March 2025,   an uneventful flight to amsterdam  catering was not the best this time  bland food and sides  we were served twice  it filled our stomach but that was it  service provided by the staff was friendly and speedy despite a full plane  seats were comfortable  we landed    min earlier in amsterdam ,2,1,0.8208
emirates,25th March 2025,B Koslov,1,True,"✅ Trip Verified | The most unprofessional staff I’ve ever seen. Had to use Emirates as backup because Cathay Pacific delayed our flight. Maybe because of that seat selection was not available for us. That one I do not blame this airline on. But: We got two seats way back at the end of 777. Behind me was a man in his 50s. At the altitude I reclined my seat (not all the way back) and was prepared to get some sleep in this 6 hr flight. Immidiately I feel tap on my shoulder and some arguing that I have to raise my seat. He was arguing that he could not eat with my seat reclined. I tried to explain that my seat does not affect his table position, but really I feel like he just wanted more space. He was really unpleasant to talk to, it felt like there was only his needs and everyone around should just obey to that. English is not my native languge, so I finished the argument with ""ask the flight attendant"", I was sure that she can explain everything better than me. The man catches flight attendant, explains that he want me to raise my seat. She does not ask any questions, just stands up near me and commands ""raise your seat"" and proceeds with taking back of my seat and tries to raise it with force. No questions asked. With flight attendant fully on his side I even did not even try to argue. It felt really dengerous to even talk back to these people. Food was given 2 hours (!) after take off. After food serving nobody did not even try to provide us with any sort of bevereges. Again, that is on 6 hrs flight. Is that even legal? We had to catch flight attendant to ask for any water-like substance. How dare you to ask me about upgrades to premium economy or business if you fail to provide any basic service for economy? Or does Emirates starts to provide basic service starting from business? It is logical to just use better airlines instead. It is a level lower than any low-cost airline in the Eastern Europe. I am a frequent flyer and did not expect something like that at the price that I paid. It is by far my worst flight expirience. My family and friends will never use Emirates ever again.",1.0,1.0,1.0,3.0,2.0,1.0,1,no,Couple Leisure,Economy Class,Phuket to Dubai,March 2025, the most unprofessional staff i ve ever seen  had to use emirates as backup because cathay pacific delayed our flight  maybe because of that seat selection was not available for us  that one i do not blame this airline on  but  we got two seats way back at the end of      behind me was a man in his   s  at the altitude i reclined my seat  not all the way back  and was prepared to get some sleep in this   hr flight  immidiately i feel tap on my shoulder and some arguing that i have to raise my seat  he was arguing that he could not eat with my seat reclined  i tried to explain that my seat does not affect his table position  but really i feel like he just wanted more space  he was really unpleasant to talk to  it felt like there was only his needs and everyone around should just obey to that  english is not my native languge  so i finished the argument with  ask the flight attendant   i was sure that she can explain everything better than me  the man catches flight attendant  explains that he want me to raise my seat  she does not ask any questions  just stands up near me and commands  raise your seat  and proceeds with taking back of my seat and tries to raise it with force  no questions asked  with flight attendant fully on his side i even did not even try to argue  it felt really dengerous to even talk back to these people  food was given   hours     after take off  after food serving nobody did not even try to provide us with any sort of bevereges  again  that is on   hrs flight  is that even legal  we had to catch flight attendant to ask for any water like substance  how dare you to ask me about upgrades to premium economy or business if you fail to provide any basic service for economy  or does emirates starts to provide basic service starting from business  it is logical to just use better airlines instead  it is a level lower than any low cost airline in the eastern europe  i am a frequent flyer and did not expect something like that at the price that i paid  it is by far my worst flight expirience  my family and friends will never use emirates ever again ,5,0,-0.947
emirates,15th March 2025,Yu-Hsiu Chang,9,True,✅ Trip Verified |   The cabin is clean. Flight attendants are friendly and polite. Seats are comfortable and can be reclined easily. The food is delicious. Flights departed on time.,5.0,5.0,5.0,5.0,5.0,,5,yes,Solo Leisure,Economy Class,Taipei to Rome via Dubai,February 2025,   the cabin is clean  flight attendants are friendly and polite  seats are comfortable and can be reclined easily  the food is delicious  flights departed on time ,2,1,0.936
emirates,12th March 2025,N Sabetian,1,False,"Not Verified |  I will never fly with them again, they have poor customer care. Long-story short, our flight was cancelled after waiting on the plane for several hours, at 2 AM and under the rain, with two young children we had to find a hotel, catch a taxi and recheck everything out of the airport and then back in. Our luggage had been mishandled and all clothes wet. They wouldnt reimburse for costs incurred as they are counting dollars and cents at present. I wouldnt touch them again, they charge a very large sum of money and their after sale services are very poor",1.0,1.0,1.0,,1.0,,1,no,Family Leisure,Economy Class,Singapore to Dubai,January 2025,not verified    i will never fly with them again  they have poor customer care  long story short  our flight was cancelled after waiting on the plane for several hours  at   am and under the rain  with two young children we had to find a hotel  catch a taxi and recheck everything out of the airport and then back in  our luggage had been mishandled and all clothes wet  they wouldnt reimburse for costs incurred as they are counting dollars and cents at present  i wouldnt touch them again  they charge a very large sum of money and their after sale services are very poor,3,0,-0.6478
emirates,10th March 2025,Yvonne Weston,7,False,"Not Verified |  I dashed across Dubai airport, having an hour and a half transit time since my connecting flight from Bangkok. There was no time to get a drink. I was relieved to get my flight to Birmingham. I was hot and thirsty. Unfortunately, for a torturous 2 hours and 50 minutes, there wasn't a drop of liquid served, although I did ask for a glass of water, which never transpired. Apart from that, which, when you're tired and thirsty, seems a massive problem.",4.0,2.0,3.0,4.0,4.0,,4,yes,Couple Leisure,Economy Class,Dubai to Birmingham,March 2025,not verified    i dashed across dubai airport  having an hour and a half transit time since my connecting flight from bangkok  there was no time to get a drink  i was relieved to get my flight to birmingham  i was hot and thirsty  unfortunately  for a torturous   hours and    minutes  there wasn t a drop of liquid served  although i did ask for a glass of water  which never transpired  apart from that  which  when you re tired and thirsty  seems a massive problem ,3,1,-0.8586
emirates,28th February 2025,George Stainton,1,False,"Not Verified |  Emirates lost my luggage 9 months ago and have still not dealt with the complaint. No PIR number was provided as the team at Manchester airport were very unorganised. All they asked me to do was fill out an online form, through GBS Enquiries which I did. I have been back and fourth and had multiple phone calls with the team but the complaint still has not been dealt with. The customer service has been extremely poor. I'm very disappointed with Emirates.",1.0,1.0,1.0,1.0,1.0,1.0,1,no,Couple Leisure,Business Class,Dubai to Manchester,January 2025,not verified    emirates lost my luggage   months ago and have still not dealt with the complaint  no pir number was provided as the team at manchester airport were very unorganised  all they asked me to do was fill out an online form  through gbs enquiries which i did  i have been back and fourth and had multiple phone calls with the team but the complaint still has not been dealt with  the customer service has been extremely poor  i m very disappointed with emirates ,4,0,-0.9427
emirates,17th February 2025,Denis Mbanga,2,False,"Not Verified | Emirates delayed flight from Washington D.C to Dubai, then me and my group missed our flight to Dar. Emirates gave us a hotel booking and an alternative flight for the next day. But it is so weired we have never get any support into getting to the hotel. Its so sad that Emirates has started being a Zero Star Airline.",1.0,3.0,,,1.0,,1,no,Business,Business Class,Washington D.C to Dar es Salaam via Dubai,February 2025,not verified   emirates delayed flight from washington d c to dubai  then me and my group missed our flight to dar  emirates gave us a hotel booking and an alternative flight for the next day  but it is so weired we have never get any support into getting to the hotel  its so sad that emirates has started being a zero star airline ,3,0,-0.8866
emirates,13th February 2025,E Baile,1,True,"✅ Trip Verified |   We were excited to fly with this airline for the first time. There were four of us (my husband, my two kids, and myself). We used points for three tickets and paid in full cash for the four ticket. We have business class one way. Not only was the cabin crew horrible from Miami to Dubai (they disappeared shortly into the flight and didn't resurface till the end of the flight. They left a table of snacks and wine and water by the bathroom), but they badly damaged my bag. My bag was just two weeks old and has tears and rips in it. The only way to file a complaint or notify them of your damage bag is to fill out an online complete form. It's the worst way of communication. They take weeks to get back to you and then will give you different excuses every time. They are the most unprofessional Employees I have ever worked with in my life. I feel like I was cheated and robbed from them. We spent over 450,000 points, and 7000 in cash in fees for one way tickets all to have horrible customer service, a damaged bag, and bad flight crew. Avoid this airline like the plague.",4.0,1.0,3.0,5.0,1.0,3.0,1,no,Family Leisure,Business Class,Miami to Bangkok via Dubai,November 2024,   we were excited to fly with this airline for the first time  there were four of us  my husband  my two kids  and myself   we used points for three tickets and paid in full cash for the four ticket  we have business class one way  not only was the cabin crew horrible from miami to dubai  they disappeared shortly into the flight and didn t resurface till the end of the flight  they left a table of snacks and wine and water by the bathroom   but they badly damaged my bag  my bag was just two weeks old and has tears and rips in it  the only way to file a complaint or notify them of your damage bag is to fill out an online complete form  it s the worst way of communication  they take weeks to get back to you and then will give you different excuses every time  they are the most unprofessional employees i have ever worked with in my life  i feel like i was cheated and robbed from them  we spent over         points  and      in cash in fees for one way tickets all to have horrible customer service  a damaged bag  and bad flight crew  avoid this airline like the plague ,4,0,-0.9932
emirates,7th February 2025,Shadi Alkasim,10,True,"✅ Trip Verified |   Boarding an A380 was a unique experience and you will enjoy a pleasant flight thanks to the spaciousness and comfort. The cabin crew were admirable and friendly, the food was good and delicious. Highly recommended!",5.0,5.0,5.0,5.0,5.0,5.0,5,yes,Family Leisure,Economy Class,Hong Kong to Dubai,January 2025,   boarding an a    was a unique experience and you will enjoy a pleasant flight thanks to the spaciousness and comfort  the cabin crew were admirable and friendly  the food was good and delicious  highly recommended ,2,1,0.9792
emirates,30th January 2025,C Hewett,1,True,✅ Trip Verified |   Bitterly disappointed in Emirates. I was promised that I will get A Dubai Connect option in Dubai with my flight only to be told that I won’t. I have a layover of 20 hours and my husband is on the same journey with the shorter layover yet he received Dubai Connect. Never traveling with Emirates again.,2.0,2.0,2.0,3.0,1.0,1.0,1,no,Family Leisure,Economy Class,Cape Town to Sydney via Dubai,January 2025,   bitterly disappointed in emirates  i was promised that i will get a dubai connect option in dubai with my flight only to be told that i won t  i have a layover of    hours and my husband is on the same journey with the shorter layover yet he received dubai connect  never traveling with emirates again ,3,0,-0.5574
emirates,26th January 2025,Franck Janet,3,True,"✅ Trip Verified | The flight was scheduled for 9:30 AM but was delayed by more than 5 hours. Nearly every hour, we received announcements that the flight was being delayed by yet another hour or two. Such a delay, coupled with the treatment of passengers, is unacceptable. I am deeply disappointed with Emirates.",3.0,3.0,,,2.0,,3,no,Solo Leisure,Economy Class,Bangkok to Dubai,January 2025, the flight was scheduled for      am but was delayed by more than   hours  nearly every hour  we received announcements that the flight was being delayed by yet another hour or two  such a delay  coupled with the treatment of passengers  is unacceptable  i am deeply disappointed with emirates ,3,0,-0.9454
emirates,19th January 2025,Stuart Ballantyne,3,False,"Not Verified | Flights from Australia to Europe return went mostly OK. The larger issue I had was with FF miles. It was not allocated to my account when flights were booked. Eventually I found this out. Due to an ongoing software issue with Emirates website I was unable to log into my account. After multiple calls and emails they said they were ""working on it"". I was finally able to log in after 6 months, now points have expired. Emirates refused to credit these due to policy. Booking several flights (work and personal) shortly to Europe and USA but not with Emirates.",2.0,2.0,3.0,4.0,4.0,,3,no,Couple Leisure,Premium Economy,Melbourne to Athens via Dubai,April 2024,not verified   flights from australia to europe return went mostly ok  the larger issue i had was with ff miles  it was not allocated to my account when flights were booked  eventually i found this out  due to an ongoing software issue with emirates website i was unable to log into my account  after multiple calls and emails they said they were  working on it   i was finally able to log in after   months  now points have expired  emirates refused to credit these due to policy  booking several flights  work and personal  shortly to europe and usa but not with emirates ,4,0,0.3541
emirates,18th January 2025,Graeme Lowther,4,False,"Not Verified | Wow! Ever since the the Aussie exec management left the airline, Emirates had been in a quality nose dive. It has gone from being a luxury carrier to being more like a low cost airline. Flying in business class now feels like economy used to be. Here is how the quality has collapsed IMO You no longer get an amenities bag unless you are overnight. The quality of the wine in business class has been reduced from nice Loire, South African or Aussie quality wines, to cheap plonk. Makes no sense. The quality of the food is utterly disgusting. I'm not kidding here. Check the photo of the business class vegetarian meal that I uploaded with this review. Twice they have served me this POW camp slop in business class. Defies all expectations. No accompaniments, no chutney, or sauces. Just brown slop in white rice. What I don't understand is why they are so gung-ho on cost cutting while passenger numbers and revenue are at an all time high. They are cutting their own throats because carriers like Qatar are still offering really great quality service. In fact (and I never thought I would think this) Saudia business class beats Emirates on food quality. (Actually, if you look at the photo of my business class meal, everyone beats that). Emirates customer service is now more concerned with revenue retention than with fulfilling the ticket terms, and can be quite combative. I have noticed that changing a ""Flex Plus"" ticket, despite being fully changeable always attracts a fare change, even when the original class of ticket if still available to buy in Emirates.com. I had such a fight with them I refunded the entire Flex Plus ticket and rebought the travel in my new date at the lower price I don't know what happening, I have a real soft spot for Emirates. At one time they set the bar for quality, but that's not true anymore and it makes me really sad.",3.0,4.0,1.0,3.0,4.0,2.0,2,no,Solo Leisure,Business Class,Glasgow to Dubai,January 2025,not verified   wow  ever since the the aussie exec management left the airline  emirates had been in a quality nose dive  it has gone from being a luxury carrier to being more like a low cost airline  flying in business class now feels like economy used to be  here is how the quality has collapsed imo you no longer get an amenities bag unless you are overnight  the quality of the wine in business class has been reduced from nice loire  south african or aussie quality wines  to cheap plonk  makes no sense  the quality of the food is utterly disgusting  i m not kidding here  check the photo of the business class vegetarian meal that i uploaded with this review  twice they have served me this pow camp slop in business class  defies all expectations  no accompaniments  no chutney  or sauces  just brown slop in white rice  what i don t understand is why they are so gung ho on cost cutting while passenger numbers and revenue are at an all time high  they are cutting their own throats because carriers like qatar are still offering really great quality service  in fact  and i never thought i would think this  saudia business class beats emirates on food quality   actually  if you look at the photo of my business class meal  everyone beats that   emirates customer service is now more concerned with revenue retention than with fulfilling the ticket terms  and can be quite combative  i have noticed that changing a  flex plus  ticket  despite being fully changeable always attracts a fare change  even when the original class of ticket if still available to buy in emirates com  i had such a fight with them i refunded the entire flex plus ticket and rebought the travel in my new date at the lower price i don t know what happening  i have a real soft spot for emirates  at one time they set the bar for quality  but that s not true anymore and it makes me really sad ,0,0,-0.8509
emirates,26th December 2024,Esther Novukela,2,True,"✅ Trip Verified |   I had a flight from Cairo to Dubai on 25 December at 12h30. The flight was initially delayed and we only boarded at 2pm. We then sat in the aircraft until just before 5pm until they eventually told us to disembark. We then went to baggage collection where most of us waited at least 2 hours for our luggage to arrive. I then waited in a line for another 1 and a half hours to book a new ticket. When booking the new ticket I then informed them my previous flight I had booked the vegan option as I've been strictly vegan for 5 years. They couldn't promise me anything but they said they'd try put the request in as I couldn't adjust it on my app with the flight being canceled. On the flight there were zero vegan options and all I could eat after 20+ hours of travel stress was black tea and some fruit pieces. Furthermore, my skyrewards number never works and I have been unable to accumulate points every time I fly. In addition, I had to purchase my own wifi plan to let friends and family know I finally was safely on my way to Dubai. This has been the worst travel experience for me. Hungry, tired and severely inconvenienced.",3.0,4.0,1.0,3.0,2.0,1.0,2,no,Solo Leisure,Economy Class,Cairo to Dubai,December 2024,   i had a flight from cairo to dubai on    december at   h    the flight was initially delayed and we only boarded at  pm  we then sat in the aircraft until just before  pm until they eventually told us to disembark  we then went to baggage collection where most of us waited at least   hours for our luggage to arrive  i then waited in a line for another   and a half hours to book a new ticket  when booking the new ticket i then informed them my previous flight i had booked the vegan option as i ve been strictly vegan for   years  they couldn t promise me anything but they said they d try put the request in as i couldn t adjust it on my app with the flight being canceled  on the flight there were zero vegan options and all i could eat after     hours of travel stress was black tea and some fruit pieces  furthermore  my skyrewards number never works and i have been unable to accumulate points every time i fly  in addition  i had to purchase my own wifi plan to let friends and family know i finally was safely on my way to dubai  this has been the worst travel experience for me  hungry  tired and severely inconvenienced ,3,0,-0.8815
emirates,20th December 2024,Judy Godlieb,2,False,Not Verified |  I had the most horrible experience on Emirates Flight # EK 27 . I had already arrived from Colombo to Dubai on EK649 at least they were courteous and friendly. My connecting flight from Dubai to Glasgow was a nightmare. I had booked a diabetic meal and imagine I got the meal minus water. I needed to take my meds and numerous requests were ignored by very arrogant flight attendants specially one of them on this particular flight. After two and a half hours I received 1 cup of water . I was extremely thirsty and dehydrated and when I asked if I could have a bottle of water she curtly replied they do not have bottled water. She took off before I could ask for another cup of water. However passengers seated in front of me were served with water and juice . This didn't solve my problem as I just couldn't get a juice or water at that moment. After about another hour I kept buzzing for a flight attendant and no one came . When the 2nd meal was served I received a small bottle of water and by then I was feeling dehydrated. I'm 63 and not in the best of health . Is this fair? I have lodged a complaint with Emirates and I'm waiting for the response they say they will send me.  Unfortunately I have a return flight from Glasgow to Dubai and Dubai to Colombo and I feel violated and traumatized to think of what to expect . One thing for sure is I will never fly Emirates again. I'm just disgusted. That long walk from terminal to terminal and then taking a bus or the train is equally insane. I paid for Marhaba meet and greet service since I know with mobility issues I would miss the flight. Thankfully the Marhaba service lady was an Angel and so helpful something that the arrogant flight stewardess could learn. It doesn't cost anything to be nice. This was a long haul flight and I would have expected water to be provided in unlimited quantity. Shame on you Emirates. So much for your so called service you boast about. I'm done. I was going to see my 6 year old grandson after 5 years in Scotland and what should have been a happy journey was a nightmare. Unfortunately I have to go again via the same route on this heartless airline. Never again will I take that risk. I have flown Emirates prior and those short flights were so delightful. Not anymore .,1.0,1.0,,,1.0,,1,no,Solo Leisure,Economy Class,Dubai to Glasgow,December 2024,not verified    i had the most horrible experience on emirates flight   ek      i had already arrived from colombo to dubai on ek    at least they were courteous and friendly  my connecting flight from dubai to glasgow was a nightmare  i had booked a diabetic meal and imagine i got the meal minus water  i needed to take my meds and numerous requests were ignored by very arrogant flight attendants specially one of them on this particular flight  after two and a half hours i received   cup of water   i was extremely thirsty and dehydrated and when i asked if i could have a bottle of water she curtly replied they do not have bottled water  she took off before i could ask for another cup of water  however passengers seated in front of me were served with water and juice   this didn t solve my problem as i just couldn t get a juice or water at that moment  after about another hour i kept buzzing for a flight attendant and no one came   when the  nd meal was served i received a small bottle of water and by then i was feeling dehydrated  i m    and not in the best of health   is this fair  i have lodged a complaint with emirates and i m waiting for the response they say they will send me   unfortunately i have a return flight from glasgow to dubai and dubai to colombo and i feel violated and traumatized to think of what to expect   one thing for sure is i will never fly emirates again  i m just disgusted  that long walk from terminal to terminal and then taking a bus or the train is equally insane  i paid for marhaba meet and greet service since i know with mobility issues i would miss the flight  thankfully the marhaba service lady was an angel and so helpful something that the arrogant flight stewardess could learn  it doesn t cost anything to be nice  this was a long haul flight and i would have expected water to be provided in unlimited quantity  shame on you emirates  so much for your so called service you boast about  i m done  i was going to see my   year old grandson after   years in scotland and what should have been a happy journey was a nightmare  unfortunately i have to go again via the same route on this heartless airline  never again will i take that risk  i have flown emirates prior and those short flights were so delightful  not anymore  ,5,0,-0.9087
emirates,15th December 2024,L Almulla,6,True,"✅ Trip Verified | As a frequent flyer with Emirates, I’ve always admired the airline's reputation for exceptional service, but my recent experience in Economy has left me deeply disheartened by the stark disparity in treatment between Business and Economy class passengers. Throughout the flight, it felt as though Economy passengers were treated as an afterthought. It took an excessive amount of time to receive any service, even something as simple as water, despite pressing the call button multiple times. On one occasion, I got up to stretch my legs and was approached by a flight attendant asking if I needed help. When I explained I was just trying to get some movement, I was told to return to my seat and wait for 10 minutes until service was completed. The tone and response felt dismissive and unnecessary. Another unsettling moment occurred when I pressed the service button. A flight attendant walked past me, nodded in acknowledgment, but didn’t stop. When she finally returned, she explained she had been “counting.” While I appreciate that tasks need to be completed, ignoring a passenger’s request and providing such a response felt dismissive and unprofessional. The final incident left me utterly shocked. While refilling my water bottle, another flight attendant accidentally spilled water all over my leg. Instead of a genuine apology or assistance, his response was, “I couldn’t see.” It’s difficult to understand how such carelessness and lack of attentiveness can happen on an airline that prides itself on excellence. As someone who has experienced the polished and attentive service in Business Class, the treatment in Economy was a glaring contrast. It felt as though Economy passengers were not afforded the basic courtesy or care expected from Emirates. While I understand there are differences in service levels between classes, this experience lacked the professionalism and warmth that should be standard across all cabins. I sincerely hope Emirates addresses these inconsistencies. Loyal customers, regardless of class, deserve better treatment and respect.",1.0,1.0,,,2.0,3.0,3,yes,Solo Leisure,Economy Class,Dubai to London Heathrow,September 2024, as a frequent flyer with emirates  i ve always admired the airline s reputation for exceptional service  but my recent experience in economy has left me deeply disheartened by the stark disparity in treatment between business and economy class passengers  throughout the flight  it felt as though economy passengers were treated as an afterthought  it took an excessive amount of time to receive any service  even something as simple as water  despite pressing the call button multiple times  on one occasion  i got up to stretch my legs and was approached by a flight attendant asking if i needed help  when i explained i was just trying to get some movement  i was told to return to my seat and wait for    minutes until service was completed  the tone and response felt dismissive and unnecessary  another unsettling moment occurred when i pressed the service button  a flight attendant walked past me  nodded in acknowledgment  but didn t stop  when she finally returned  she explained she had been  counting   while i appreciate that tasks need to be completed  ignoring a passenger s request and providing such a response felt dismissive and unprofessional  the final incident left me utterly shocked  while refilling my water bottle  another flight attendant accidentally spilled water all over my leg  instead of a genuine apology or assistance  his response was   i couldn t see   it s difficult to understand how such carelessness and lack of attentiveness can happen on an airline that prides itself on excellence  as someone who has experienced the polished and attentive service in business class  the treatment in economy was a glaring contrast  it felt as though economy passengers were not afforded the basic courtesy or care expected from emirates  while i understand there are differences in service levels between classes  this experience lacked the professionalism and warmth that should be standard across all cabins  i sincerely hope emirates addresses these inconsistencies  loyal customers  regardless of class  deserve better treatment and respect ,5,1,0.9557
emirates,14th December 2024,N Siotto,10,True,"✅ Trip Verified |   Outbound I flew Business and inbound was Economy. In comparison with other airlines I have enjoyed the Economy class more than the Business. I was lucky that no one was sitting next to me. The A380 passenger experience is awesome. Nice inflight crew. Decent catering. Unparalleled entertainment. Good comfort. When flying Economy Class, Emirates for me is my preferred choice.",4.0,5.0,5.0,5.0,5.0,3.0,4,yes,Solo Leisure,Economy Class,Milan to Dubai,December 2024,   outbound i flew business and inbound was economy  in comparison with other airlines i have enjoyed the economy class more than the business  i was lucky that no one was sitting next to me  the a    passenger experience is awesome  nice inflight crew  decent catering  unparalleled entertainment  good comfort  when flying economy class  emirates for me is my preferred choice ,0,1,0.9584
emirates,2nd December 2024,Sanjeev Pinjala,1,False,Not Verified |  Worst experience I had with Emirates. I wasn't able to recline my seat on my final flight with Emirates. The airline is declining year over year. Never again Emirates.,1.0,1.0,1.0,1.0,1.0,1.0,1,no,Family Leisure,Economy Class,Washington to Hyderabad via Dubai,February 2024,not verified    worst experience i had with emirates  i wasn t able to recline my seat on my final flight with emirates  the airline is declining year over year  never again emirates ,3,0,0.5096
emirates,1st December 2024,M Mahrun,4,True,"✅ Trip Verified |   Travelled home on Emirates from Bangkok to Manchester via Dubai, and both these flights had some issues. EK 377 from BKK to DXB  was ok overall. However the standard of the 1st meal served from BKK was very disappointing. Whilst I appreciate this was a 0200 departure from BKK, something a little more substantial in terms of meal would have been appreciated. A little bag of caramel popcorn (as nice as it was) and a drink is simply unacceptable for the high price of the ticket paid. The french toast on the second meal service was soggy and more like a bread pudding, and the Pineapple and Papaya Compote did not taste either, and just looked like pureed fruit slapped onto the dish. Otherwise, no other comments, as the service was ok, and the flight into Dubai was on time. EK21 from DXB to MAN on time but main issue is around meals. Once the cabin crew came to serve breakfast, they already had ran out of the main Omelette dish stating 'everyone wanted this' - how can this always happen? This is very disappointing. Otherwise as from BKK, service ok - but nothing to write home about. Baggage reclaim at MAN was very slow - again reinforces the need to urgently close Terminal 1 ASAP and move to new terminal. I like Emirates - but they have a rival in Qatar Airways that I may consider the next time I fly to Thailand.",2.0,2.0,1.0,3.0,2.0,3.0,2,yes,Couple Leisure,Economy Class,Bangkok to Manchester via Dubai,November 2024,   travelled home on emirates from bangkok to manchester via dubai  and both these flights had some issues  ek     from bkk to dxb  was ok overall  however the standard of the  st meal served from bkk was very disappointing  whilst i appreciate this was a      departure from bkk  something a little more substantial in terms of meal would have been appreciated  a little bag of caramel popcorn  as nice as it was  and a drink is simply unacceptable for the high price of the ticket paid  the french toast on the second meal service was soggy and more like a bread pudding  and the pineapple and papaya compote did not taste either  and just looked like pureed fruit slapped onto the dish  otherwise  no other comments  as the service was ok  and the flight into dubai was on time  ek   from dxb to man on time but main issue is around meals  once the cabin crew came to serve breakfast  they already had ran out of the main omelette dish stating  everyone wanted this    how can this always happen  this is very disappointing  otherwise as from bkk  service ok   but nothing to write home about  baggage reclaim at man was very slow   again reinforces the need to urgently close terminal   asap and move to new terminal  i like emirates   but they have a rival in qatar airways that i may consider the next time i fly to thailand ,2,1,0.6146
emirates,1st December 2024,Mo Ghoorun,6,True,"✅ Trip Verified | Travelled from Manchester to Kuala Lumpur with Emirates. The check in process at Manchester was ok - but could be smoother (Self-Check In was ok, but could not print boarding pass). The experience at Manchester Airport however was very chaotic with boarding taking place from Gate 20 as the plane was on a Remote Stand and needed bus transfer to the aircraft. Poor communication between ground staff noted, and passengers were just choosing to board when they desired - not taking notice of staff. Flight delayed for one hour from Manchester - they need to close Terminal 1 ASAP as it is chaotic! The flights themselves were ok. Food was good, and the cabin crew appeared rather lacklustre and not very friendly on the MAN-DXB Sector. This was much improved from DXB - KUL Seats ok - but passengers pushing seats right back when eating is a concern.",3.0,2.0,3.0,3.0,1.0,2.0,3,yes,Couple Leisure,Economy Class,Manchester to Kuala Lumpur via Dubai,November 2024, travelled from manchester to kuala lumpur with emirates  the check in process at manchester was ok   but could be smoother  self check in was ok  but could not print boarding pass   the experience at manchester airport however was very chaotic with boarding taking place from gate    as the plane was on a remote stand and needed bus transfer to the aircraft  poor communication between ground staff noted  and passengers were just choosing to board when they desired   not taking notice of staff  flight delayed for one hour from manchester   they need to close terminal   asap as it is chaotic  the flights themselves were ok  food was good  and the cabin crew appeared rather lacklustre and not very friendly on the man dxb sector  this was much improved from dxb   kul seats ok   but passengers pushing seats right back when eating is a concern ,2,1,-0.7614
emirates,1st December 2024,C Hoffmann,7,True,"✅ Trip Verified | Given all the hype about their first class it was not worth the cost over business class. Service was good but the second leg was somewhat ruined by two kids running up and down the aisle and showering the floor with pop corn. Yes this is the responsibility of the parents but aircrew should have said something. Overall staff were more consistent and visible than when flying business but polish was lacking, example when asking for a glass of the white Burgundy by name you had to show them the picture on the wine list. Yes it’s the little things but that’s what you fly first. Same goes for the quality of food which other than the caviar was ok but lacked the extra that you expect. Airport transfer to the airport in Singapore went well, however Emirates cancelled it for Munich which led to a long wait at the airport until they eventually sorted it by reimbursing the cost of a Taxi. This was a once in a lifetime treat and it failed to deliver. In business on the A380 the offer a good product let’s see how they do when they reconfigure the 777 but we won’t do first again.",5.0,4.0,4.0,4.0,4.0,,3,yes,Family Leisure,First Class,Singapore to Munich via Dubai,July 2024, given all the hype about their first class it was not worth the cost over business class  service was good but the second leg was somewhat ruined by two kids running up and down the aisle and showering the floor with pop corn  yes this is the responsibility of the parents but aircrew should have said something  overall staff were more consistent and visible than when flying business but polish was lacking  example when asking for a glass of the white burgundy by name you had to show them the picture on the wine list  yes it s the little things but that s what you fly first  same goes for the quality of food which other than the caviar was ok but lacked the extra that you expect  airport transfer to the airport in singapore went well  however emirates cancelled it for munich which led to a long wait at the airport until they eventually sorted it by reimbursing the cost of a taxi  this was a once in a lifetime treat and it failed to deliver  in business on the a    the offer a good product let s see how they do when they reconfigure the     but we won t do first again ,0,1,0.8722
emirates,27th November 2024,Said Rouini,1,False,"Not Verified | I would like to share my negative experience with Emirates, as I believe they are scammers. I requested a refund for my return ticket from China to Tunis, dated December 29, 2022. Despite sending several emails, I have not received any response. Recently, I visited the Emirates Airlines office in Shanghai. The lady working there was very kind and promised to try contacting the Dubai office to process my refund. Indeed, I received an email (from a no-reply address) after 15 days stating that they had refunded me an amount of 100 Tunisian dinars, which is roughly $35. I sent another inquiry through their website (as no email address was available), filing a complaint on November 15, 2024. I explained that I paid more than 6,300 Tunisian dinars for two one-way tickets and one return ticket. Today, November 27, 2024, I received a system-generated email (from a no-reply address) stating the following: “After reviewing your ticket, we found that it has already been refunded, and no further refund is due. If you require further information or assistance regarding this refund, please visit the website to check our Help section, where you can find contact details for your local Emirates office or fill out a support request form.",2.0,2.0,1.0,1.0,2.0,1.0,1,no,Couple Leisure,Economy Class,Tunis to Shanghai via Dubai,December 2023,not verified   i would like to share my negative experience with emirates  as i believe they are scammers  i requested a refund for my return ticket from china to tunis  dated december           despite sending several emails  i have not received any response  recently  i visited the emirates airlines office in shanghai  the lady working there was very kind and promised to try contacting the dubai office to process my refund  indeed  i received an email  from a no reply address  after    days stating that they had refunded me an amount of     tunisian dinars  which is roughly      i sent another inquiry through their website  as no email address was available   filing a complaint on november           i explained that i paid more than       tunisian dinars for two one way tickets and one return ticket  today  november           i received a system generated email  from a no reply address  stating the following   after reviewing your ticket  we found that it has already been refunded  and no further refund is due  if you require further information or assistance regarding this refund  please visit the website to check our help section  where you can find contact details for your local emirates office or fill out a support request form ,4,0,0.8204
emirates,27th November 2024,T Hoyle,6,True,"✅ Trip Verified |   I’ve written a separate review of the excellent seat 68K but the same cannot really be said of the airline. Economy was pretty crammed and crew made little to no effort to go out of their way. No regular trolley service. No attention to detail. The most shocking thing was the airline’s refusal to board parents with young children first: in fact they actually sent one couple with a baby and toddler to the back of the line. In 50 years of flying I’ve never seen any airline do that, even the rubbish ones. I fly with Qatar and Singapore and there is no way Emirates are anywhere near their standard.",5.0,2.0,2.0,2.0,2.0,1.0,4,yes,Solo Leisure,Economy Class,London to Singapore via Dubai,November 2024,   i ve written a separate review of the excellent seat   k but the same cannot really be said of the airline  economy was pretty crammed and crew made little to no effort to go out of their way  no regular trolley service  no attention to detail  the most shocking thing was the airline s refusal to board parents with young children first  in fact they actually sent one couple with a baby and toddler to the back of the line  in    years of flying i ve never seen any airline do that  even the rubbish ones  i fly with qatar and singapore and there is no way emirates are anywhere near their standard ,5,1,-0.7976
emirates,23rd November 2024,Ross Clark,8,False,"Not Verified | Basically, what wasn't to like? Positives include the A380 for three of the sectors, and on the return leg, Premium Economy between AKL and DXB, which was excellent. The extra room it added was well worth the additional expense, and top marks for both the seating and the customer service. On the DXB-AKL and DXB-GLA legs (GLA used because EDI not convenient; no extra cost), the economy product on the A380 was well worth it. Could do better: the B777 product is quite cramped by comparison (10-across, not recommended, but only on one shorter leg) and its IFE is tired, even before it is compared with the equivalent service on the A380. EK is working towards introducing A350s on the EDI sector and they can't come soon enough. Finally, the checkins at both EDI and AKL were very quick; opening ""early"" (four hours or so) does make life a lot easier.",4.0,5.0,5.0,5.0,5.0,,4,yes,Solo Leisure,Economy Class,Edinburgh to Auckland via Dubai,November 2024,not verified   basically  what wasn t to like  positives include the a    for three of the sectors  and on the return leg  premium economy between akl and dxb  which was excellent  the extra room it added was well worth the additional expense  and top marks for both the seating and the customer service  on the dxb akl and dxb gla legs  gla used because edi not convenient  no extra cost   the economy product on the a    was well worth it  could do better  the b    product is quite cramped by comparison     across  not recommended  but only on one shorter leg  and its ife is tired  even before it is compared with the equivalent service on the a     ek is working towards introducing a   s on the edi sector and they can t come soon enough  finally  the checkins at both edi and akl were very quick  opening  early   four hours or so  does make life a lot easier ,0,1,0.7828
emirates,19th November 2024,Maxim Raya,1,True,"✅ Trip Verified |   My girlfriend and I boarded the flight EK085 as planned. As my girlfriend had indigestion problems in the morning, we asked for an extra waste bag just in case. The crew then told us we need her to get checked by a doctor at the plane's entrance to make sure she can fly, but instead they offboarded us without actually doing the professional medical checkup by the doctors that they called to the plane. We had then to get a certificate that she's clear to fly, which the doctor gave right away because her condition was absolutely fine. As a result, we wasted a work day each and had to pay the hotel at Dubai airport out of our pocket. I had never experienced this level of deceit, disrespect and mistreatment from any airline before. This is not the behavior I would expect from a respectable business. My girlfriend was fit to fly, as confirmed by the doctor literally 10 mins after we had been deplaned.  I'll never fly this airline again.",1.0,1.0,,,1.0,,1,no,Couple Leisure,Economy Class,Dubai to Zurich,November 2024,   my girlfriend and i boarded the flight ek    as planned  as my girlfriend had indigestion problems in the morning  we asked for an extra waste bag just in case  the crew then told us we need her to get checked by a doctor at the plane s entrance to make sure she can fly  but instead they offboarded us without actually doing the professional medical checkup by the doctors that they called to the plane  we had then to get a certificate that she s clear to fly  which the doctor gave right away because her condition was absolutely fine  as a result  we wasted a work day each and had to pay the hotel at dubai airport out of our pocket  i had never experienced this level of deceit  disrespect and mistreatment from any airline before  this is not the behavior i would expect from a respectable business  my girlfriend was fit to fly  as confirmed by the doctor literally    mins after we had been deplaned   i ll never fly this airline again ,3,0,-0.3737
emirates,13th November 2024,B Mendy,1,True,"✅ Trip Verified | We travelled back from Dubai to Birmingham, due to weather conditions the flight took us to Manchester airport. In Manchester they made us to wait more than 5 hours without providing proper infomration. After waiting 5 hours they asked to exit in Manchester airport. They arranged bus service and asked people to take a private taxi and submit for reimburse. We were waiting in queue for bus, but their staff came to us and asked us to take a cab and submit for reimburment as we had a 1 year old baby and it was raining. I showed them putting my destination price it is costing. They told yes it will be reimburse, you just need to submit a complaint. We raised a complaint and now they are not returing money. They are straight away declaing and they dont have proper call service or any other way to reach out to them. Now I am realizing they lied us to reduce the crowd. If something happens ever with anyone, please dont listen them else you will not get your money back. Better take a email confirmation or video recording as proof. Not sure if that even works to get the refund.",3.0,3.0,3.0,3.0,1.0,1.0,1,no,Family Leisure,Economy Class,Dubai to Birmingham,October 2024, we travelled back from dubai to birmingham  due to weather conditions the flight took us to manchester airport  in manchester they made us to wait more than   hours without providing proper infomration  after waiting   hours they asked to exit in manchester airport  they arranged bus service and asked people to take a private taxi and submit for reimburse  we were waiting in queue for bus  but their staff came to us and asked us to take a cab and submit for reimburment as we had a   year old baby and it was raining  i showed them putting my destination price it is costing  they told yes it will be reimburse  you just need to submit a complaint  we raised a complaint and now they are not returing money  they are straight away declaing and they dont have proper call service or any other way to reach out to them  now i am realizing they lied us to reduce the crowd  if something happens ever with anyone  please dont listen them else you will not get your money back  better take a email confirmation or video recording as proof  not sure if that even works to get the refund ,3,0,0.3415
emirates,13th November 2024,L Nair,6,True,"✅ Trip Verified | The boarding process quite lengthy and felt that it could have been more efficient. The crew member seems not willing to assist me even on small issues and requests. I found this to be quite disappointing, as the level of service I received did not meet my expectations. I understand that cabin crew members have many responsibilities during a flight, but I believe that it's important for them to be approachable and willing to help passengers when possible. One aspect of the flight that I particularly enjoyed was the food. I found the meal options to be varied and flavorful, and the presentation was attractive and appealing.",4.0,2.0,2.0,4.0,3.0,5.0,3,yes,Solo Leisure,Economy Class,Lahore to Dubai,November 2024, the boarding process quite lengthy and felt that it could have been more efficient  the crew member seems not willing to assist me even on small issues and requests  i found this to be quite disappointing  as the level of service i received did not meet my expectations  i understand that cabin crew members have many responsibilities during a flight  but i believe that it s important for them to be approachable and willing to help passengers when possible  one aspect of the flight that i particularly enjoyed was the food  i found the meal options to be varied and flavorful  and the presentation was attractive and appealing ,2,1,0.9359
emirates,6th November 2024,Marie Menere,1,True,"✅ Trip Verified | Very disappointing service - I found the staff very unfriendly, incompetent and rude. Apart from the air hostess dropping a carton of orange juice on me, the air steward shouted aggressively for me to ‘SIT DOWN’ while I was in the toilet queue - while some were allowed to go through. There is a massive drop in the service standard. Compared to other airline's the service on Emirates is very poor, Better options out there.",3.0,1.0,3.0,3.0,2.0,1.0,1,no,Solo Leisure,Economy Class,Lisbon to Dubai,November 2024, very disappointing service   i found the staff very unfriendly  incompetent and rude  apart from the air hostess dropping a carton of orange juice on me  the air steward shouted aggressively for me to  sit down  while i was in the toilet queue   while some were allowed to go through  there is a massive drop in the service standard  compared to other airline s the service on emirates is very poor  better options out there ,0,0,-0.9458
emirates,1st November 2024,E Waldenai,10,True,"✅ Trip Verified |   Emirates offers an entertainment system that is unmatched with an extensive selection of movies, TV shows, and music. The high-definition screens and user-friendly interface made for a very enjoyable viewing experience. The crew was attentive, professional, and genuinely friendly. The food on Emirates was excellent, exceeding my expectations.  Beverage options were abundant, with a fine selection of juices, soft drinks, wines, and other choices. One particular crew member stood out to me during this journey. Although she is relatively new to her role, her level of professionalism and service was outstanding. Her attention to detail, efficiency, and positive energy set her apart.  I look forward to flying with Emirates again, and I highly recommend this airline.",5.0,5.0,5.0,5.0,5.0,,5,yes,Solo Leisure,Economy Class,Dubai to Thiruvananthapuram,October 2024,   emirates offers an entertainment system that is unmatched with an extensive selection of movies  tv shows  and music  the high definition screens and user friendly interface made for a very enjoyable viewing experience  the crew was attentive  professional  and genuinely friendly  the food on emirates was excellent  exceeding my expectations   beverage options were abundant  with a fine selection of juices  soft drinks  wines  and other choices  one particular crew member stood out to me during this journey  although she is relatively new to her role  her level of professionalism and service was outstanding  her attention to detail  efficiency  and positive energy set her apart   i look forward to flying with emirates again  and i highly recommend this airline ,5,1,0.9806
emirates,31st October 2024,Travis Myoba,2,False,"Not Verified | Emirates Airlines is ""Mr. Has-Been"" Many factors can influence one's satisfaction with an airline, e.g. cabin staff service, seat comfort, food, inflight entertainment, etc. But for me there's one primary factor that determines my satisfaction - on-time arrival. If the flight is 3 or 5 hour late, no food service and no inflight entertainment system would make up for it. When I fly somewhere, I have people waiting for me on the other side, or I have meetings to attend. And when the airline fails to arrive on time, as is nowadays usually the case with Emirates, no smile with ""I'm sorry"" from the air hostess makes up for it. Over the past few years, Emirates has had an amazing record of disappointing me in the punctuality aspect. Once a great airline, Emirates has been in decline over the past ten (or so) years. This, I suspect, started when they entered into an alliance with Qantas in 2013. Instead of helping the declining and money-losing Aussie carrier, Emirates Airlines has been contaminated by Qantas' monopoly attitude and public service mentality. As I am not seeing any prospects of improvement at Emirates, I will now have to change carriers. My advice to other passengers is: if inflight entertainment is your top priority - fly Emirates. If you want to arrive on time - don't.",3.0,3.0,2.0,4.0,2.0,,1,no,Solo Leisure,Economy Class,Vienna to Manila via Dubai,October 2024,not verified   emirates airlines is  mr  has been  many factors can influence one s satisfaction with an airline  e g  cabin staff service  seat comfort  food  inflight entertainment  etc  but for me there s one primary factor that determines my satisfaction   on time arrival  if the flight is   or   hour late  no food service and no inflight entertainment system would make up for it  when i fly somewhere  i have people waiting for me on the other side  or i have meetings to attend  and when the airline fails to arrive on time  as is nowadays usually the case with emirates  no smile with  i m sorry  from the air hostess makes up for it  over the past few years  emirates has had an amazing record of disappointing me in the punctuality aspect  once a great airline  emirates has been in decline over the past ten  or so  years  this  i suspect  started when they entered into an alliance with qantas in       instead of helping the declining and money losing aussie carrier  emirates airlines has been contaminated by qantas  monopoly attitude and public service mentality  as i am not seeing any prospects of improvement at emirates  i will now have to change carriers  my advice to other passengers is  if inflight entertainment is your top priority   fly emirates  if you want to arrive on time   don t ,5,0,0.8626
emirates,23rd October 2024,Justin Curtis,5,False,"Not Verified | This past week we flew from JFK to Tanzania by way of Dubai. The first leg of the trip we upgraded to premium economy, which was great. On the way home, we flew economy. We had requested gluten free food and were provided it on the way to Tanzania, but only 1/2 of us received it on the way home. At Dubai during our 5 hour layover, we attempted to speak to customer service, but the agent on site was not helpful. In fact, airline security was at the help desk and seemingly tried to prevent us from even speaking with the agent regarding upgrading and the issue with our food. After speaking with the help desk, we were advised we likely would not be receiving gluten free food on the 14 hour flight back to JFK despite the multi hour layover. Additionally, we were advised no additional premium economy seats were available for upgrade. While boarding, multiple other guests upgraded at the gate before us, so there were additional upgrades available, or at least so it seemed. We were not happy with our experience with this airline.",2.0,4.0,2.0,4.0,2.0,2.0,3,no,Couple Leisure,Economy Class,New York to Dar es Salaam via Dubai,October 2024,not verified   this past week we flew from jfk to tanzania by way of dubai  the first leg of the trip we upgraded to premium economy  which was great  on the way home  we flew economy  we had requested gluten free food and were provided it on the way to tanzania  but only     of us received it on the way home  at dubai during our   hour layover  we attempted to speak to customer service  but the agent on site was not helpful  in fact  airline security was at the help desk and seemingly tried to prevent us from even speaking with the agent regarding upgrading and the issue with our food  after speaking with the help desk  we were advised we likely would not be receiving gluten free food on the    hour flight back to jfk despite the multi hour layover  additionally  we were advised no additional premium economy seats were available for upgrade  while boarding  multiple other guests upgraded at the gate before us  so there were additional upgrades available  or at least so it seemed  we were not happy with our experience with this airline ,1,0,0.8659
emirates,23rd October 2024,D Hayes,3,True,"✅ Trip Verified |   The service of cabin crew is extremely hit and miss, with some staff being fantastic and others barely making an effort to serve food and snacks to passengers - we had family sitting on one side of the cabin offered way more choices than family sitting on the other side of the cabin, sometimes having to flag down cabin crew just to be served. Also, Emirates has no clue how to organise passenger seating, with our underaged child separated from the rest of the family and placed in an aisle seat several rows away from us purely because another passenger had paid to have an aisle seat, and ground staff said they couldn't change the other passenger to the aisle seat our child was assigned. We had to depend on the kindness of the other passenger, who when told the situation by us, agreed to the swap as it was essentially for the same seat she had paid for. And we were not the only family this happened to, multiple families were separated from underage children. Finally, Emirates damaged one of our suitcases beyond repair or use, and it has taken them 9 months to process compensation. The compensation they have offered is ridiculous - $100 for a suitcase that cost $400 to purchase because product costs ""depreciate"". We are really unhappy with Emirates and will not be flying with them ever again.",2.0,3.0,3.0,4.0,2.0,,3,no,Family Leisure,Economy Class,London to Melbourne via Dubai,January 2024,   the service of cabin crew is extremely hit and miss  with some staff being fantastic and others barely making an effort to serve food and snacks to passengers   we had family sitting on one side of the cabin offered way more choices than family sitting on the other side of the cabin  sometimes having to flag down cabin crew just to be served  also  emirates has no clue how to organise passenger seating  with our underaged child separated from the rest of the family and placed in an aisle seat several rows away from us purely because another passenger had paid to have an aisle seat  and ground staff said they couldn t change the other passenger to the aisle seat our child was assigned  we had to depend on the kindness of the other passenger  who when told the situation by us  agreed to the swap as it was essentially for the same seat she had paid for  and we were not the only family this happened to  multiple families were separated from underage children  finally  emirates damaged one of our suitcases beyond repair or use  and it has taken them   months to process compensation  the compensation they have offered is ridiculous        for a suitcase that cost      to purchase because product costs  depreciate   we are really unhappy with emirates and will not be flying with them ever again ,5,0,-0.4323
emirates,22nd October 2024,Ranjit Mander,2,False,"Not Verified | WIFI enabled but just didn't work. Awful experience both ways LHR to Dubai on their A380. Rung up customer services 2 days before departure to get an idea of how full the flight was and was informed it was only 50% full. Called again a few hours before departure and again told the same. Got on the flight and it was full! I mean why would they need to lie? Then WIFI was not working so couldn't even use that. A new A380 plane and WIFI not working?  To top it off the plane was over an hour late departing. Then on return again plane late and again WIFI not working - but took my money as I paid for the full WIFI. And the flight again delayed! Been checking historical flights and for some reason all the Emirates flights to and from London over the last week or so have all been delayed for over an hour. Be careful, they encourage you to become a Sky Rewards Member and you can benefit from free WIFI! Why when it doesn't even work? And the complimentary WIFI is only for messaging, not for general Internet which is $16 for the full flight Dubai to London. Rubbish airline and missed 2 full days of work because of no WIFI. As someone who frequently travels on business I need to find an airline that I can do work on and has reliable WIFI long haul - Emirates is useless and doesn't work at all. Won't be using Emirates again. The air stewardess was awesome, very apologetic - I mean it's not her fault but she handled it very well.",4.0,5.0,5.0,5.0,1.0,1.0,2,no,Business,Economy Class,Dubai to London,October 2024,not verified   wifi enabled but just didn t work  awful experience both ways lhr to dubai on their a     rung up customer services   days before departure to get an idea of how full the flight was and was informed it was only     full  called again a few hours before departure and again told the same  got on the flight and it was full  i mean why would they need to lie  then wifi was not working so couldn t even use that  a new a    plane and wifi not working   to top it off the plane was over an hour late departing  then on return again plane late and again wifi not working   but took my money as i paid for the full wifi  and the flight again delayed  been checking historical flights and for some reason all the emirates flights to and from london over the last week or so have all been delayed for over an hour  be careful  they encourage you to become a sky rewards member and you can benefit from free wifi  why when it doesn t even work  and the complimentary wifi is only for messaging  not for general internet which is     for the full flight dubai to london  rubbish airline and missed   full days of work because of no wifi  as someone who frequently travels on business i need to find an airline that i can do work on and has reliable wifi long haul   emirates is useless and doesn t work at all  won t be using emirates again  the air stewardess was awesome  very apologetic   i mean it s not her fault but she handled it very well ,3,0,0.9802
emirates,22nd October 2024,Sanjeev Pinjala,1,True,"✅ Trip Verified |   I flew with Emirates from Hyderabad to Washington Dulles via Dubai. I didn't have a great time, legroom wasn't great, and my recliner wasn't functioning. Hyderabad was a pain as there was a crowd at the Emirates gate. I can see that this airline is declining year over year. It is time to move onto another airline.",1.0,1.0,1.0,1.0,2.0,1.0,1,no,Family Leisure,Economy Class,Hyderabad to Dulles via Dubai,February 2024,   i flew with emirates from hyderabad to washington dulles via dubai  i didn t have a great time  legroom wasn t great  and my recliner wasn t functioning  hyderabad was a pain as there was a crowd at the emirates gate  i can see that this airline is declining year over year  it is time to move onto another airline ,3,0,-0.8717
emirates,27th September 2024,Chris Campbell,9,False,"Not Verified | My parents and I travelled to Lisbon via Dubai on the A380 and 777-300ER and service was very good, food was tasty and economy on the A380 and 777-300er and 777-200er was pretty good. And we travelled home from Barcelona via Dubai to Perth on 777-200LR and A380 and service was the same. My overall experience with Emirates being my first time was great and I would recommend them for overseas travel. This was my first time travelling on the amazing A380 and it was great to fly on.",5.0,4.0,5.0,5.0,5.0,,5,yes,Family Leisure,Economy Class,Perth to Lisbon via Dubai,September 2024,not verified   my parents and i travelled to lisbon via dubai on the a    and        er and service was very good  food was tasty and economy on the a    and        er and        er was pretty good  and we travelled home from barcelona via dubai to perth on        lr and a    and service was the same  my overall experience with emirates being my first time was great and i would recommend them for overseas travel  this was my first time travelling on the amazing a    and it was great to fly on ,1,1,0.9744
emirates,25th September 2024,S Baines,4,True,"✅ Trip Verified |   I've done 4 very long distance flights with Emirates and I have to say I'm the most disappointed with the cabin staff service. Many of them appeared really moody or even mean on all 4 flights. They always seemed annoyed and unimpressed when requesting their service for anything. I assume they're just taught to be lovely to business and first class customers and economy doesn't matter? It's just so odd. Are they extremely stressed or something? Even the cheapest airline staff has been much nicer to me every single time. I really wouldn't call myself a difficult customer - one time I asked if the staff could turn down the fan a few rows down mine because I couldn't reach and the air was making me freezing cold to which the cabin crew replied ""Okay but I can't reach it so I have to ask the people in that row, next time just ask them yourself"". What's that about? Then they also forgot to take my partners food tray and when they were coming around I told them about it and was met with ""Oh... okay"". Not a sorry or anything at all. I thought they would be trained to provide an overall better experience and interaction. Also I haven't pressed the button for staff service many times, but out of the times I have, they responded in only about 30% of the cases. Overall I'm absolutely disappointed with the cabin crew. Otherwise, the food was quite nice, the Internet was unreachable most of the time, plane relatively clean.",3.0,1.0,4.0,4.0,3.0,1.0,3,no,Couple Leisure,Economy Class,Newcastle to Tokyo via Dubai,September 2024,   i ve done   very long distance flights with emirates and i have to say i m the most disappointed with the cabin staff service  many of them appeared really moody or even mean on all   flights  they always seemed annoyed and unimpressed when requesting their service for anything  i assume they re just taught to be lovely to business and first class customers and economy doesn t matter  it s just so odd  are they extremely stressed or something  even the cheapest airline staff has been much nicer to me every single time  i really wouldn t call myself a difficult customer   one time i asked if the staff could turn down the fan a few rows down mine because i couldn t reach and the air was making me freezing cold to which the cabin crew replied  okay but i can t reach it so i have to ask the people in that row  next time just ask them yourself   what s that about  then they also forgot to take my partners food tray and when they were coming around i told them about it and was met with  oh    okay   not a sorry or anything at all  i thought they would be trained to provide an overall better experience and interaction  also i haven t pressed the button for staff service many times  but out of the times i have  they responded in only about     of the cases  overall i m absolutely disappointed with the cabin crew  otherwise  the food was quite nice  the internet was unreachable most of the time  plane relatively clean ,2,0,0.723
emirates,25th September 2024,Sanjeev Pinjala,1,False,"Not Verified |  I had a horrible experience with Emirates as they mistreated me aboard all 4 flights. I was yelled by a flight attendant on my first flight just for waiting to use the restroom. I also had a bad time in Dubai during a layover. It was so cold inside the cabin, I never felt that cold in a plane before. I see that Emirates is declining in their service. It is time to move onto another airline.",1.0,1.0,1.0,1.0,2.0,1.0,1,no,Family Leisure,Economy Class,Washington Dulles to Hyderabad via Dubai,February 2024,not verified    i had a horrible experience with emirates as they mistreated me aboard all   flights  i was yelled by a flight attendant on my first flight just for waiting to use the restroom  i also had a bad time in dubai during a layover  it was so cold inside the cabin  i never felt that cold in a plane before  i see that emirates is declining in their service  it is time to move onto another airline ,5,0,-0.7845
emirates,22nd September 2024,Wayne Good,10,False,"Not Verified |   Business Class from Barcelona (using miles) to Dubai and Premium Economy to Auckland. Lounge in Barcelona busy, however a good selection of food and beverages, and most importantly a good shower. Business class very comfortable, good food and attentive service. I do like the bar area. A nice place to stretch one’s legs. 4 hour layover in Dubai, spent in lounge in Terminal c then Terminal b, which is the better lounge. Premium Economy to Auckland. Wonderful service, from a charming young lady on my aisle. I like that my status with Emirates is always acknowledged by the crew. A nice touch. Good food, and I found plenty to watch on the entertainment. Delayed by 1 hour in Dubai, so arrived an hour late into Auckland. Emirates is my airline of choice.",5.0,5.0,5.0,5.0,4.0,,5,yes,Solo Leisure,Business Class,Barcelona to Auckland via Dubai,September 2024,not verified     business class from barcelona  using miles  to dubai and premium economy to auckland  lounge in barcelona busy  however a good selection of food and beverages  and most importantly a good shower  business class very comfortable  good food and attentive service  i do like the bar area  a nice place to stretch one s legs    hour layover in dubai  spent in lounge in terminal c then terminal b  which is the better lounge  premium economy to auckland  wonderful service  from a charming young lady on my aisle  i like that my status with emirates is always acknowledged by the crew  a nice touch  good food  and i found plenty to watch on the entertainment  delayed by   hour in dubai  so arrived an hour late into auckland  emirates is my airline of choice ,1,1,0.99
emirates,11th September 2024,S Meade,1,True,"✅ Trip Verified |   Mistreat unaccompanied minor passengers. Travellers can only obtain VISAS through only one visa provider. We followed correct process for visa application and at the airport confirmed with departures that visa was valid. The unaccompanied child was permitted to board the Emirates flight, I still paid $100 additional for unaccompanied minor service. The entire time I checked with all stakeholders could this child travel unaccompanied to Dubai on her own. Every single time I was told yes. Emirates sold me the ticket, Emirates sold me the unaccompanied minor package but now are not accepting responsibility! Upon arrival in Dubai the minor was aggressively treated by immigration, detained for 24 hours and deported back home. The child was not permitted to cross the border to visit her grandmother residing in Dubai. Now the airline claims that the grandmother could have applied for a different visa at the Dubai airport. So they won't allow the child to leave with the grandmother but they will allow the grandmother to apply for another visa? Flawed policy. That is all these greedy airlines care about. The child was detained and while her physical needs were taken care of, she has been left psychologically traumatized. Received few meal vouchers while detained.",,,,,1.0,,1,no,Solo Leisure,Economy Class,Johannesburg to Dubai,August 2024,   mistreat unaccompanied minor passengers  travellers can only obtain visas through only one visa provider  we followed correct process for visa application and at the airport confirmed with departures that visa was valid  the unaccompanied child was permitted to board the emirates flight  i still paid      additional for unaccompanied minor service  the entire time i checked with all stakeholders could this child travel unaccompanied to dubai on her own  every single time i was told yes  emirates sold me the ticket  emirates sold me the unaccompanied minor package but now are not accepting responsibility  upon arrival in dubai the minor was aggressively treated by immigration  detained for    hours and deported back home  the child was not permitted to cross the border to visit her grandmother residing in dubai  now the airline claims that the grandmother could have applied for a different visa at the dubai airport  so they won t allow the child to leave with the grandmother but they will allow the grandmother to apply for another visa  flawed policy  that is all these greedy airlines care about  the child was detained and while her physical needs were taken care of  she has been left psychologically traumatized  received few meal vouchers while detained ,5,0,-0.9532
emirates,6th September 2024,Ted Thacker,3,True,"✅ Trip Verified |   I got off my flight and immediately realised i had left behind my wireless headphones. I tried to go back but was denied. I went straight to Emirates lost and found hoing to get some service as a premium customer. Instead i got send us an email. I held my ground and was fobbed off by being assured plane would be cleaned within four hours and they would send them on to me in Singapore my next stop. Guess what not found even though i gave them my exact seat and they could not care less. This is now a number of poor Emirates customer service experiences for me, so never again will I fly Emirates unless i have no other options.",4.0,4.0,3.0,4.0,1.0,,3,no,Business,Business Class,Stansted to Dubai,September 2024,   i got off my flight and immediately realised i had left behind my wireless headphones  i tried to go back but was denied  i went straight to emirates lost and found hoing to get some service as a premium customer  instead i got send us an email  i held my ground and was fobbed off by being assured plane would be cleaned within four hours and they would send them on to me in singapore my next stop  guess what not found even though i gave them my exact seat and they could not care less  this is now a number of poor emirates customer service experiences for me  so never again will i fly emirates unless i have no other options ,4,0,-0.9318
emirates,5th September 2024,Dinesh Navaratne,10,True,✅ Trip Verified |   This was my first time with the airline. Emirates food was amazing! The staff was very professional and helpful. I would fly again with them—I have no regrets about the money we spent.,5.0,5.0,5.0,5.0,5.0,,5,yes,Family Leisure,Economy Class,Toronto to Colombo via Dubai,August 2024,   this was my first time with the airline  emirates food was amazing  the staff was very professional and helpful  i would fly again with them i have no regrets about the money we spent ,3,1,0.8506
emirates,2nd September 2024,Wayne Good,9,False,"Not Verified | Travel does not get any better than Emirates A380, especially on a 17 hour flight. Premium Economy Auckland to Dubai. Really comfortable seat, good food and service. Had a good solid 8 1/2 hours sleep. Although the IFE is vast, I find the choice for me is limited. I’m just being picky I guess. The Business lounge in Terminal C is woeful. I will do a separate review. Dubai to Barcelona I used points to upgrade to Business. Fabulous. Very comfortable seat, charming service and good food. I love the bar area. I fly to Europe 2 to 3 times a year and always use Emirates. They slightly more expensive, but worth it.",5.0,5.0,5.0,4.0,5.0,2.0,5,yes,Solo Leisure,Premium Economy,Auckland to Barcelona via Dubai,August 2024,not verified   travel does not get any better than emirates a     especially on a    hour flight  premium economy auckland to dubai  really comfortable seat  good food and service  had a good solid       hours sleep  although the ife is vast  i find the choice for me is limited  i m just being picky i guess  the business lounge in terminal c is woeful  i will do a separate review  dubai to barcelona i used points to upgrade to business  fabulous  very comfortable seat  charming service and good food  i love the bar area  i fly to europe   to   times a year and always use emirates  they slightly more expensive  but worth it ,1,1,0.9306
emirates,28th August 2024,Suhail Kazim,7,True,"✅ Trip Verified |   The flight was choc a bloc full in every class. The cabin manager Mohamed was very efficient but the lady serving my section was definitely not in her right mood. Meals were very disappointing, to say the least. Service from Mpohamed was exceptional!",1.0,3.0,3.0,2.0,1.0,2.0,2,no,Family Leisure,Business Class,Dubai to Bangkok,August 2024,   the flight was choc a bloc full in every class  the cabin manager mohamed was very efficient but the lady serving my section was definitely not in her right mood  meals were very disappointing  to say the least  service from mpohamed was exceptional ,5,0,-0.1116
emirates,27th August 2024,Suhail Kazim,5,True,"✅ Trip Verified | The check-in staff was terribly slow and repetitive in her questions. We spent over an hour completing it. The Emirates lounge was very good and in fact that was the only proper meal we had. The male staff at the reception was very very helpful. In flight, it was an AWFUL experience. The staff could not cope with the full flight and dinner was served 2.5 hours after take off. Food was appalling!! Emirates catering leaves a lot to desire.",1.0,3.0,4.0,,2.0,,3,no,Family Leisure,Business Class,Singapore to Dubai,August 2024, the check in staff was terribly slow and repetitive in her questions  we spent over an hour completing it  the emirates lounge was very good and in fact that was the only proper meal we had  the male staff at the reception was very very helpful  in flight  it was an awful experience  the staff could not cope with the full flight and dinner was served     hours after take off  food was appalling   emirates catering leaves a lot to desire ,1,0,-0.4858
emirates,22nd August 2024,Mehdi Benali,2,False,"Not Verified | Emirates used to be good. Their standards have clearly dropped while their prices have increased. I have been flying with them for 10 years and never did I get upgraded! I did not mind flying economy but now, the food is really bad, customer service is terrible. Not the best company out there anymore.",2.0,1.0,2.0,4.0,3.0,1.0,1,no,Business,Economy Class,Barcelona to Dubai,July 2024,not verified   emirates used to be good  their standards have clearly dropped while their prices have increased  i have been flying with them for    years and never did i get upgraded  i did not mind flying economy but now  the food is really bad  customer service is terrible  not the best company out there anymore ,4,0,-0.9158
emirates,20th August 2024,Z Khizer,7,True,"✅ Trip Verified |   Boarding was a mess, I blame Lisbon Airport for such a disastrous management. Plane was clean though seats were showing the age (old faded fabric). Took-off on time. IFE was ok nothing too impressive the way they advertise it. Emirates meal portion and quality is the best. I had the best beef lasagna. Dessert, bread, etc were also excellent. Generous with the drinks. Snack was served before landing, just a simple cheese sandwich. The crew on board wasn't too interactive. Only saw them during the meal services and that's about it.",3.0,2.0,4.0,2.0,5.0,,4,yes,Solo Leisure,Economy Class,Lisbon to Dubai,August 2024,   boarding was a mess  i blame lisbon airport for such a disastrous management  plane was clean though seats were showing the age  old faded fabric   took off on time  ife was ok nothing too impressive the way they advertise it  emirates meal portion and quality is the best  i had the best beef lasagna  dessert  bread  etc were also excellent  generous with the drinks  snack was served before landing  just a simple cheese sandwich  the crew on board wasn t too interactive  only saw them during the meal services and that s about it ,2,1,0.8689
emirates,19th August 2024,V Eni,6,True,"✅ Trip Verified |   Emirates did not live up to its reputation. On two of the four legs they ran out of food options. The meals were only served 2-3 hours into the flight. The worst happened on the last leg between DXB and JHB. We were seated between 4 drunk passengers (2 unrelated to the other 2) who’s behavior was shocking and filthy to say the least. The staff didn’t really handle the situation well and it seemed like they rather chose not to have any confrontation. Quite frankly, we were surprised those passengers were even allowed to board since they were already clearly drunk at the airport. In fact, 2 of them seemed to be somewhat drugged as well. The other two drunk passengers made the flight really uncomfortable for those around them, even indecently exposing themselves. We were just grateful that they did not become aggressive, posing a risk to smooth flight operations. The cabin supervisor’s judgement was poor and the cabin crew did nothing to rectify the situation, even after being alerted to the problem. In fact, they served 2 of them more alcohol which was absolutely the wrong thing to do. We have to say that we have never experienced such poor service and unprofessionalism before.  Emirates need to up their game. At the moment, Qatar Airways definitely have the upper hand.",3.0,1.0,1.0,4.0,2.0,1.0,2,no,Couple Leisure,Economy Class,Frankfurt to Johannesburg via Dubai,August 2024,   emirates did not live up to its reputation  on two of the four legs they ran out of food options  the meals were only served     hours into the flight  the worst happened on the last leg between dxb and jhb  we were seated between   drunk passengers    unrelated to the other    who s behavior was shocking and filthy to say the least  the staff didn t really handle the situation well and it seemed like they rather chose not to have any confrontation  quite frankly  we were surprised those passengers were even allowed to board since they were already clearly drunk at the airport  in fact    of them seemed to be somewhat drugged as well  the other two drunk passengers made the flight really uncomfortable for those around them  even indecently exposing themselves  we were just grateful that they did not become aggressive  posing a risk to smooth flight operations  the cabin supervisor s judgement was poor and the cabin crew did nothing to rectify the situation  even after being alerted to the problem  in fact  they served   of them more alcohol which was absolutely the wrong thing to do  we have to say that we have never experienced such poor service and unprofessionalism before   emirates need to up their game  at the moment  qatar airways definitely have the upper hand ,2,0,-0.8637
emirates,12th August 2024,Loay Osman,10,True,"✅ Trip Verified |   I flew a return trip DXB-LIS-DXB I used my miles to upgrade to business class on the outbound journey which was a very nice experience a morning flight with flat bed seat lovely crew and amazing service . On the return they surprised me on boarding with an upgrade to business class. Even though it was the middle seat, it didn’t bother me. They provided bulgari amenities kit and mattress and cover. After a delicious meal I had a 5 hrs sleep as it was an over night flight.",5.0,5.0,5.0,5.0,5.0,5.0,5,yes,Solo Leisure,Business Class,Dubai to Lisbon,August 2024,   i flew a return trip dxb lis dxb i used my miles to upgrade to business class on the outbound journey which was a very nice experience a morning flight with flat bed seat lovely crew and amazing service   on the return they surprised me on boarding with an upgrade to business class  even though it was the middle seat  it didn t bother me  they provided bulgari amenities kit and mattress and cover  after a delicious meal i had a   hrs sleep as it was an over night flight ,0,1,0.9312
emirates,11th August 2024,Vishesh Tyagi,4,True,"✅ Trip Verified |   We were 2 people travelling together and on the Dubai-Boston sector, the armrests on the seats allotted just wouldn’t stay up. We highlighted it to the crew before takeoff and they sent a technician to check. The technician came, saw it from a distance and went back saying he’ll send someone else. The flight took off, no one came. Highlighted to the crew again - they said, “Our technician came but you refused to get up from your seat and let him check. And we can’t help you now”.  It was a 14 hour horrendous experience and deficiency in service, coupled with a lie and blaming it on us. It was physically painful with the armrest pushing on the shoulder for 14 hours and a mental agony at such service and behaviour by the crew.",1.0,1.0,3.0,3.0,3.0,2.0,2,no,Couple Leisure,Economy Class,Delhi to Boston via Dubai,August 2024,   we were   people travelling together and on the dubai boston sector  the armrests on the seats allotted just wouldn t stay up  we highlighted it to the crew before takeoff and they sent a technician to check  the technician came  saw it from a distance and went back saying he ll send someone else  the flight took off  no one came  highlighted to the crew again   they said   our technician came but you refused to get up from your seat and let him check  and we can t help you now    it was a    hour horrendous experience and deficiency in service  coupled with a lie and blaming it on us  it was physically painful with the armrest pushing on the shoulder for    hours and a mental agony at such service and behaviour by the crew ,2,0,-0.9578
emirates,29th July 2024,Rolf Welgraven,5,False,"Not Verified |   First time flying Emirates, was expecting a lot because this airline has a good name. Unfortunately the facts are different. Attendants on 3 of the 4 legs a have flown with them look as they are very tired. Making eye contact, heads are turned away, being in the aisle for a short moment, I was literally pushed aside by a staff member walking up and down the aisle. Meal time was too short, 1 time I got my breakfast 30 minutes before landing, 5 minutes later they tried to collect my meal again. The meals itself were overall good and the food was enjoyable. Ground services in Amsterdam and Dubai were accurate and friendly. Overall I booked my next vacation in December and avoided this airline. The feeling I got from Emirates was that I am not welcome and passengers are a burden.",2.0,1.0,4.0,2.0,3.0,3.0,2,no,Solo Leisure,Economy Class,Amsterdam to Phuket via Dubai,June 2024,not verified     first time flying emirates  was expecting a lot because this airline has a good name  unfortunately the facts are different  attendants on   of the   legs a have flown with them look as they are very tired  making eye contact  heads are turned away  being in the aisle for a short moment  i was literally pushed aside by a staff member walking up and down the aisle  meal time was too short    time i got my breakfast    minutes before landing    minutes later they tried to collect my meal again  the meals itself were overall good and the food was enjoyable  ground services in amsterdam and dubai were accurate and friendly  overall i booked my next vacation in december and avoided this airline  the feeling i got from emirates was that i am not welcome and passengers are a burden ,1,0,0.007
emirates,18th July 2024,T Balmon,1,True,"✅ Trip Verified |  Ground Staff and Service Failures on Flight EK 354. My carefully planned return trip from UK, with EMIRATES turned into a nightmare due to issues caused by their Dubai ground staff.  Upon checking in Manchester, I was issued a boarding pass for the MAN-DXB and DXB-SIN legs of my journey, with seats allocated according to my pre booking. However, upon reaching Dubai and during check-in, the counter staff took my boarding pass and issued a new one. Initially, I presumed new boarding pass was due to a soiled document and did not notice the seat change as there is no change in flight. To my disappointment, the new seat I was assigned turned out to be directly in front of the toilet onboard. I also sought assistance from cabin crew and online chat services before take-off, but unfortunately, no one helped me. I had specifically opted for an Economy Flex Plus ticket, solely to secure a seat reservation that would allow for a more comfortable journey. The proximity to the restroom doors, with their associated noise, significantly hindered my ability to rest or enjoy the flight services as intended. Furthermore, crew members accessing the overhead luggage bins above my seat at regular intervals further disrupted any chance of relaxation. Additionally, during the meal service, crew members did not lock the lavatory door, causing passengers to enter and exit while I was eating. This forced me to stop my meal. At the end of the journey, the crew sarcastically asked me about my flight experience, despite being well aware of the difficulties I had faced. Emirates' service in 2024 should be considered among the worst. Until today I have not received any reply on my compliant placed with Emirates and their customer service reminded me that it requires 60 days to send a reply. I must tell that compare to past, Emirates service quality are highly deteriorated and no one care of it there.",1.0,1.0,2.0,,1.0,,1,no,Business,Economy Class,Manchester to Singapore via Dubai,July 2024,  ground staff and service failures on flight ek      my carefully planned return trip from uk  with emirates turned into a nightmare due to issues caused by their dubai ground staff   upon checking in manchester  i was issued a boarding pass for the man dxb and dxb sin legs of my journey  with seats allocated according to my pre booking  however  upon reaching dubai and during check in  the counter staff took my boarding pass and issued a new one  initially  i presumed new boarding pass was due to a soiled document and did not notice the seat change as there is no change in flight  to my disappointment  the new seat i was assigned turned out to be directly in front of the toilet onboard  i also sought assistance from cabin crew and online chat services before take off  but unfortunately  no one helped me  i had specifically opted for an economy flex plus ticket  solely to secure a seat reservation that would allow for a more comfortable journey  the proximity to the restroom doors  with their associated noise  significantly hindered my ability to rest or enjoy the flight services as intended  furthermore  crew members accessing the overhead luggage bins above my seat at regular intervals further disrupted any chance of relaxation  additionally  during the meal service  crew members did not lock the lavatory door  causing passengers to enter and exit while i was eating  this forced me to stop my meal  at the end of the journey  the crew sarcastically asked me about my flight experience  despite being well aware of the difficulties i had faced  emirates  service in      should be considered among the worst  until today i have not received any reply on my compliant placed with emirates and their customer service reminded me that it requires    days to send a reply  i must tell that compare to past  emirates service quality are highly deteriorated and no one care of it there ,2,0,-0.8961
emirates,13th July 2024,Pak yin Leung,10,False,"Not Verified |  The staff are friendly and the seat is comfortable. The air ticket is cheap. There's TV and wifi, there are also a gift for kids too. The services are very great. There are many delicious foods to eat too.",5.0,5.0,5.0,5.0,5.0,4.0,5,yes,Family Leisure,Economy Class,Bangkok to Hong Kong,August 2023,not verified    the staff are friendly and the seat is comfortable  the air ticket is cheap  there s tv and wifi  there are also a gift for kids too  the services are very great  there are many delicious foods to eat too ,2,1,0.9552
emirates,12th July 2024,Manik Joshi,2,False,Not Verified |   I had a flight in April from Mumbai to Dubai to London. Due to the rains / flood in Dubai flights were getting canceled but Emirates never bothered to inform the passengers. I had to spend 6k (back and forth) on Uber coming from Pune to Mumbai to catch the flight. After I got to the gate they told me the flight was canceled. I was so furious. I asked them why I never got any text or email update and they blamed it on the passengers. So I asked her to verify my phone number. When I got to the airport I checked on the app about the flight details and till that time it showed on time. They never even bothered to change that. Now that I am asking for my refund they are not taking responsibility and returning my money.,,,,,2.0,,1,no,Family Leisure,Economy Class,Mumbai to London via Dubai,May 2024,not verified     i had a flight in april from mumbai to dubai to london  due to the rains   flood in dubai flights were getting canceled but emirates never bothered to inform the passengers  i had to spend  k  back and forth  on uber coming from pune to mumbai to catch the flight  after i got to the gate they told me the flight was canceled  i was so furious  i asked them why i never got any text or email update and they blamed it on the passengers  so i asked her to verify my phone number  when i got to the airport i checked on the app about the flight details and till that time it showed on time  they never even bothered to change that  now that i am asking for my refund they are not taking responsibility and returning my money ,3,0,-0.8139
emirates,8th July 2024,R Vines,8,True,"✅ Trip Verified |  It was my first time flying premium economy on Emirates, and I'd happily do it again. The seats were wide, with plenty of legroom, and the food was quite good. Service was also fine. Shame they serve Prosecco and there is very limited choice on wines, but let's skip right past that. Obviously, I'd much rather fly business or first on Emirates, but this was better than the old business class on BA and worth paying to avoid economy.",4.0,4.0,4.0,4.0,4.0,,4,yes,Solo Leisure,Premium Economy,London to Dubai,July 2024,  it was my first time flying premium economy on emirates  and i d happily do it again  the seats were wide  with plenty of legroom  and the food was quite good  service was also fine  shame they serve prosecco and there is very limited choice on wines  but let s skip right past that  obviously  i d much rather fly business or first on emirates  but this was better than the old business class on ba and worth paying to avoid economy ,1,1,0.6757
emirates,5th July 2024,D Mahrin,2,True,"✅ Trip Verified |  The services on the mentioned sector was pathetic. Dirty Toilets, tissue all around the floor. The meal asked for at the time of booking and paying at least 25% more than other airlines, was not provided. A simple service for lukewarm water was not provided. In flight movies were nothing new or trendy. Overall a very poor performance.",3.0,1.0,1.0,1.0,3.0,,1,no,Couple Leisure,Economy Class,Dubai to Toronto,June 2024,  the services on the mentioned sector was pathetic  dirty toilets  tissue all around the floor  the meal asked for at the time of booking and paying at least     more than other airlines  was not provided  a simple service for lukewarm water was not provided  in flight movies were nothing new or trendy  overall a very poor performance ,2,0,-0.8748
emirates,4th July 2024,H Madasan,3,True,"✅ Trip Verified |  I have always been flying in Emirates because of their good services but this time we had a very bad experience! The cabin crews were terrible to say the least especially from Dhaka to Dubai. We asked for a Bassinet for the baby a few times but didn't get one. The baby fell asleep and I was holding for about half an hour watering a bassinet still did not get one then I had to speak to one of the cabin crews with a firm tone to get one! They didn't even offer lunch to one of my daughters. When asked, the lady said oh do you want lunch? What do you mean? She is 11 years old and needs food to eat on board, doesn't she? They also didn't give us any baby food either. My boy was hungry and crying. The lady next to me with infants had to share one of her babies food with my boy. When I fed that food to my son, one cabin crew came with some baby food which we didn't ask for saying we ran out of what you asked for. Just terrible! We also noticed in general the cabin crews were unprofessional, careless and ignoring the passengers' requests. It was a terrible experience this time. Hope Emirates read these reviews and take serious actions to improve their services.",3.0,1.0,1.0,1.0,2.0,1.0,3,no,Family Leisure,Economy Class,Dhaka to Birmingham via Dubai,July 2024,  i have always been flying in emirates because of their good services but this time we had a very bad experience  the cabin crews were terrible to say the least especially from dhaka to dubai  we asked for a bassinet for the baby a few times but didn t get one  the baby fell asleep and i was holding for about half an hour watering a bassinet still did not get one then i had to speak to one of the cabin crews with a firm tone to get one  they didn t even offer lunch to one of my daughters  when asked  the lady said oh do you want lunch  what do you mean  she is    years old and needs food to eat on board  doesn t she  they also didn t give us any baby food either  my boy was hungry and crying  the lady next to me with infants had to share one of her babies food with my boy  when i fed that food to my son  one cabin crew came with some baby food which we didn t ask for saying we ran out of what you asked for  just terrible  we also noticed in general the cabin crews were unprofessional  careless and ignoring the passengers  requests  it was a terrible experience this time  hope emirates read these reviews and take serious actions to improve their services ,5,0,-0.9776
emirates,27th June 2024,Patricia Achami,1,False,"Not Verified |   I am writing this review to express my profound disappointment and frustration with the service provided by various departments, particularly customer support, following the cancellation of my flight from Vienna to Male last April due to the recent floods in Dubai. While I understand the circumstances surrounding the flight cancellation, the issue lies with the abysmal customer support I have encountered since then. Upon requesting a certificate for insurance purposes, I was informed that I would need to wait 30 days for processing, which I accepted as part of the procedures. However, upon receiving the certificate after the specified period, it was found to be incorrect for both myself and my travel companion. Subsequent attempts to rectify this error have been met with further delays and inefficiencies. Despite being advised to fill out another form for follow-up, it has now been two months since my initial request, and I am still awaiting the correct certificates. The lack of assistance and communication from customer support has been appalling, with promises to escalate the issue to the relevant department unfulfilled and no resolution in sight. As a loyal customer of Emirates, I am deeply dismayed by the subpar level of customer support and service provided in this instance. The unresolved issue with the certificates has also led to a delay in processing my insurance claim, further exacerbating the situation. It is truly disheartening to experience such incompetence and negligence. The disparity between the exceptional flight services and the inadequate customer support is not only disappointing but also unacceptable.",,,,,1.0,,1,no,Couple Leisure,Economy Class,Vienna to Male via Dubai,April 2024,not verified     i am writing this review to express my profound disappointment and frustration with the service provided by various departments  particularly customer support  following the cancellation of my flight from vienna to male last april due to the recent floods in dubai  while i understand the circumstances surrounding the flight cancellation  the issue lies with the abysmal customer support i have encountered since then  upon requesting a certificate for insurance purposes  i was informed that i would need to wait    days for processing  which i accepted as part of the procedures  however  upon receiving the certificate after the specified period  it was found to be incorrect for both myself and my travel companion  subsequent attempts to rectify this error have been met with further delays and inefficiencies  despite being advised to fill out another form for follow up  it has now been two months since my initial request  and i am still awaiting the correct certificates  the lack of assistance and communication from customer support has been appalling  with promises to escalate the issue to the relevant department unfulfilled and no resolution in sight  as a loyal customer of emirates  i am deeply dismayed by the subpar level of customer support and service provided in this instance  the unresolved issue with the certificates has also led to a delay in processing my insurance claim  further exacerbating the situation  it is truly disheartening to experience such incompetence and negligence  the disparity between the exceptional flight services and the inadequate customer support is not only disappointing but also unacceptable ,4,0,-0.8464
emirates,20th June 2024,M. LaPrairie,9,False,"Not Verified | Having flown almost exclusely in business class for work travel paid for by my employer, the thought of 19+ hours in economy class from Delhi to Washington via Dubai filled me with dread. I was pleasantly surprised, however, by EK's economy product. While it is still economy and you can never 'go flat', I found Emirates' economy to be way better than United or Air Canada economy and, overall, offers solid hard and soft products. The seat is a decent size and has good legroom, again, compared to North American carriers. Catering was good with two full meals and a pizza or sandwich snack in between. Meal portions were good with plenty of variety. I was impressed by the 'engineering' of the economy meal tray with every conceivable space used to offer something. Every time I rang the call button, it was answered pleasantly. Washrooms were kept quite clean throughout both sectors. The ICE entertainment system offers tons of options. If paying out of my own pocket, I'd again chose EK economy.",5.0,5.0,5.0,5.0,5.0,3.0,4,yes,Family Leisure,Economy Class,Delhi to Washington via Dubai,June 2024,not verified   having flown almost exclusely in business class for work travel paid for by my employer  the thought of     hours in economy class from delhi to washington via dubai filled me with dread  i was pleasantly surprised  however  by ek s economy product  while it is still economy and you can never  go flat   i found emirates  economy to be way better than united or air canada economy and  overall  offers solid hard and soft products  the seat is a decent size and has good legroom  again  compared to north american carriers  catering was good with two full meals and a pizza or sandwich snack in between  meal portions were good with plenty of variety  i was impressed by the  engineering  of the economy meal tray with every conceivable space used to offer something  every time i rang the call button  it was answered pleasantly  washrooms were kept quite clean throughout both sectors  the ice entertainment system offers tons of options  if paying out of my own pocket  i d again chose ek economy ,0,1,0.979
emirates,3rd June 2024,J Ali,9,False,"Not Verified |   Boarding started on time, the staff were friendly and hospitable despite some challenging behavior from some of the travelers. The cabin was clean and well kept. The food was served on time and was appetizing. The IFE worked well and their library of content was well curated. Overall a good experience.",4.0,5.0,4.0,5.0,4.0,,5,yes,Solo Leisure,Economy Class,Toronto to Dubai,May 2024,not verified     boarding started on time  the staff were friendly and hospitable despite some challenging behavior from some of the travelers  the cabin was clean and well kept  the food was served on time and was appetizing  the ife worked well and their library of content was well curated  overall a good experience ,2,1,0.9128
emirates,1st June 2024,L Berten,1,True,"✅ Trip Verified |  Emirates provides an option to purchase extra kilograms of luggage before the flight. However, the link they provide does not lead to any option that allows for pre-purchasing luggage. Instead, the link leads to options for seat or class upgrades, food selection, or flight charges. In other words, Emirates takes extra effort to hide the option to buy extra kilograms prior to check-in. Today, I faced an extra charge of £380 because I was not given the option to purchase extra kilograms in advance. I tried searching but could not find the actual link to buy extra luggage. There are much better options to fly. Will not use your bad service next time.",3.0,3.0,3.0,3.0,1.0,,1,no,Solo Leisure,Economy Class,Manchester to Bangkok via Dubai,June 2024,  emirates provides an option to purchase extra kilograms of luggage before the flight  however  the link they provide does not lead to any option that allows for pre purchasing luggage  instead  the link leads to options for seat or class upgrades  food selection  or flight charges  in other words  emirates takes extra effort to hide the option to buy extra kilograms prior to check in  today  i faced an extra charge of      because i was not given the option to purchase extra kilograms in advance  i tried searching but could not find the actual link to buy extra luggage  there are much better options to fly  will not use your bad service next time ,3,0,0.7734
emirates,29th May 2024,H Jalati,1,True,"✅ Trip Verified |  The economy cabin in this airline is the worst in the world. Very rude flight attendants and crew. They only take care of higher levels, and other passengers, who are the majority of people in flight, are nothing to them. I was the gold member of this airline, and I stopped to fly with them. After 14 years, I tried to gain with minor hope for some changes, but it was worse than before. The crew's attitude on the ground and flights with economic passengers is unbelievable. It seems all of them are trained to deal with economy passengers like this. It is obviously not a chance for all of them to act like this with an insulting attitude.",1.0,1.0,1.0,1.0,1.0,1.0,1,no,Business,Economy Class,Dubai to Muscat,May 2024,  the economy cabin in this airline is the worst in the world  very rude flight attendants and crew  they only take care of higher levels  and other passengers  who are the majority of people in flight  are nothing to them  i was the gold member of this airline  and i stopped to fly with them  after    years  i tried to gain with minor hope for some changes  but it was worse than before  the crew s attitude on the ground and flights with economic passengers is unbelievable  it seems all of them are trained to deal with economy passengers like this  it is obviously not a chance for all of them to act like this with an insulting attitude ,5,0,-0.413
emirates,29th May 2024,T Mandel,1,True,"✅ Trip Verified |  No service with customer service has been terrible. They simply do not care about passengers. My sister had to cancel her leg of trip due to a diagnosed blood disorder that was serious enough she could not travel far from her home, fly, sit for long periods etc. While she undergoes series of tests to figure out cause and how to help her, Emirates would not let her cancel her one way, outbound flight. The flight does not leave for 7 months. They feel she can rest up and be healed by the date of departure.  She does have a flexible economy ticket to make the cancellation. They claim medical reasons are not approved reasons for cancellation of most of ticket value. Trying to change the name so i can save the trip and take a friend instead? Nope! Out of the question says Emirates.",,,,,,,4,no,Solo Leisure,Economy Class,New York to Milan,May 2024,  no service with customer service has been terrible  they simply do not care about passengers  my sister had to cancel her leg of trip due to a diagnosed blood disorder that was serious enough she could not travel far from her home  fly  sit for long periods etc  while she undergoes series of tests to figure out cause and how to help her  emirates would not let her cancel her one way  outbound flight  the flight does not leave for   months  they feel she can rest up and be healed by the date of departure   she does have a flexible economy ticket to make the cancellation  they claim medical reasons are not approved reasons for cancellation of most of ticket value  trying to change the name so i can save the trip and take a friend instead  nope  out of the question says emirates ,5,0,0.2137
emirates,28th May 2024,Chris Greenwood,10,False,"Not Verified | My first experience travelling First Class (using Qantas points) was pretty surreal. Having flown the best (and worst) of discount airlines and everything in between, this was something else. Just the sense that you're the only one on board and that you call the shots. It was other-worldly. I drank dom perignon for 7 hours, ate a lot of caviar and chatted to some lovely relaxed staff (after all, they only had four passengers to attend to). The 'suite' was large, comfortable and opulent. Of course it was... Even though it was a 777 (not a 380), there was an absolute sense of luxury. Not sure if I'll ever try/fly first class again, but it was worth the points and a lot of fun.",5.0,5.0,5.0,5.0,5.0,,5,yes,Solo Leisure,First Class,Singapore to Melbourne,May 2024,not verified   my first experience travelling first class  using qantas points  was pretty surreal  having flown the best  and worst  of discount airlines and everything in between  this was something else  just the sense that you re the only one on board and that you call the shots  it was other worldly  i drank dom perignon for   hours  ate a lot of caviar and chatted to some lovely relaxed staff  after all  they only had four passengers to attend to   the  suite  was large  comfortable and opulent  of course it was    even though it was a      not a       there was an absolute sense of luxury  not sure if i ll ever try fly first class again  but it was worth the points and a lot of fun ,0,1,0.9204
emirates,27th May 2024,G Meares,7,True,"✅ Trip Verified |  Decent flights, but unremarkable. Service was polite but disengaged, with little attempt by crew to interact with passengers. Seats were comfortable, with good legroom. I thought the IFE was excellent, with some quality new releases to choose from. The meals were large and generous - I am a Qatar Airways frequent flyer, and the Emirates meals are significantly larger than those on Qatar. However, the alcohol options are far smaller on Emirates, and on both flights I was only offered a drink once per flight. It's been nearly 20 years since I last flew Emirates and feel they have lost their shine; whilst I thought they were decent, I feel they lack the polish and refinement of Qatar.",4.0,3.0,4.0,5.0,3.0,,4,yes,Solo Leisure,Economy Class,Beirut to Osaka via Dubai,May 2024,  decent flights  but unremarkable  service was polite but disengaged  with little attempt by crew to interact with passengers  seats were comfortable  with good legroom  i thought the ife was excellent  with some quality new releases to choose from  the meals were large and generous   i am a qatar airways frequent flyer  and the emirates meals are significantly larger than those on qatar  however  the alcohol options are far smaller on emirates  and on both flights i was only offered a drink once per flight  it s been nearly    years since i last flew emirates and feel they have lost their shine  whilst i thought they were decent  i feel they lack the polish and refinement of qatar ,2,1,0.9313
emirates,26th May 2024,T Katz,1,True,"✅ Trip Verified | I fly a lot, but Emirates were my worst experiences ever. Most importantly, 2 out of 2 times I flew with them, I was delayed for multiple hours. The first time it was just sitting on the plane with no AC for 2 hours, and the second was 3+ hours, due to some trivial problem with their cabin lights. That 2nd time I had a connecting flight to catch, and while on board they assured me it would be fine, and while I did make it to the gate while they were still boarding, they refused to board me due to having apparently unilaterally decided to rebook me to a flight 11 hours later, assuming I wouldn't make it. Turns out there were earlier flights, but they wouldn't book me to them due to not codesharing with those airlines. Not only was no compensation offered for this day-long delay, but when I finally booked a separate flight on my own, they wouldn't even refund me, and had me request it on my own online. Overall they just showed 0 willingness to help throughout the entire process, despite it being 100% their fault, for a delay caused by them and between flights both of which they operated. They made it as painful as it possibly could be, every step of the way. Oh, and the flights themselves were also bad - old-looking airplanes, terrible food, and relatively limited entertainment. Emirates might have earned a positive reputation due to their First Class experience, but for Economy flights, it's probably the worst airline I've ever flown.",3.0,2.0,1.0,2.0,1.0,2.0,1,no,Solo Leisure,Economy Class,Tokyo to Israel via Dubai,May 2024, i fly a lot  but emirates were my worst experiences ever  most importantly    out of   times i flew with them  i was delayed for multiple hours  the first time it was just sitting on the plane with no ac for   hours  and the second was    hours  due to some trivial problem with their cabin lights  that  nd time i had a connecting flight to catch  and while on board they assured me it would be fine  and while i did make it to the gate while they were still boarding  they refused to board me due to having apparently unilaterally decided to rebook me to a flight    hours later  assuming i wouldn t make it  turns out there were earlier flights  but they wouldn t book me to them due to not codesharing with those airlines  not only was no compensation offered for this day long delay  but when i finally booked a separate flight on my own  they wouldn t even refund me  and had me request it on my own online  overall they just showed   willingness to help throughout the entire process  despite it being      their fault  for a delay caused by them and between flights both of which they operated  they made it as painful as it possibly could be  every step of the way  oh  and the flights themselves were also bad   old looking airplanes  terrible food  and relatively limited entertainment  emirates might have earned a positive reputation due to their first class experience  but for economy flights  it s probably the worst airline i ve ever flown ,3,0,-0.9736
emirates,23rd May 2024,Wayne Good,10,False,"Not Verified |   Returning from France, travelling in Economy to Dubai, then Premium Economy from Dubai to Auckland. First row in economy, so no one in front of me.  Service and meals were very good. Only 6 hours over night so decided not to sleep on this sector. Watched a couple of movies. The plane seemed on the older side, so movie selection not as good it seemed. Visited the lounge in Dubai due to my Emirates status, which was very good. Shower very welcome and good coffee. Flight to Auckland in Premium Economy a big step up from Economy. Seat very comfortable with loads of legroom, good recline and leg/foot rest. Slept for about 9 hours out of 15 hours. Service was friendly, professional and thorough buy a charming young British chap called Zak. Meals were delicious, hot towels etc. Entertainment was more extensive, although only watched 1 movie, as I wanted to sleep. Arrived half an hour early in Auckland. First off the plane and land side in less than 30 minutes.",5.0,5.0,5.0,5.0,5.0,,5,yes,Solo Leisure,Premium Economy,Paris to Auckland via Dubai,May 2024,not verified     returning from france  travelling in economy to dubai  then premium economy from dubai to auckland  first row in economy  so no one in front of me   service and meals were very good  only   hours over night so decided not to sleep on this sector  watched a couple of movies  the plane seemed on the older side  so movie selection not as good it seemed  visited the lounge in dubai due to my emirates status  which was very good  shower very welcome and good coffee  flight to auckland in premium economy a big step up from economy  seat very comfortable with loads of legroom  good recline and leg foot rest  slept for about   hours out of    hours  service was friendly  professional and thorough buy a charming young british chap called zak  meals were delicious  hot towels etc  entertainment was more extensive  although only watched   movie  as i wanted to sleep  arrived half an hour early in auckland  first off the plane and land side in less than    minutes ,1,1,0.981
emirates,13th May 2024,R Norton,3,True,"✅ Trip Verified | Emirates is plummeting downhill! Business class but no fast track, no lounge, no information, nobody to speak with! Such a shame that what was once a great airline now barely makes ‘good’, and that only because the cabin crew are the best...the rest are simply awful!",5.0,5.0,3.0,5.0,1.0,2.0,1,yes,Business,Business Class,Larnaca to Dubai,May 2024, emirates is plummeting downhill  business class but no fast track  no lounge  no information  nobody to speak with  such a shame that what was once a great airline now barely makes  good   and that only because the cabin crew are the best   the rest are simply awful ,0,1,-0.768
emirates,12th May 2024,S Chanon,1,False,"Not Verified |   On 3/9/2024, I transferred more than 300,000 points from Chase Ultimate Reward to Emirates Skywards account for First Class miles redemption for a flight from Seattle to Thailand. Shortly after that, Skywards locked my account, indicating it's due to ""a routine review."" However, after more than a few weeks, my account was still under ""a routine review."" That's when I started making a call to their customer service, but all they can do is sending an email to the internal team and told me to do the same, which I did ... but no response whatsoever from the internal team. Subsequent calls to the customer services and after hours of explaining, arguing, pleading yield the same outcome (or lack thereof.) The customer service agents were not willing to escalate the issue for us even though they knew that this issue has been going on way longer than their normal timeline. they did not try to help you in any way regardless of how bad the situation is. There was one one time after we pushed so hard to get to talk to their supervisor but even him would not try to help you anyway. Their entire customer service is there just to serve their internal team, not their customers. It has been almost three months now and my account is still under ""a routine review"". What supposes to be a dream trip has since becomes one of my worst nightmares. The customer service agents said the reward miles are valid for 3 years so nothing to be worried about, but how would it matter if my travel plan window is already passed - and at this rate who knows whether they will complete the ""routine review"" of my account within 3 years. All I want at this point is for the precious points I have been saving up all these years to go back to my Chase Ultimate Reward account and wake up from this nightmare.",,,,,,,1,no,Couple Leisure,First Class,Seattle to Bangkok via Dubai,March 2024,not verified     on           i transferred more than         points from chase ultimate reward to emirates skywards account for first class miles redemption for a flight from seattle to thailand  shortly after that  skywards locked my account  indicating it s due to  a routine review   however  after more than a few weeks  my account was still under  a routine review   that s when i started making a call to their customer service  but all they can do is sending an email to the internal team and told me to do the same  which i did     but no response whatsoever from the internal team  subsequent calls to the customer services and after hours of explaining  arguing  pleading yield the same outcome  or lack thereof   the customer service agents were not willing to escalate the issue for us even though they knew that this issue has been going on way longer than their normal timeline  they did not try to help you in any way regardless of how bad the situation is  there was one one time after we pushed so hard to get to talk to their supervisor but even him would not try to help you anyway  their entire customer service is there just to serve their internal team  not their customers  it has been almost three months now and my account is still under  a routine review   what supposes to be a dream trip has since becomes one of my worst nightmares  the customer service agents said the reward miles are valid for   years so nothing to be worried about  but how would it matter if my travel plan window is already passed   and at this rate who knows whether they will complete the  routine review  of my account within   years  all i want at this point is for the precious points i have been saving up all these years to go back to my chase ultimate reward account and wake up from this nightmare ,4,0,-0.6476
emirates,9th May 2024,K Brouwer,1,True,"✅ Trip Verified | I have a business class ticket for 3 flights AMS - SGP (Business Saver) SGP - DBX (Flex Plus)$$ DBX - AMS (Flex Plus)$$ Conditions for Flex plus as per webiste states: ""Flex Plus fare A Flex Plus fare is a totally flexible and unrestricted fare"". I'm 2 days before first departure. I want to change the 3rd flight. My ""Flex Plus"" doesn't apply anymore since they will reissue all 2 flights and the first one is Business Saver. They want to charge me 900€ to upgrade the 1st one, then 300€ change fee. In other words, if ""any"" of your flights is saver, ""none of them"" are Plus anymore. I feel scammed.",3.0,3.0,,,3.0,,1,no,Business,Business Class,Amsterdam to Dubai via Singapore,May 2024, i have a business class ticket for   flights ams   sgp  business saver  sgp   dbx  flex plus    dbx   ams  flex plus    conditions for flex plus as per webiste states   flex plus fare a flex plus fare is a totally flexible and unrestricted fare   i m   days before first departure  i want to change the  rd flight  my  flex plus  doesn t apply anymore since they will reissue all   flights and the first one is business saver  they want to charge me      to upgrade the  st one  then      change fee  in other words  if  any  of your flights is saver   none of them  are plus anymore  i feel scammed ,0,0,0.4201
emirates,7th May 2024,Ziauddin Ahmed,6,True,"✅ Trip Verified |   Traveled from Dhaka to Lyon via Dubai in June 2023. Seat quality was average, food was also average, cabin crew were good. Ground services were slow. Flight was not bad but the layover at Dubai Airport was boring.",1.0,3.0,3.0,3.0,2.0,,3,yes,Business,Economy Class,Dhaka to Lyon  via Dubai,June 2023,   traveled from dhaka to lyon via dubai in june       seat quality was average  food was also average  cabin crew were good  ground services were slow  flight was not bad but the layover at dubai airport was boring ,1,1,-0.0194
emirates,7th May 2024,T Keen,2,True,"✅ Trip Verified |  I’ve flown Emirates a few times. I love the food but the flight attendants on all my flights were unfriendly and rude. Many of them are acting like they are doing us a favor by serving us, even though that’s their job. On May 5, I flew from Tokyo to Dubai and most likely it was my last flight with the Emirates. Especially a flight attendant who was very unfriendly and also skipped our line while serving food. She was unfriendly with everyone.  She seems to be hating her job. Apart from the flight attendants, one other thing I am not happy about is the delays. In my experience, Emirates never departs and arrives on time, there is always a delay.",5.0,1.0,5.0,5.0,4.0,,2,no,Solo Leisure,Economy Class,Tokyo to Dubai,May 2024,  i ve flown emirates a few times  i love the food but the flight attendants on all my flights were unfriendly and rude  many of them are acting like they are doing us a favor by serving us  even though that s their job  on may    i flew from tokyo to dubai and most likely it was my last flight with the emirates  especially a flight attendant who was very unfriendly and also skipped our line while serving food  she was unfriendly with everyone   she seems to be hating her job  apart from the flight attendants  one other thing i am not happy about is the delays  in my experience  emirates never departs and arrives on time  there is always a delay ,5,0,-0.953
emirates,6th May 2024,L Mardele,1,True,"✅ Trip Verified |  I have just collected my bag after a horrendous Emirates flight where the passenger next to me was intoxicated and assaulted me on the flight. The crew had to write a report as she should have not been allowed boarding. My bag is completely soaked through, all contents of the bag is soaking. I spoke to the ground staff and they could offer no help what so ever or a report. Everything is ruined - I am furious, I’ve had no communication regarding my outbound flights that were cancelled due to the storms and now my luggage is ruined. I will never fly Emirates again.",1.0,1.0,1.0,1.0,1.0,1.0,1,no,Couple Leisure,Economy Class,Dubai to Gatwick,May 2024,  i have just collected my bag after a horrendous emirates flight where the passenger next to me was intoxicated and assaulted me on the flight  the crew had to write a report as she should have not been allowed boarding  my bag is completely soaked through  all contents of the bag is soaking  i spoke to the ground staff and they could offer no help what so ever or a report  everything is ruined   i am furious  i ve had no communication regarding my outbound flights that were cancelled due to the storms and now my luggage is ruined  i will never fly emirates again ,4,0,-0.9704
emirates,30th April 2024,Sara Mendez,4,False,"Not Verified |   Seats were very comfortable, very polite staff but the food quality has gone down significantly. Tasteless and overcooked. Not what it used to be when it was first launched.",5.0,5.0,1.0,4.0,5.0,2.0,3,yes,Couple Leisure,Economy Class,Dubai to Madrid,April 2024,not verified     seats were very comfortable  very polite staff but the food quality has gone down significantly  tasteless and overcooked  not what it used to be when it was first launched ,2,1,0.4672
emirates,29th April 2024,F Salih,7,True,"✅ Trip Verified |  Inbound flight to DXB was 16 years old A6-EWC 777-200 refurbished cabin which is comfortable. Cabin crew reflect good training, collaborative. Food is standard like others, did not use IFE during flight. Connected in Dubai for less than 30 minutes and disembarked to bus then terminal and surprisingly my luggage arrived to terminal destination.",5.0,5.0,3.0,,4.0,5.0,4,yes,Business,Business Class,Barcelona to Dubai,April 2024,  inbound flight to dxb was    years old a  ewc         refurbished cabin which is comfortable  cabin crew reflect good training  collaborative  food is standard like others  did not use ife during flight  connected in dubai for less than    minutes and disembarked to bus then terminal and surprisingly my luggage arrived to terminal destination ,2,1,0.872
emirates,28th April 2024,M Fuller,1,False,"Not Verified |   Emirates left thousands of passengers stranded for up to 3 days in Dubai airport, some with children with no help or explanation. They have no contingency for rain and no interest in human care. They have provided no compensation for the impacted passengers. They claim that missing luggage was also due to the rain, they provide no help when things get tough and I will never be flying with them again. They also required me to fill out a medical form to board and they took zero notice of my one requirement (more drinking water than average) and, despite being able bodied, would not allow me to purchase the bulkhead seats after having spoken to me in person (a fit and healthy 35 year old with just a touch of hydrocephalus) due to the fact, and I’m quoting here I’m “disabled.”",1.0,4.0,1.0,1.0,1.0,1.0,1,no,Couple Leisure,Economy Class,Gatwick to Mauritius via Dubai,April 2024,not verified     emirates left thousands of passengers stranded for up to   days in dubai airport  some with children with no help or explanation  they have no contingency for rain and no interest in human care  they have provided no compensation for the impacted passengers  they claim that missing luggage was also due to the rain  they provide no help when things get tough and i will never be flying with them again  they also required me to fill out a medical form to board and they took zero notice of my one requirement  more drinking water than average  and  despite being able bodied  would not allow me to purchase the bulkhead seats after having spoken to me in person  a fit and healthy    year old with just a touch of hydrocephalus  due to the fact  and i m quoting here i m  disabled  ,3,0,-0.6555
emirates,28th April 2024,F Salih,6,True,"✅ Trip Verified |  Boarding fast despite seemingly full airplane. FA good and attentive. Departure delayed by 30 minutes. Outdated seat you need to press button 100 times to go to flat. Food quality is average. Internet not working, I have to spend time trying and trying. Bathrooms are clean however it was at the back of the airplane, front bathroom kept for first class, and every time i went i found 3-4 waiting, Toothbrush not available.",1.0,5.0,2.0,2.0,2.0,1.0,2,no,Business,Business Class,Dubai to Barcelona,April 2024,  boarding fast despite seemingly full airplane  fa good and attentive  departure delayed by    minutes  outdated seat you need to press button     times to go to flat  food quality is average  internet not working  i have to spend time trying and trying  bathrooms are clean however it was at the back of the airplane  front bathroom kept for first class  and every time i went i found     waiting  toothbrush not available ,2,0,0.5719
emirates,26th April 2024,Tientham Sathientham,1,True,"✅ Trip Verified | My friend and I were scheduled to fly from Prague to Bangkok on 18 Apr. The flight was delayed 4 times. We arrived 2.30 hours before departing time. After 1.30 hour wait and 2 very disorganized check-in counter change, the counter stopped taking in passenger. No explanation from the staff. We found out from a fellow passenger that the flight was not confirmed. I tried calling and contacting them online but both channels were too busy. We finally went to talk to the staff who couldn't confirm when we will be flying out. They told us that they could not confirm about our connecting flight in Dubai to Bangkok too. A two-to-three-days wait was probable. We finally had to cancel the flight and bought a new last-minute ticket from Qatar to get back home. We tried to get compensation on extra hotel charge and airfares but the airline is not taking any responsibility. Extremely poor management and definitely no sense of responsibility from the airline.",1.0,1.0,,,1.0,,1,no,Solo Leisure,Economy Class,Prague to Bangkok,April 2024, my friend and i were scheduled to fly from prague to bangkok on    apr  the flight was delayed   times  we arrived      hours before departing time  after      hour wait and   very disorganized check in counter change  the counter stopped taking in passenger  no explanation from the staff  we found out from a fellow passenger that the flight was not confirmed  i tried calling and contacting them online but both channels were too busy  we finally went to talk to the staff who couldn t confirm when we will be flying out  they told us that they could not confirm about our connecting flight in dubai to bangkok too  a two to three days wait was probable  we finally had to cancel the flight and bought a new last minute ticket from qatar to get back home  we tried to get compensation on extra hotel charge and airfares but the airline is not taking any responsibility  extremely poor management and definitely no sense of responsibility from the airline ,3,0,-0.8169
emirates,26th April 2024,Parimila Sathemany,7,True,"✅ Trip Verified |  My sister and I travelled to Toronto via KLIA on 20th March 2024. The services were top notch. We travelled by economy class but were treated nicely by the stewardess. The food was great and we were fed quite frequently. When coming back on 4th April, we had a bad experience due to mistake done by Air Canada since we had 2 layovers and one of the layover had to travel via Air Canada.",4.0,5.0,5.0,5.0,3.0,5.0,5,yes,Family Leisure,Economy Class,Toronto to Kuala Lumpur via Dubai,April 2024,  my sister and i travelled to toronto via klia on   th march       the services were top notch  we travelled by economy class but were treated nicely by the stewardess  the food was great and we were fed quite frequently  when coming back on  th april  we had a bad experience due to mistake done by air canada since we had   layovers and one of the layover had to travel via air canada ,0,1,0.4678
emirates,22nd April 2024,N Rasakan,2,True,"✅ Trip Verified |  As someone from the service industry as an Operations Manager, it is rather appalling the standard for this experience. Not only did the person attending our aisle forgotten our drink requests once, but twice! One of which i also have to take the drink order myself. Not only that, the flight attendant didn’t apologise on both occasions which are of different time stamps, that’s a poor representative of the airline and i believe this is rather basic. Moreover and unfortunately, screen on the seat was blank and was requesting assistance to resolve it. Was reassured that it will be troubleshoot in 10-15 minutes. Guess what? Wasn’t resolve throughout the remaining of the flight. And also, i believe it’s basic to walk down the aisle once in awhile at your respective section to check-in with the guests to see everything is alright and needs immediate attention, but am noticing a pattern on both occasions, to and fro Dubai and Singapore. Seems like they only service during food and drinks, then hide back in the staff area.",3.0,1.0,3.0,3.0,1.0,,3,no,Family Leisure,Economy Class,Dubai to Singapore,April 2024,  as someone from the service industry as an operations manager  it is rather appalling the standard for this experience  not only did the person attending our aisle forgotten our drink requests once  but twice  one of which i also have to take the drink order myself  not only that  the flight attendant didn t apologise on both occasions which are of different time stamps  that s a poor representative of the airline and i believe this is rather basic  moreover and unfortunately  screen on the seat was blank and was requesting assistance to resolve it  was reassured that it will be troubleshoot in       minutes  guess what  wasn t resolve throughout the remaining of the flight  and also  i believe it s basic to walk down the aisle once in awhile at your respective section to check in with the guests to see everything is alright and needs immediate attention  but am noticing a pattern on both occasions  to and fro dubai and singapore  seems like they only service during food and drinks  then hide back in the staff area ,5,0,0.9348
emirates,21st April 2024,N. Siotto,7,True,"✅ Trip Verified |  Great airplane, service and staff, especially when flying on the A380 with the bar.  The seat is comfortable, crew is friendly and professional. The aircraft is clean. However the catering is a little disappointing. For such an expensive ticket I was expecting far better to be honest.",5.0,5.0,2.0,5.0,5.0,5.0,3,yes,Business,Business Class,Milan to Dubai,April 2024,  great airplane  service and staff  especially when flying on the a    with the bar   the seat is comfortable  crew is friendly and professional  the aircraft is clean  however the catering is a little disappointing  for such an expensive ticket i was expecting far better to be honest ,2,1,0.9485
emirates,21st April 2024,K Darsen,1,True,"✅ Trip Verified |  True color of organisation is discovered when time of need arise, and Emirates capability is discovered. Never fly Emirates again, do not recommend anyone to travel on Emirates - you will be left to dry. I checked onto EK421 with a 20 kg checked bag on 18th March from Perth Airport. Arrived at Dubai airport on the 19th morning, as of today after 3 days of being me hostage at Dubai airport - there's no information from Emirates airport staff on anything, no worry about my dietary needs, my medical needs, sorry about my personal & business plan). I am not allowed to access my essential needs & medication from checked-bag and they would not put me on to my next connecting flight. At Dubai Airport Emirates staff directed me and others to continuously watch out for the Gate number on the screen as the flight would be listed there (but they won't tell when), I and others kept waiting for hours for the flight to appear, they appear without gates, stay listed there and then gets canceled. Clearly Emirates are just listing ghost flights so they don't need to provide a hotel. I am now on airport for more than 36 hours, no hotel provided, no vegetarian food available, I now almost three days in the same pair of clothing, and my medication & other essentials are in a checked-in bag that Emirates staff don't even care and tell me anything on when it will be returned to me. Their pretext that this is due to rain is just made up, as of last few days Dubai has returned to normal, for sure essential airport services there shouldn't be hold up and the excuse of weather event is just hiding their lack of management ability.",3.0,1.0,1.0,1.0,1.0,1.0,1,no,Business,Economy Class,Australia to Dubai,April 2024,  true color of organisation is discovered when time of need arise  and emirates capability is discovered  never fly emirates again  do not recommend anyone to travel on emirates   you will be left to dry  i checked onto ek    with a    kg checked bag on   th march from perth airport  arrived at dubai airport on the   th morning  as of today after   days of being me hostage at dubai airport   there s no information from emirates airport staff on anything  no worry about my dietary needs  my medical needs  sorry about my personal   business plan   i am not allowed to access my essential needs   medication from checked bag and they would not put me on to my next connecting flight  at dubai airport emirates staff directed me and others to continuously watch out for the gate number on the screen as the flight would be listed there  but they won t tell when   i and others kept waiting for hours for the flight to appear  they appear without gates  stay listed there and then gets canceled  clearly emirates are just listing ghost flights so they don t need to provide a hotel  i am now on airport for more than    hours  no hotel provided  no vegetarian food available  i now almost three days in the same pair of clothing  and my medication   other essentials are in a checked in bag that emirates staff don t even care and tell me anything on when it will be returned to me  their pretext that this is due to rain is just made up  as of last few days dubai has returned to normal  for sure essential airport services there shouldn t be hold up and the excuse of weather event is just hiding their lack of management ability ,3,0,-0.7502
emirates,20th April 2024,J Darcen,1,True,✅ Trip Verified |  Horrible service from start to finish. 6 hours delay. No communication. Unable ground staff and very rude. Lost baggage. I could spend hours making list of the problems. Will definitely change airline.,3.0,4.0,3.0,4.0,1.0,,1,no,Solo Leisure,Economy Class,Dubai to Nice,April 2024,  horrible service from start to finish    hours delay  no communication  unable ground staff and very rude  lost baggage  i could spend hours making list of the problems  will definitely change airline ,4,0,-0.9165
emirates,20th April 2024,Walid Lahoud,3,False,"Not Verified |   After some disruption in Dubai airport due to a storm, Emirates seems not to recover. The situation is getting worse and day by day more flights are cancelled and more luggage lost. Emirates has lost it completely and the management of Emirates is not putting all what it takes to go back on track. After 11 years of flying Emirates as platinum member I am evaluating the possibility of moving to Qatar airways or even Etihad. Emirates has wonderful inflight service but the lack of professionalism of the ground staff is killing the company",4.0,5.0,5.0,5.0,1.0,5.0,1,no,Business,Business Class,Paris to Dubai,April 2024,not verified     after some disruption in dubai airport due to a storm  emirates seems not to recover  the situation is getting worse and day by day more flights are cancelled and more luggage lost  emirates has lost it completely and the management of emirates is not putting all what it takes to go back on track  after    years of flying emirates as platinum member i am evaluating the possibility of moving to qatar airways or even etihad  emirates has wonderful inflight service but the lack of professionalism of the ground staff is killing the company,4,0,-0.927
emirates,19th April 2024,J Edwards,1,True,"✅ Trip Verified | Flights postponed due to weather, spent 4 hours on hold for an agent to rebook flight as we needed to be home on the 20th. Phone number sometimes worked and sometimes didn’t. Called 20 plus times. Headed to airport to speak to an agent in person while on the 4 hour call hold. Finally rebooked to New York but the original ticket was for Miami. Flight is at midnight and the airport wouldn’t let us through the gate so we are spending 6+ hours with no AC in hot conditions and my mum is elderly (70) and not in good health. Also told us that we had to pay our own fare to Miami from New York which cost an additional $800 which they said will not be refunded. Also we were told this at 10:30am when the flight was at 4pm today.",1.0,1.0,1.0,1.0,1.0,1.0,1,no,Family Leisure,Economy Class,Miami to Dubai,April 2024, flights postponed due to weather  spent   hours on hold for an agent to rebook flight as we needed to be home on the   th  phone number sometimes worked and sometimes didn t  called    plus times  headed to airport to speak to an agent in person while on the   hour call hold  finally rebooked to new york but the original ticket was for miami  flight is at midnight and the airport wouldn t let us through the gate so we are spending    hours with no ac in hot conditions and my mum is elderly      and not in good health  also told us that we had to pay our own fare to miami from new york which cost an additional      which they said will not be refunded  also we were told this at      am when the flight was at  pm today ,3,0,-0.5282
emirates,18th April 2024,Greg Padin,1,False,Not Verified |   Shocking service. I would never recommend this airline. Cancelled flight home and literally left everyone to fend for themselves. Long delays and everyones been messed about. Absolutely diabolical for being such a massive company. Would give 0 stars if allowed. Definitely not travelling with them ever again,1.0,1.0,,,1.0,,1,no,Couple Leisure,Economy Class,Dubai to Manchester,April 2024,not verified     shocking service  i would never recommend this airline  cancelled flight home and literally left everyone to fend for themselves  long delays and everyones been messed about  absolutely diabolical for being such a massive company  would give   stars if allowed  definitely not travelling with them ever again,3,0,-0.1411
emirates,18th April 2024,Debora Paiva Givisiez,2,True,"✅ Trip Verified |  After the big storm in Dubai, my mother stayed locked in the airplane after landed for 8 hours, no food, no assistance, no information! She is 64 years old, she has problem to walk, I even requested the wheel chair and transfer assistance to take her from one gate to the other. After 8 hours, when they let the passengers out of the plane, she didn’t get any assistance and had to walk a lot, as we know Dubai airport is huge. She lined up for 3 hours to get a new board pass, they gave her a boarding pass for 08:20am on 17/04/24, but it was already 22:10 17/04/24 when they give it to her. She didn’t eat for this whole time. Now they booked her in for on flight at 09:05 on 18/04/24, let’s see. The problem is not rescheduled the flight due the bad weather, the problem was the Emirates didn’t give any assistance to the passengers.",1.0,1.0,1.0,1.0,1.0,1.0,1,no,Solo Leisure,Economy Class,Brisbane to Sao Paulo via Dubai,April 2024,  after the big storm in dubai  my mother stayed locked in the airplane after landed for   hours  no food  no assistance  no information  she is    years old  she has problem to walk  i even requested the wheel chair and transfer assistance to take her from one gate to the other  after   hours  when they let the passengers out of the plane  she didn t get any assistance and had to walk a lot  as we know dubai airport is huge  she lined up for   hours to get a new board pass  they gave her a boarding pass for      am on           but it was already                when they give it to her  she didn t eat for this whole time  now they booked her in for on flight at       on           let s see  the problem is not rescheduled the flight due the bad weather  the problem was the emirates didn t give any assistance to the passengers ,5,0,-0.9194
emirates,16th April 2024,S Ahuja,1,True,"✅ Trip Verified | We have boarded the flight from BOM to DXB on 04.04.2024 which was late because of a technical issue and the crew doesn't want to work over shift. The said flight reached the next day without any inflight food (BOM-DXB) instead of the same day creating physical harassment, mental harassment and financial losses (hotel & further tour charges got cancelled). Despite having active transit visa your staff kept us waiting for three hours at DXB airport for issuing current transit. My Flight no. EK 0506 which has original time of departure 9.30am (DXB-BOM) has not yet departed (till 10 pm) because of bad weather conditions but flight EK 0502 which has original departure time of 13.00 pm has already reached BOM. How come? It seems EK 0506 is not important, (bad weather is applicable to all flights). This behaviour and approach of Emirates is totally not acceptable & hence we here by demand compensation.",2.0,1.0,2.0,1.0,1.0,,1,no,Couple Leisure,Economy Class,Dubai to Mumbai,April 2024, we have boarded the flight from bom to dxb on            which was late because of a technical issue and the crew doesn t want to work over shift  the said flight reached the next day without any inflight food  bom dxb  instead of the same day creating physical harassment  mental harassment and financial losses  hotel   further tour charges got cancelled   despite having active transit visa your staff kept us waiting for three hours at dxb airport for issuing current transit  my flight no  ek      which has original time of departure     am  dxb bom  has not yet departed  till    pm  because of bad weather conditions but flight ek      which has original departure time of       pm has already reached bom  how come  it seems ek      is not important   bad weather is applicable to all flights   this behaviour and approach of emirates is totally not acceptable   hence we here by demand compensation ,3,0,-0.5594
emirates,12th April 2024,Barry Lok,1,False,"Not Verified |   On both the outward and return flights, I or my travel partner sat on a broken seat. Yes, we had booked economically, but then you can expect a fully functioning chair, right? Our flight to Bali took more than twenty hours in total. The quality of the chairs was nothing to write home about. We arrived at all destinations broken. I bought a new suitcase in Bali. This one also arrived “broken” at home in Amsterdam. One flight with Emirates was apparently too much for this beautiful suitcase. After some correspondence back and forth with Emirates, the conclusion was that they could not do anything for me and would not take responsibility. My conclusion is therefore to take a look at other companies where service may still be expected. In any case, I won't be booking Emirates again anytime soon. My next flight to Bali is with our KLM. Zowel op de heen- als op de terugvlucht zat ik of mijn reispartner op een kapotte stoel. Ja, we hadden economisch geboekt, maar dan mag je toch wel een volledig functionerende stoel verwachten? Onze vliegreis naar Bali duurde in totaal meer dan twintig uren. De kwaliteit van de stoelen was niet om naar huis te schrijven. Gebroken kwamen we op alle bestemmingen aan. Op Bali had ik een nieuwe koffer gekocht. Deze kwam ook “gebroken aan” thuis in Amsterdam. Één vlucht met Emirates was blijkbaar te veel voor deze mooie koffer. Na wat correspondentie heen en weer met Emirates was de conclusie dat ze niks voor mij konden betekenen en de verantwoordelijk niet op zich namen. Mijn conclusie is daarom ook om eens te kijken naar andere maatschappijen waar misschien nog wel service is te verwachten. In ieder geval zal ik Emirates niet meer zo snel boeken. Mijn volgende vlucht naar Bali is gewoon met onze KLM.",1.0,1.0,5.0,5.0,1.0,,1,no,Couple Leisure,Economy Class,Amsterdam to Bali via Dubai,March 2024,not verified     on both the outward and return flights  i or my travel partner sat on a broken seat  yes  we had booked economically  but then you can expect a fully functioning chair  right  our flight to bali took more than twenty hours in total  the quality of the chairs was nothing to write home about  we arrived at all destinations broken  i bought a new suitcase in bali  this one also arrived  broken  at home in amsterdam  one flight with emirates was apparently too much for this beautiful suitcase  after some correspondence back and forth with emirates  the conclusion was that they could not do anything for me and would not take responsibility  my conclusion is therefore to take a look at other companies where service may still be expected  in any case  i won t be booking emirates again anytime soon  my next flight to bali is with our klm  zowel op de heen  als op de terugvlucht zat ik of mijn reispartner op een kapotte stoel  ja  we hadden economisch geboekt  maar dan mag je toch wel een volledig functionerende stoel verwachten  onze vliegreis naar bali duurde in totaal meer dan twintig uren  de kwaliteit van de stoelen was niet om naar huis te schrijven  gebroken kwamen we op alle bestemmingen aan  op bali had ik een nieuwe koffer gekocht  deze kwam ook  gebroken aan  thuis in amsterdam    n vlucht met emirates was blijkbaar te veel voor deze mooie koffer  na wat correspondentie heen en weer met emirates was de conclusie dat ze niks voor mij konden betekenen en de verantwoordelijk niet op zich namen  mijn conclusie is daarom ook om eens te kijken naar andere maatschappijen waar misschien nog wel service is te verwachten  in ieder geval zal ik emirates niet meer zo snel boeken  mijn volgende vlucht naar bali is gewoon met onze klm ,3,0,0.5342
emirates,12th April 2024,Kiran Pun,3,True,"✅ Trip Verified |  It was my first ever travel with Emirates and I have no hesitation to say that it was my first and recent travel will be my last travel with this airline. I have been traveling around for 4 decades. This airline is the worst I have traveled. From boarding desk staffs to aircrews, they are unfriendly, utterly rude and disrespectful. Pathetic all across the board.",3.0,3.0,3.0,1.0,2.0,1.0,2,no,Family Leisure,Economy Class,Gatwick to Kathmandu via Dubai,March 2024,  it was my first ever travel with emirates and i have no hesitation to say that it was my first and recent travel will be my last travel with this airline  i have been traveling around for   decades  this airline is the worst i have traveled  from boarding desk staffs to aircrews  they are unfriendly  utterly rude and disrespectful  pathetic all across the board ,3,0,-0.9149
emirates,20th March 2024,T Keale,1,True,"✅ Trip Verified |  Do not fly with Emirates if you don’t like to be squashed by obese passengers.  I pay full price and more for a flex ticket, but I only get 3/4 of a seat as the obese person next to me far is overflowing into my chair.  When I insisted to be moved to another chair it took the staff 15 minutes for the cabin staff to even respond to my calls, they were too busy chatting at the crew area, I was watching them. I had to press the crew call button on and off over 20 times, that’s no exaggeration, before someone came to ask me what I wanted. After pointing out what was going on I was moved to the chair closest to the toilet, almost in the toilet, I could hear everything inside the bathroom. The seat they put me in sticks out into the aisle so every time the air hostess would walk past they would knock my chair, completely lacking awareness or care for the passengers. They really don’t care. it’s difficult to imagine a more incompetent bunch of cabin staff and management controlling an airline. It is 100% the last time I’ll ever consider flying Emirates. I didnt even have have space to even eat my meal so I couldn’t ask for my dinner I couldn’t rest without being leaned on and knocked constantly by the customer overflowing into my chair. This is absolutely unacceptable.",1.0,1.0,1.0,1.0,1.0,1.0,1,no,Business,Economy Class,Phuket to Cape Town via Dubai,March 2024,  do not fly with emirates if you don t like to be squashed by obese passengers   i pay full price and more for a flex ticket  but i only get     of a seat as the obese person next to me far is overflowing into my chair   when i insisted to be moved to another chair it took the staff    minutes for the cabin staff to even respond to my calls  they were too busy chatting at the crew area  i was watching them  i had to press the crew call button on and off over    times  that s no exaggeration  before someone came to ask me what i wanted  after pointing out what was going on i was moved to the chair closest to the toilet  almost in the toilet  i could hear everything inside the bathroom  the seat they put me in sticks out into the aisle so every time the air hostess would walk past they would knock my chair  completely lacking awareness or care for the passengers  they really don t care  it s difficult to imagine a more incompetent bunch of cabin staff and management controlling an airline  it is      the last time i ll ever consider flying emirates  i didnt even have have space to even eat my meal so i couldn t ask for my dinner i couldn t rest without being leaned on and knocked constantly by the customer overflowing into my chair  this is absolutely unacceptable ,5,0,-0.6717
emirates,17th March 2024,E Lorsen,1,True,"✅ Trip Verified |  Had perishable item, the airline sent is as special luggage and left it behind. As it was a item of importance to me and I was very sad that it was left behind. Very disappointed with Emirates",1.0,1.0,1.0,1.0,1.0,1.0,1,no,Couple Leisure,Economy Class,Oslo to Dubai,March 2024,  had perishable item  the airline sent is as special luggage and left it behind  as it was a item of importance to me and i was very sad that it was left behind  very disappointed with emirates,4,0,-0.379
emirates,13th March 2024,H Mahdam,1,True,"✅ Trip Verified |  I book my flight from Emirates for my 2 kids me and my wife, paid amount from my card to Emirates. the flight was from Riyadh to Islamabad via Dubai. Departure time from Riyadh was 4:25 PM on 9th of march and arrival time was 7:10 Pm on same date in dubai airport. the 2 hour stay and then departure from Dubai at 9:10 PM same date and arrival 1:30 AM 10th of march. We were handed over to Flydubai from emirates  which was strange bu Ok we did boarding and got notification that flight is delayed.. Total delay in Riyadh was 4 and half hours and reached very late to Dubai airport and the connecting flight were missed. We approach to emirates counter and they rudely refuse to provide us any service because we were having flydubai boarding passes and told us to deal with Flydubai. Long story short we were dealt with like animals for 18 hours in airport and depart to another airport which were around 700 KM away from our  ticketed airport and does not provide any transfortatin from that airport. The car were arranged by us which cost us around 250$. I will never recommend Emirates and flydubai to anyone.",1.0,2.0,1.0,1.0,1.0,1.0,1,no,Family Leisure,Economy Class,Riyadh to Islamabad via Dubai,March 2024,  i book my flight from emirates for my   kids me and my wife  paid amount from my card to emirates  the flight was from riyadh to islamabad via dubai  departure time from riyadh was      pm on  th of march and arrival time was      pm on same date in dubai airport  the   hour stay and then departure from dubai at      pm same date and arrival      am   th of march  we were handed over to flydubai from emirates  which was strange bu ok we did boarding and got notification that flight is delayed   total delay in riyadh was   and half hours and reached very late to dubai airport and the connecting flight were missed  we approach to emirates counter and they rudely refuse to provide us any service because we were having flydubai boarding passes and told us to deal with flydubai  long story short we were dealt with like animals for    hours in airport and depart to another airport which were around     km away from our  ticketed airport and does not provide any transfortatin from that airport  the car were arranged by us which cost us around       i will never recommend emirates and flydubai to anyone ,3,0,-0.8361
emirates,10th March 2024,J Hasmine,1,True,"✅ Trip Verified |  The service provided is absolutely unacceptable and beyond what I’ve ever experienced. The flight from Lisbon to Dubai was delayed by 3 hrs. Connecting flight to Phuket was missed due to that which of course can happen but there was zero handling of the situation in Dubai - it took 4,5 hours at the airport standing in lines to get a new boarding pass and a hotel voucher. Before that no information at all. After all this they take you to a hotel which is 30 minutes away from the airport without telling before which hotel and where it is - arriving at the hotel another long waiting session and then no one can say when the shuttle bus is going back to the airport - we don’t have that information, end of conversation! Zero information. Zero service. I booked seats on the flight in advance to be able to rest and in the email about the new flight it said the booked seat will remain for the new flight but that is not the case at all. So now instead of my paid window seat I’m sitting straight in the middle. All the service chat tells you is to file a complaint. Also I paid for a hotel in Phuket that I don’t get to use. This was by far the worst I’ve ever experienced by any airline. It’s such a joke, the way they treat people, their customers. Especially at the airport- no one cared at all for all of the travelers facing this situation. Everyone was treated with pure ignorance. Biggest mistreatment and miss organization ever! Don’t book this airline!",2.0,2.0,2.0,4.0,1.0,,1,no,Solo Leisure,Economy Class,Lisbon to Phuket via Dubai,March 2024,  the service provided is absolutely unacceptable and beyond what i ve ever experienced  the flight from lisbon to dubai was delayed by   hrs  connecting flight to phuket was missed due to that which of course can happen but there was zero handling of the situation in dubai   it took     hours at the airport standing in lines to get a new boarding pass and a hotel voucher  before that no information at all  after all this they take you to a hotel which is    minutes away from the airport without telling before which hotel and where it is   arriving at the hotel another long waiting session and then no one can say when the shuttle bus is going back to the airport   we don t have that information  end of conversation  zero information  zero service  i booked seats on the flight in advance to be able to rest and in the email about the new flight it said the booked seat will remain for the new flight but that is not the case at all  so now instead of my paid window seat i m sitting straight in the middle  all the service chat tells you is to file a complaint  also i paid for a hotel in phuket that i don t get to use  this was by far the worst i ve ever experienced by any airline  it s such a joke  the way they treat people  their customers  especially at the airport  no one cared at all for all of the travelers facing this situation  everyone was treated with pure ignorance  biggest mistreatment and miss organization ever  don t book this airline ,3,0,-0.9627
emirates,9th March 2024,P Malden,10,True,"✅ Trip Verified |  We choose the twin seats at back of plane as this is a long flight and paid for them, well worth the extra on this long flight.The captain kept us updated on turbulence and seatbelt reminder throughout flight. Cabin crew professional and available when needed, plenty of drinks available. Have flown Emirates since 2012 when flying to Europe never had a bad experience, always Economy but been fortunate to be offered upgrade x2. Gluten free meals the best.",5.0,5.0,5.0,5.0,5.0,,5,yes,Couple Leisure,Economy Class,Dubai to Brisbane,March 2024,  we choose the twin seats at back of plane as this is a long flight and paid for them  well worth the extra on this long flight the captain kept us updated on turbulence and seatbelt reminder throughout flight  cabin crew professional and available when needed  plenty of drinks available  have flown emirates since      when flying to europe never had a bad experience  always economy but been fortunate to be offered upgrade x   gluten free meals the best ,2,1,0.9585
emirates,8th March 2024,E Malden,10,True,✅ Trip Verified |  Venice to Dubai. My husband & I checked in online 48 hours before departure. Arrived at Venice Marco Polo Airport and took the online check-in line which was very short. The Emirates check-in was very good and answered our questions about our onward flight when arriving in Dubai further connection which was with Qantas to regional airport. We were surprised when given all three boarding passes for continuation to final destination with Qantas Chose aisle seats C/D as far back as possible. Flight was excellent with multilingual crew and co pilot Australian Captain from El Salvador. Always fly to & from to Europe with Emirates well looked after and the best gluten free meals. Arrived on time.,5.0,5.0,5.0,5.0,5.0,,5,yes,Couple Leisure,Economy Class,Venice to Dubai,March 2024,  venice to dubai  my husband   i checked in online    hours before departure  arrived at venice marco polo airport and took the online check in line which was very short  the emirates check in was very good and answered our questions about our onward flight when arriving in dubai further connection which was with qantas to regional airport  we were surprised when given all three boarding passes for continuation to final destination with qantas chose aisle seats c d as far back as possible  flight was excellent with multilingual crew and co pilot australian captain from el salvador  always fly to   from to europe with emirates well looked after and the best gluten free meals  arrived on time ,3,1,0.9545
emirates,4th March 2024,E Galetski,1,True,"✅ Trip Verified |  Our BKK-DXB flight was delayed for 18 hours and as a result we missed our DXB WAW connecting flight. We were offered a long flight with one more transfer DXX-LJU - WAW no longer on Emirates and FlyDubai on budget airlines where the standard was far below expectations. Unfortunately, because of Emirates we also missed the next transfer and instead of 16 hours our journey lasted over 60 hours. The worst thing is that the Emirates hotline showed no interest in our problems. We personally had to nervously look for connections to WAW. I filed a complaint, but Emirates did not respond. They awarded bonus miles instead, but I never want to use Emirates again. It is certainly not a premium airline which shows absolutely no interest to problems of their passengers and to their misconduct. I feel robbed. If I had been focused on low price, not taking service / comfort / time of journey, I would have chosen some different airline paying less. Yet, I paid much, much more and I got absolutely long journey, poor service, absolute disrespect from Emirates hotline, and no refund. They gave me worthless bonus miles. Never again am I going to fly with Emirates - budget airlines seem to be a better option with lower prices",4.0,1.0,1.0,1.0,1.0,1.0,1,no,Family Leisure,Economy Class,Bangkok to Warsaw via Dubai,February 2024,  our bkk dxb flight was delayed for    hours and as a result we missed our dxb waw connecting flight  we were offered a long flight with one more transfer dxx lju   waw no longer on emirates and flydubai on budget airlines where the standard was far below expectations  unfortunately  because of emirates we also missed the next transfer and instead of    hours our journey lasted over    hours  the worst thing is that the emirates hotline showed no interest in our problems  we personally had to nervously look for connections to waw  i filed a complaint  but emirates did not respond  they awarded bonus miles instead  but i never want to use emirates again  it is certainly not a premium airline which shows absolutely no interest to problems of their passengers and to their misconduct  i feel robbed  if i had been focused on low price  not taking service   comfort   time of journey  i would have chosen some different airline paying less  yet  i paid much  much more and i got absolutely long journey  poor service  absolute disrespect from emirates hotline  and no refund  they gave me worthless bonus miles  never again am i going to fly with emirates   budget airlines seem to be a better option with lower prices,3,0,-0.9451
emirates,4th March 2024,E Bayaz,3,True,✅ Trip Verified |  Definitely not the standard I would expect from a premium airline. Business class seats and layout are dated and service levels at gates and checking in are well below other competitors. The economy class is well below Qatar Airways too. Counter staff are unhelpful especially at the UK counters. I would have been better off trying Saudia instead. This is definitely not the experience of Emirates that I have had over 10 years ago. Qatar Airways really puts them to shame.,3.0,3.0,2.0,2.0,1.0,2.0,2,no,Solo Leisure,Business Class,London Stansted to Lahore via Dubai,March 2024,  definitely not the standard i would expect from a premium airline  business class seats and layout are dated and service levels at gates and checking in are well below other competitors  the economy class is well below qatar airways too  counter staff are unhelpful especially at the uk counters  i would have been better off trying saudia instead  this is definitely not the experience of emirates that i have had over    years ago  qatar airways really puts them to shame ,0,0,0.8126
emirates,3rd March 2024,E Lasene,1,True,"✅ Trip Verified |  My husband and I bought tickets to do Paris Seychelles transit Dubai. On arrival in Seychelles my suitcase was not delivered to us. We wait 25 minutes. And at the end of that time, a plastic bag arrives closed with a ribbon into which a quarter of my remaining belongings are thrown. Everything else was stolen. The suitcase was therefore opened despite an empty padlock and the rest of my belongings stashed in a plastic bag. I immediately opened a dispute, sending 37 emails since January 6. I called every two days, no one answered me. I only received automatic emails, with zero follow-up concerning me. I therefore lost more than €6,000 in business, not including the round trip to Paris Seychelles. Unacceptable treatment of customers. Nous avons acheté Mon Mari et moi des billets pour faire Paris Seychelles transit Dubaï. À l’arrivée aux Seychelles ma valise ne nous est pas livré. Nous attendons 25 minutes. Et au bout de ce temps-là, arrive un sac plastique fermé par un ruban dans lequel sont jetés un quart de mes affaires Qui restait. Tout le reste a été volé. La valise a donc été ouverte malgré un cadenas vidé et le reste de mes affaires planqué dans un sac en plastique. J’ai immédiatement ouvert un litige, envoyer 37 mails depuis le 6 janvier. J’ai appelé tous les deux jours, personne ne m’a répondu. Je n’ai que reçu des mails automatiques, Avec zéro suivi me concernant. J’ai perdu donc plus de 6000 € d’affaires, sans compter l’aller-retour, Paris Seychelles. Inadmissible le traitement des clients.",5.0,2.0,2.0,1.0,1.0,1.0,1,no,Couple Leisure,Economy Class,Paris to Seychelles via Dubai,January 2024,  my husband and i bought tickets to do paris seychelles transit dubai  on arrival in seychelles my suitcase was not delivered to us  we wait    minutes  and at the end of that time  a plastic bag arrives closed with a ribbon into which a quarter of my remaining belongings are thrown  everything else was stolen  the suitcase was therefore opened despite an empty padlock and the rest of my belongings stashed in a plastic bag  i immediately opened a dispute  sending    emails since january    i called every two days  no one answered me  i only received automatic emails  with zero follow up concerning me  i therefore lost more than        in business  not including the round trip to paris seychelles  unacceptable treatment of customers  nous avons achet  mon mari et moi des billets pour faire paris seychelles transit duba     l arriv e aux seychelles ma valise ne nous est pas livr   nous attendons    minutes  et au bout de ce temps l   arrive un sac plastique ferm  par un ruban dans lequel sont jet s un quart de mes affaires qui restait  tout le reste a  t  vol   la valise a donc  t  ouverte malgr  un cadenas vid  et le reste de mes affaires planqu  dans un sac en plastique  j ai imm diatement ouvert un litige  envoyer    mails depuis le   janvier  j ai appel  tous les deux jours  personne ne m a r pondu  je n ai que re u des mails automatiques  avec z ro suivi me concernant  j ai perdu donc plus de        d affaires  sans compter l aller retour  paris seychelles  inadmissible le traitement des clients ,4,0,-0.9064
emirates,28th February 2024,E Davies,2,True,"✅ Trip Verified | Every step of the travel, I found harassment, terrible customer support, and absolutely no help. I am treated like an economy class customer in all aspects. Check-in: 1. Rude arrogant check in staff at SFO: refused to accommodate a box that exceeded 59 inches though far underweight than half of 70 kgs allowed. Arrogant staff refused to ever entertain my request as the app clearly mentioned that I could take up to 115 inches, without mentioning additional cost over 59 inches. 2. Reached DXB. At the gate, someone came over with my name and he was not aware of hotel option despite mentioning that I received it in my last trip. When I finally approach Terminal 3 First class lounge, they gave me hotel voucher after a lot of time. Even lounge front desk didn't have that information. 3. The lounge front desk refused to help me get to chauffeur service, didn't tell me 'EXACT' steps on how to reach Arrivals. It was the most terrible experience for someone going there for the first time. The desk that manages Chauffer service was incompetent and provided inaccurate gate info where I could get car to hotel. All this exercise took 1.5 hours, eating up on my plans to go out to the city. 4. When I checked back in the following day, 27th Feb, the second bag was not loaded despite being first class, despite paying for it and despite 19 hours of transit. When I landed and waited for it at carousel, app displayed delayed bag with PIR info. 5. Apparently the customer service agents pretended that they cannot get my contact details to update the baggage claim report/PIR and kept blaming me for it. They knew the flight I was in, the bag number and access to my profile, but kept saying that they can't update me because I didn't provide phone number and email address, both were there in my Emirates profile long before my travel date. 6. No communication on missed bag despite repeated contacts with customer support. Emirates has provided the worst travel experience all around in spite of paying for first class and for additional baggage. This is my last trip with Emirates and request everyone to not waste their money/miles on Emirates. You will always hit a wall in getting somethin we think is customer service. There will be no help, no customer support, no sensitivity or understanding. All I experienced is arrogant highhandedness, no respect for customers.",4.0,4.0,3.0,5.0,1.0,3.0,1,no,Solo Leisure,First Class,San Francisco to Hyderabad via Dubai,February 2024, every step of the travel  i found harassment  terrible customer support  and absolutely no help  i am treated like an economy class customer in all aspects  check in     rude arrogant check in staff at sfo  refused to accommodate a box that exceeded    inches though far underweight than half of    kgs allowed  arrogant staff refused to ever entertain my request as the app clearly mentioned that i could take up to     inches  without mentioning additional cost over    inches     reached dxb  at the gate  someone came over with my name and he was not aware of hotel option despite mentioning that i received it in my last trip  when i finally approach terminal   first class lounge  they gave me hotel voucher after a lot of time  even lounge front desk didn t have that information     the lounge front desk refused to help me get to chauffeur service  didn t tell me  exact  steps on how to reach arrivals  it was the most terrible experience for someone going there for the first time  the desk that manages chauffer service was incompetent and provided inaccurate gate info where i could get car to hotel  all this exercise took     hours  eating up on my plans to go out to the city     when i checked back in the following day    th feb  the second bag was not loaded despite being first class  despite paying for it and despite    hours of transit  when i landed and waited for it at carousel  app displayed delayed bag with pir info     apparently the customer service agents pretended that they cannot get my contact details to update the baggage claim report pir and kept blaming me for it  they knew the flight i was in  the bag number and access to my profile  but kept saying that they can t update me because i didn t provide phone number and email address  both were there in my emirates profile long before my travel date     no communication on missed bag despite repeated contacts with customer support  emirates has provided the worst travel experience all around in spite of paying for first class and for additional baggage  this is my last trip with emirates and request everyone to not waste their money miles on emirates  you will always hit a wall in getting somethin we think is customer service  there will be no help  no customer support  no sensitivity or understanding  all i experienced is arrogant highhandedness  no respect for customers ,4,0,-0.9881
emirates,22nd February 2024,Ali Norri,1,False,"Not Verified | Do not fly with Emirates and FlyDubai. Extremely poor management from Emirates and Dubai Airport. Did not have permission to leave Baghdad and had to wait for 4 hours and arrived late to connection flight to Sydney. Once arrived to Dubai, provided new flight in 9 hours with no accommodation and no other services. This is an example of extreme mismanagement of Dubai Airport and Emirates. And when you ask their staff for help, they literary try to ignore you.",1.0,1.0,1.0,1.0,1.0,1.0,1,no,Business,Economy Class,Baghdad to Sydney via Dubai,February 2024,not verified   do not fly with emirates and flydubai  extremely poor management from emirates and dubai airport  did not have permission to leave baghdad and had to wait for   hours and arrived late to connection flight to sydney  once arrived to dubai  provided new flight in   hours with no accommodation and no other services  this is an example of extreme mismanagement of dubai airport and emirates  and when you ask their staff for help  they literary try to ignore you ,3,0,-0.7778
emirates,21st February 2024,P Malden,10,True,"✅ Trip Verified |  Booked flight on Emirates website but first part of journey was from regional Australia with Qantas flight. Luggage checked all way through to Dubai so did not have to transfer it at Brisbane. Checked in on line and when arrived in Brisbane the customer service was very good allowing us to change seats to back of plane as was not a full flight so had 3 seats for 2 passengers, a very comfortable flight and the cabin crew bringing around drinks between meal service. Arrived Safely in Dubai on time.",5.0,5.0,5.0,5.0,5.0,,5,yes,Couple Leisure,Economy Class,Brisbane to Dubai,February 2024,  booked flight on emirates website but first part of journey was from regional australia with qantas flight  luggage checked all way through to dubai so did not have to transfer it at brisbane  checked in on line and when arrived in brisbane the customer service was very good allowing us to change seats to back of plane as was not a full flight so had   seats for   passengers  a very comfortable flight and the cabin crew bringing around drinks between meal service  arrived safely in dubai on time ,2,1,0.938
emirates,12th February 2024,Massimo Reverberi,2,False,"Not Verified |  A real disappointment. Emirates costs 25% more than Etihad or Qatar for the same route, but the service was bad. First flight was 2,5 hours late. The seat I selected was reassigned by the system and no explanations were given at the counter. Return flight was 1 hour late. Online check in system was down for two days and I could not select a seat (getting a terrible one location at the check-in counter). Guess this is my last time with Emirates, since there are cheaper and better performing options on the same route.",1.0,4.0,3.0,4.0,2.0,1.0,2,no,Solo Leisure,Economy Class,Milan to Bangkok via Dubai,February 2024,not verified    a real disappointment  emirates costs     more than etihad or qatar for the same route  but the service was bad  first flight was     hours late  the seat i selected was reassigned by the system and no explanations were given at the counter  return flight was   hour late  online check in system was down for two days and i could not select a seat  getting a terrible one location at the check in counter   guess this is my last time with emirates  since there are cheaper and better performing options on the same route ,3,0,-0.875
emirates,11th February 2024,J Smith,8,False,"Not Verified |  I flew the same route last year, and it is obvious that Emirates are using older planes on this route. Screens do not stay in place and no usb port at seat. Food was acceptable and crew friendly. More modern aircraft would improve the experience.",3.0,4.0,4.0,4.0,4.0,4.0,4,yes,Solo Leisure,Economy Class,Dubai to Cape Town,February 2024,not verified    i flew the same route last year  and it is obvious that emirates are using older planes on this route  screens do not stay in place and no usb port at seat  food was acceptable and crew friendly  more modern aircraft would improve the experience ,2,1,0.7351
emirates,8th February 2024,D Mo,1,True,"✅ Trip Verified |  First time i have lost my baggage after arrival and the help was next to nothing. 1 out of my 2 baggage was missing after we have arrived in Singapore airport. After waiting at the belt and asking a member of staff at the airport then we have found out that this baggage tag was no scanned at my transfer in Dubai. therefore the baggage was somewhere in Dubai not knowing if it has been identified or lost yet. The airport team gave me a Reference and told me that they will keep me updated. i asked for a number to call to the airport office and they provided a number on the form. Next day called the number it was a switch board and after multiple attempts and speaking to the agent you cannot transfer to the airport counter and they do not know anything They tell you that someone will be in touch but that is not true. The customer service helpline on Emirates website is useless as you cannot get through or speak to a real person for help. I had no idea the next couple of days where my luggage was or if it is lost? No communication what so ever throughout, multiple emails/ calls/ feedback to emirates but no response. The customer affair team takes 9 months to even reply. i have another outstanding experience in April 2023 from Tokyo to Manchester where of on my luggage was smashed and they have not offered any compensation but asked me to to go a repair centre for a quote after 8 months of the incident. Took them 8 months to acknowledge my claim and probably made 20 phone calls to change after multiple email. They have the worse customer service if you was to encounter a problem or issue.",2.0,2.0,2.0,1.0,1.0,,1,no,Family Leisure,Economy Class,Dubai to Singapore,January 2024,  first time i have lost my baggage after arrival and the help was next to nothing    out of my   baggage was missing after we have arrived in singapore airport  after waiting at the belt and asking a member of staff at the airport then we have found out that this baggage tag was no scanned at my transfer in dubai  therefore the baggage was somewhere in dubai not knowing if it has been identified or lost yet  the airport team gave me a reference and told me that they will keep me updated  i asked for a number to call to the airport office and they provided a number on the form  next day called the number it was a switch board and after multiple attempts and speaking to the agent you cannot transfer to the airport counter and they do not know anything they tell you that someone will be in touch but that is not true  the customer service helpline on emirates website is useless as you cannot get through or speak to a real person for help  i had no idea the next couple of days where my luggage was or if it is lost  no communication what so ever throughout  multiple emails  calls  feedback to emirates but no response  the customer affair team takes   months to even reply  i have another outstanding experience in april      from tokyo to manchester where of on my luggage was smashed and they have not offered any compensation but asked me to to go a repair centre for a quote after   months of the incident  took them   months to acknowledge my claim and probably made    phone calls to change after multiple email  they have the worse customer service if you was to encounter a problem or issue ,4,0,-0.9509
emirates,2nd February 2024,Ishan Pandita,1,True,"✅ Trip Verified |  My Emirates experience was horrific, starting at Delhi airport where ground staff threatened to deny boarding unless I forced my laptop into my carry-on.  Boarding pass retrieval led to another confrontation at the gate. Emirates staff at the gate confiscated my boarding passes, threatened baggage offloading, and harassed me for carrying my laptop bag separately. Only after pledging to stow my laptop bag under my seat was I allowed to board just before departure. Upon reaching LA, I discovered a missing bag. It took days for Emirates to locate it. Emirates staff, without notice or gate codes, knocked at midnight, delivering my damaged bag. How they accessed it remains a mystery. The bag was torn, belongings damaged, and some items were missing. Despite three complaints, Emirates provided no response. Despite reaching out multiple times, Emirates offered no explanations, leaving me frustrated and dissatisfied with their customer service.",2.0,1.0,1.0,1.0,1.0,1.0,1,no,Solo Leisure,Economy Class,Delhi to Dubai,September 2023,  my emirates experience was horrific  starting at delhi airport where ground staff threatened to deny boarding unless i forced my laptop into my carry on   boarding pass retrieval led to another confrontation at the gate  emirates staff at the gate confiscated my boarding passes  threatened baggage offloading  and harassed me for carrying my laptop bag separately  only after pledging to stow my laptop bag under my seat was i allowed to board just before departure  upon reaching la  i discovered a missing bag  it took days for emirates to locate it  emirates staff  without notice or gate codes  knocked at midnight  delivering my damaged bag  how they accessed it remains a mystery  the bag was torn  belongings damaged  and some items were missing  despite three complaints  emirates provided no response  despite reaching out multiple times  emirates offered no explanations  leaving me frustrated and dissatisfied with their customer service ,4,0,-0.9897
emirates,25th January 2024,H Thomas,2,True,"✅ Trip Verified | This was my first trip on Emirates. I paid $1,400 for my economy ticket. I also paid to select my seats. I specifically chose an aisle seat because I have neuropathy and needed to ensure I could stand up regularly to avoid blood clots & not disturb others. Immediately, I noticed the man sitting next to me, sharing an armrest with me, that he dominated, was sniffing and digging hard up his nose every couple of minutes nonstop. He would then touch everything around us, including the armrest. Each time he dug up his nose, he would grab the armrest that we shared in common. He also put his hand on my side and touched the screen, picked up something that fell and handed it to me. He was openly digging up his nose and touching everything while sniffing, indicating sickness. I was wearing a mask. He was not. I was entirely grossed out and very concerned for my health and safety. It was not a one time act, but a continuing behavior, every few minutes. I told attendants to observe his conduct too. The flight was over 12 hours long and I could not stomach this nasty behavior the long flight and risk my fragile health and safety sitting next to this man, imagine trying to eat next to him. I spoke to the flight attendants a minimum of three different times. Their eventual solution was to move me from my seat up front to the very back of the airplane, far from my colleagues. I was traveling with three companions, two sitting in front of me and one in first class. Our paid seats were the first seats behind economy preferred class. There were dozens of available seats in that section that were close to my companions and only a few feet away from the section I was sitting in that I paid for. Rather than make my health a priority and move me to a safer section, they attempted to move me to the very back of the plane. They said they couldn't say anything to the man. I didn't want to leave my companions. It was so frequent that I took evidence the entire flight to prove it. The only time he used a napkin was when they served food, and he used the one from his tray to clean his nose. That is the napkin he dropped on me, reaching over me to the stewardess. It was their jobs to help keep me safe. I was content in the seat I purchased near the front, on the aisle. I wasn't seeking to be upgraded. But if those were the only seats available, in close proximity to the seat I purchased, and still near my companions; rather than make me sit over 12 hours stressed out trying to avoid bodily fluids; put at a health & safety risk sitting next to a man openly wiping his bodily fluids on my seat, the armrest & me, they should have moved me to those seats, not the back of the plane.",1.0,1.0,3.0,5.0,3.0,1.0,2,no,Solo Leisure,Economy Class,New York to Dubai,January 2024, this was my first trip on emirates  i paid        for my economy ticket  i also paid to select my seats  i specifically chose an aisle seat because i have neuropathy and needed to ensure i could stand up regularly to avoid blood clots   not disturb others  immediately  i noticed the man sitting next to me  sharing an armrest with me  that he dominated  was sniffing and digging hard up his nose every couple of minutes nonstop  he would then touch everything around us  including the armrest  each time he dug up his nose  he would grab the armrest that we shared in common  he also put his hand on my side and touched the screen  picked up something that fell and handed it to me  he was openly digging up his nose and touching everything while sniffing  indicating sickness  i was wearing a mask  he was not  i was entirely grossed out and very concerned for my health and safety  it was not a one time act  but a continuing behavior  every few minutes  i told attendants to observe his conduct too  the flight was over    hours long and i could not stomach this nasty behavior the long flight and risk my fragile health and safety sitting next to this man  imagine trying to eat next to him  i spoke to the flight attendants a minimum of three different times  their eventual solution was to move me from my seat up front to the very back of the airplane  far from my colleagues  i was traveling with three companions  two sitting in front of me and one in first class  our paid seats were the first seats behind economy preferred class  there were dozens of available seats in that section that were close to my companions and only a few feet away from the section i was sitting in that i paid for  rather than make my health a priority and move me to a safer section  they attempted to move me to the very back of the plane  they said they couldn t say anything to the man  i didn t want to leave my companions  it was so frequent that i took evidence the entire flight to prove it  the only time he used a napkin was when they served food  and he used the one from his tray to clean his nose  that is the napkin he dropped on me  reaching over me to the stewardess  it was their jobs to help keep me safe  i was content in the seat i purchased near the front  on the aisle  i wasn t seeking to be upgraded  but if those were the only seats available  in close proximity to the seat i purchased  and still near my companions  rather than make me sit over    hours stressed out trying to avoid bodily fluids  put at a health   safety risk sitting next to a man openly wiping his bodily fluids on my seat  the armrest   me  they should have moved me to those seats  not the back of the plane ,5,0,0.9337
emirates,22nd January 2024,Fadlo Haddad,3,True,"✅ Trip Verified | Check in desk at Montreal airport going to Philippines: We were traveling as a family with my senior mom, my wife and my infant that was 11months old. We did our check in online and made sure we chose a bulkhead seat to be able to use the basinet. To our surprise when we got to the plane they have changed our seats without letting us know. Very inconvenient and stressful since we where counting on those seats. The explanation they gave to us was that when there is a change of the type of plane they can not guarantee the seats we chose. I believe thats not a good reason to give and is a sorry excuse. If there is a change of any sort they have the responsibility to let us know I would have been glad to pay for a better seat. Morever, our return flight was even worst. At the checkein gate right before boarding,from Dubai to Montreal, they told us that we needed to check-in our carryon bags since there was no space on the overhead storage due to full capacity. We told them that we can not do so since we have an infant with us and that the carry on and baby diaper bags where a must, plus her toys,formula and food etc. They still refuse and told us we needed to check in our carry on. We were within what we were allowed to bring to the plane and still we needed to check in our things. I find this ridiculous. They do not meet the product that they are offering or selling and they have no sence of transparency at this point and a sense of understanding the situation we were in. The staff also was rude and just ignored my concerns. Not a family friendly airline thats for sure. Food and entertainment: horrible and tastless and the 2 planes going back from philippines to Dubai and transit then to Montreal my entertainement screen were broken. Staff in the plane I can clearly see that they do their best but are sometime not found when you need them, especially in a long haul flight when everyone is sleeping. The gally where you can get drinks and snack where over flow with garbage everywhere",3.0,3.0,3.0,2.0,1.0,,3,no,Family Leisure,Economy Class,Montreal to Manila via Dubai,December 2023, check in desk at montreal airport going to philippines  we were traveling as a family with my senior mom  my wife and my infant that was   months old  we did our check in online and made sure we chose a bulkhead seat to be able to use the basinet  to our surprise when we got to the plane they have changed our seats without letting us know  very inconvenient and stressful since we where counting on those seats  the explanation they gave to us was that when there is a change of the type of plane they can not guarantee the seats we chose  i believe thats not a good reason to give and is a sorry excuse  if there is a change of any sort they have the responsibility to let us know i would have been glad to pay for a better seat  morever  our return flight was even worst  at the checkein gate right before boarding from dubai to montreal  they told us that we needed to check in our carryon bags since there was no space on the overhead storage due to full capacity  we told them that we can not do so since we have an infant with us and that the carry on and baby diaper bags where a must  plus her toys formula and food etc  they still refuse and told us we needed to check in our carry on  we were within what we were allowed to bring to the plane and still we needed to check in our things  i find this ridiculous  they do not meet the product that they are offering or selling and they have no sence of transparency at this point and a sense of understanding the situation we were in  the staff also was rude and just ignored my concerns  not a family friendly airline thats for sure  food and entertainment  horrible and tastless and the   planes going back from philippines to dubai and transit then to montreal my entertainement screen were broken  staff in the plane i can clearly see that they do their best but are sometime not found when you need them  especially in a long haul flight when everyone is sleeping  the gally where you can get drinks and snack where over flow with garbage everywhere,3,0,-0.8075
emirates,19th January 2024,Peter Whiting,10,True,"✅ Trip Verified |  I have just completed a trip Johannesburg to Dallas via Dubai, returning from LAX, and cannot fault them in any way. All flights were on time, staffed by efficient, courteous staff and seats were extremely comfortable. In addition, the other services afforded by Emirates for Business Class passengers - a) the chauffeur service, which I used twice, and b) the promise of a hotel room if your layover is longer than 6 hours - mine was 9 hours - worked extremely efficiently, and I was housed at a top class hotel.",5.0,5.0,5.0,5.0,5.0,5.0,5,yes,Solo Leisure,Business Class,Johannesburg to Dallas via Dubai,January 2024,  i have just completed a trip johannesburg to dallas via dubai  returning from lax  and cannot fault them in any way  all flights were on time  staffed by efficient  courteous staff and seats were extremely comfortable  in addition  the other services afforded by emirates for business class passengers   a  the chauffeur service  which i used twice  and b  the promise of a hotel room if your layover is longer than   hours   mine was   hours   worked extremely efficiently  and i was housed at a top class hotel ,0,1,0.952
emirates,17th January 2024,B Mendoza,5,True,"✅ Trip Verified | I booked this airline because of the paid wifi option. It worked on the first leg of my trip (Manila to Dubai) but it didnt work at all on the 2nd leg (Dubai to Washington Dulles - 14 hours). This route to the US is longer than the Pacific route but I booked it precisely because it offered paid internet. Unluckily, the internet did not work on the longest leg. I filed a complaint to Emirates and they said that it is really not their problem and I should file a complaint to their internet service provider.",4.0,5.0,5.0,3.0,4.0,1.0,3,no,Solo Leisure,Economy Class,Manila to Washington Dulles via Dubai,January 2024, i booked this airline because of the paid wifi option  it worked on the first leg of my trip  manila to dubai  but it didnt work at all on the  nd leg  dubai to washington dulles      hours   this route to the us is longer than the pacific route but i booked it precisely because it offered paid internet  unluckily  the internet did not work on the longest leg  i filed a complaint to emirates and they said that it is really not their problem and i should file a complaint to their internet service provider ,3,0,-0.322
emirates,8th January 2024,C Mearen,3,True,✅ Trip Verified |  The seat pockets were ripped and I was unable to store anything. When I used the tray my drink slid off bec the tray was unstable. I mentioned it to the staff but they acted like they didn't know what I was talking about. I used to regards Emirates as tops but very dissatisfied. Every aircraft was quite poor except the CPT/DXB and that was because I slept for the entire flight.,2.0,2.0,2.0,2.0,3.0,1.0,2,no,Solo Leisure,Economy Class,Auckland to Cape Town via Dubai,December 2023,  the seat pockets were ripped and i was unable to store anything  when i used the tray my drink slid off bec the tray was unstable  i mentioned it to the staff but they acted like they didn t know what i was talking about  i used to regards emirates as tops but very dissatisfied  every aircraft was quite poor except the cpt dxb and that was because i slept for the entire flight ,5,0,-0.3567
emirates,7th January 2024,Michael Malter,1,False,"Not Verified |   My wife and I along with 2 friends took the Emirates flight from Newark, NJ to Athens in September 2023. We had never flown on Emirates but decided to give them a try over American or Delta. The numerous tv commercials with actress Penelope Cruz has subliminally triggered something that inspired me to convince my wife and friends that we should give them a try. At the time of our ""economy"" booking we decided to pay an additional $410 per couple for seat upgrades. We had opted to pay more for the 2 seats together rather than the sitting in a row of three or fours seat in the center of the plane. As soon as we boarded the plane and took our seats I knew the outbound flight was going to be torture. The 2 seats that we paid $205 extra for were so small with walled sides and hand rests that didn't move would have been great if we were all contortionists but unfortunately we were not. We made it to Athens 10 hours later and after a couple of good nights sleep we put this horrible memory behind us so as not to ruin our 2 week long awaited vacation. About a week into the trip we did some research on the web and decided to downgrade our return seats from the same mini seats that we flew out on and instead opted for the standard seats that were in the middle section of the plane that included 4 seats. This was a great move as our return flight was much more comfortable. When I contacted Emirates upon our arrival and asked to get back the $205 paid for the return downgraded seats, their reply was that they do not issue refunds for seat downgrades. That said, the 4 of us will never travel on Emirates again. As a postscript I want to mention that none of the 4 our us, all retired and in our late 60's are heavy or have large behinds, to the contrary, we are all smaller individuals who have never had any comparable torturous seats while flying anywhere in the world. Unless you are Penolope Cruz and get complimentary ""first class"" seating or opt to pay the additional thousands of dollars, stay away from Emirates.",1.0,3.0,3.0,5.0,1.0,5.0,1,no,Family Leisure,Economy Class,Newark to Athens via Dubai,October 2023,not verified     my wife and i along with   friends took the emirates flight from newark  nj to athens in september       we had never flown on emirates but decided to give them a try over american or delta  the numerous tv commercials with actress penelope cruz has subliminally triggered something that inspired me to convince my wife and friends that we should give them a try  at the time of our  economy  booking we decided to pay an additional      per couple for seat upgrades  we had opted to pay more for the   seats together rather than the sitting in a row of three or fours seat in the center of the plane  as soon as we boarded the plane and took our seats i knew the outbound flight was going to be torture  the   seats that we paid      extra for were so small with walled sides and hand rests that didn t move would have been great if we were all contortionists but unfortunately we were not  we made it to athens    hours later and after a couple of good nights sleep we put this horrible memory behind us so as not to ruin our   week long awaited vacation  about a week into the trip we did some research on the web and decided to downgrade our return seats from the same mini seats that we flew out on and instead opted for the standard seats that were in the middle section of the plane that included   seats  this was a great move as our return flight was much more comfortable  when i contacted emirates upon our arrival and asked to get back the      paid for the return downgraded seats  their reply was that they do not issue refunds for seat downgrades  that said  the   of us will never travel on emirates again  as a postscript i want to mention that none of the   our us  all retired and in our late    s are heavy or have large behinds  to the contrary  we are all smaller individuals who have never had any comparable torturous seats while flying anywhere in the world  unless you are penolope cruz and get complimentary  first class  seating or opt to pay the additional thousands of dollars  stay away from emirates ,3,0,0.9767
emirates,1st January 2024,Mary Kyule,3,True,"✅ Trip Verified |   I went through hell when checking in. I had an extra luggage and the staff made me spend 2 hours re arranging and arranging the bags, the finally told me to trash one bag and to my surprise they still charged me $300 for extra kgs. The staff were also not polite and kept taking me in circles. Never will fly Emirates again",1.0,1.0,1.0,1.0,1.0,1.0,1,no,Solo Leisure,Economy Class,Dubai to Nairobi,December 2023,   i went through hell when checking in  i had an extra luggage and the staff made me spend   hours re arranging and arranging the bags  the finally told me to trash one bag and to my surprise they still charged me      for extra kgs  the staff were also not polite and kept taking me in circles  never will fly emirates again,3,0,-0.6486
emirates,31st December 2023,M Keale,5,True,"✅ Trip Verified |  Lately it's not enjoyable travelling economy with Emirates. The boarding areas are too small with standing too only for many, the toilets on the flights are dirty, the food is average and the seats are cramped. Earphones don't work, choice of movies has become limited. On top of that, the last two flights, they have changed the legroom seats I paid Extra for for standard seats. On complaining, I was told to ask for a refund on my return. No compensation, no upgrade (payable or not). Basically they don't care. Having bought direct and paid £4000 on the tickets 2, it's not really good enough. It's not what it used to be. Economy is now cattle class.",2.0,5.0,4.0,3.0,3.0,1.0,2,no,Couple Leisure,Economy Class,Heathrow to Bangkok via Dubai,December 2023,  lately it s not enjoyable travelling economy with emirates  the boarding areas are too small with standing too only for many  the toilets on the flights are dirty  the food is average and the seats are cramped  earphones don t work  choice of movies has become limited  on top of that  the last two flights  they have changed the legroom seats i paid extra for for standard seats  on complaining  i was told to ask for a refund on my return  no compensation  no upgrade  payable or not   basically they don t care  having bought direct and paid       on the tickets    it s not really good enough  it s not what it used to be  economy is now cattle class ,0,0,-0.895
emirates,26th December 2023,Dinu Ajikutira,1,False,"Not Verified |  Our family booked together and having flown for many years on Qatar Airways, expected that the family will be seated together. To our surprise we we each seated in different middle seats, including our child. The check In counter person was so rude when we asked to check if they can find an aisle seat since one of us needs it for health reason. We are so dissatisfied with the service. We have never encountered this kind of a situation in our 25 years of flying international.",3.0,3.0,2.0,3.0,1.0,,1,no,Family Leisure,Economy Class,Boston to Bangalore via Dubai,December 2023,not verified    our family booked together and having flown for many years on qatar airways  expected that the family will be seated together  to our surprise we we each seated in different middle seats  including our child  the check in counter person was so rude when we asked to check if they can find an aisle seat since one of us needs it for health reason  we are so dissatisfied with the service  we have never encountered this kind of a situation in our    years of flying international ,5,0,-0.7296
emirates,25th December 2023,P Barven,1,True,"✅ Trip Verified |  I took 4 flights with Emirates and it was an absolutely miserable experience. You get more leg room on an AirAsia flight, the food tastes like garbage. And the rudest possible employees you can imagine. I have absolutely nothing positive to say about this airline. Avoid at all cost. Just pay a bit more for a better airline.",1.0,1.0,1.0,3.0,3.0,2.0,1,no,Solo Leisure,Economy Class,Montreal to Kuala Lumpur via Dubai,December 2023,  i took   flights with emirates and it was an absolutely miserable experience  you get more leg room on an airasia flight  the food tastes like garbage  and the rudest possible employees you can imagine  i have absolutely nothing positive to say about this airline  avoid at all cost  just pay a bit more for a better airline ,5,0,-0.7982
emirates,22nd December 2023,Paul Devine,1,True,"✅ Trip Verified | Following up to my previous review """"worst customer service"" 1 reviews J Deene (United Kingdom) 13th December 2023"" I'd thought I would update you on the progress of my complaint Thomas of Emirates Customer Services has been very unhelpful. Of having allergy/food issues heading to Tokyo Narita, I had the same going back plus 12 hours with a broken seat, no ICE Entertainment system and cabin crew unable to move me to another seat, however moved 3 others with no problems. (NRT-DXB EK318 25TH November 2023). I also got cellulitis on the the outbound journey the week earlier due to the issues onboard which DID affect my holiday a dream holiday I saved all year, the flight cost 90% of the money I paid, in the numerous email Thomas of Emirates Customer Service was unwilling to admit responsibility onboard was let down. Those food issue allergies that I told the airline in many months before the actual holiday. The Japanese holiday I am hoping to do every year, 2024 or 2025 won't be with Emirates they have shown lack of care, remember , ONLY caring for one thing the money you have in your bank account. For someone who won't be travelling with Emirates, Thomas of customer services decided 10000 skywards points is ""reasonable"".",1.0,1.0,1.0,1.0,1.0,,1,no,Solo Leisure,Economy Class,Glasgow to Narita via Dubai,November 2023, following up to my previous review   worst customer service    reviews j deene  united kingdom    th december       i d thought i would update you on the progress of my complaint thomas of emirates customer services has been very unhelpful  of having allergy food issues heading to tokyo narita  i had the same going back plus    hours with a broken seat  no ice entertainment system and cabin crew unable to move me to another seat  however moved   others with no problems   nrt dxb ek      th november        i also got cellulitis on the the outbound journey the week earlier due to the issues onboard which did affect my holiday a dream holiday i saved all year  the flight cost     of the money i paid  in the numerous email thomas of emirates customer service was unwilling to admit responsibility onboard was let down  those food issue allergies that i told the airline in many months before the actual holiday  the japanese holiday i am hoping to do every year       or      won t be with emirates they have shown lack of care  remember   only caring for one thing the money you have in your bank account  for someone who won t be travelling with emirates  thomas of customer services decided       skywards points is  reasonable  ,4,0,0.9453
emirates,22nd December 2023,Somayeh Heidari,2,False,"Not Verified | My luggage got damaged and I got information to repair luggage. They have an agreement with a center in the city which doesn't have even Samsonite luggage or any spare items. I got to get the value of the luggage and trying to find out a solution how to follow up. Oslo doesn't get any responsibility and referring me to contact to Dubai. I don't understand how much a person whom incurred to a damage should myself spend time and money to follow up the case, calling to Dubai, going and finding spare part which is not easy and many other things since the customer service is very helpless.",3.0,3.0,3.0,2.0,1.0,1.0,2,no,Solo Leisure,Economy Class,Oslo to Dubai,December 2023,not verified   my luggage got damaged and i got information to repair luggage  they have an agreement with a center in the city which doesn t have even samsonite luggage or any spare items  i got to get the value of the luggage and trying to find out a solution how to follow up  oslo doesn t get any responsibility and referring me to contact to dubai  i don t understand how much a person whom incurred to a damage should myself spend time and money to follow up the case  calling to dubai  going and finding spare part which is not easy and many other things since the customer service is very helpless ,4,0,-0.5992
emirates,20th December 2023,E Bourgere,3,True,"✅ Trip Verified |  I (via a travel agent) booked a round-trip business class flight with Emirates that ended in Queenstown, NZ. Upon arriving for a layover in Melbourne at 23:30 after a 13-hour business class flight from Dubai, I was looking forward to a shower. However, I was denied entry to the Emirates lounge, without any real explanation as to why. The gentleman at the counter was more interested in making me go away than helping me understand the situation, so, confused, I called Emirates ""customer service."" They bluntly informed me that if I wanted to use the lounge so badly, my travel agent should have booked the flight from Melbourne to Queenstown on Qantas. As it turns out, the leg from Melbourne to Queenstown that I had was on Emirates partner Jetstar. As Jetstar does not have a business class cabin, this one leg (out of 5 total legs) was economy. I should note that the entire itinerary was booked through Emirates, and part of my confusion stemmed from the fact that they all had Emirates flight numbers. But what I had here was an Emirates flight operated by Jetstar (and the same flight also had a Qantas flight number - one flight, three partners, three numbers). I should have gotten the Emirates flight operated by Qantas that was departing an hour later, as Qantas has a business class cabin, and it would have been the same cost anyway. If it's the same cost anyway, why not let me come in and take a shower? It's 1am and there is no one else here. Additionally, they do not care if the arriving flight is business, or if 4/5 legs are business, you are not special. No kindness, no attempts at understanding or helpfulness or smoothing over the situation. Just rudeness and criticism. A jarring and unpleasant surprise.",3.0,3.0,2.0,3.0,1.0,2.0,1,no,Business,Business Class,Dubai to Queenstown via Melbourne,December 2023,  i  via a travel agent  booked a round trip business class flight with emirates that ended in queenstown  nz  upon arriving for a layover in melbourne at       after a    hour business class flight from dubai  i was looking forward to a shower  however  i was denied entry to the emirates lounge  without any real explanation as to why  the gentleman at the counter was more interested in making me go away than helping me understand the situation  so  confused  i called emirates  customer service   they bluntly informed me that if i wanted to use the lounge so badly  my travel agent should have booked the flight from melbourne to queenstown on qantas  as it turns out  the leg from melbourne to queenstown that i had was on emirates partner jetstar  as jetstar does not have a business class cabin  this one leg  out of   total legs  was economy  i should note that the entire itinerary was booked through emirates  and part of my confusion stemmed from the fact that they all had emirates flight numbers  but what i had here was an emirates flight operated by jetstar  and the same flight also had a qantas flight number   one flight  three partners  three numbers   i should have gotten the emirates flight operated by qantas that was departing an hour later  as qantas has a business class cabin  and it would have been the same cost anyway  if it s the same cost anyway  why not let me come in and take a shower  it s  am and there is no one else here  additionally  they do not care if the arriving flight is business  or if     legs are business  you are not special  no kindness  no attempts at understanding or helpfulness or smoothing over the situation  just rudeness and criticism  a jarring and unpleasant surprise ,0,0,-0.911
emirates,15th December 2023,Agusti Bota Fabrellas,2,True,"✅ Trip Verified |  Emirates cancelled my flight on 8-12-23 and changed to 9-12-23. I cannot accept and ask for a change to 7-12-23. They told me ""there is no seats"" on this day, you can cancel in full for free. I cancel and receive a penalty for the cancellation and I buy a new ticket on the supposed ""no seats flight"". Impossible to make a complaint online.",2.0,2.0,1.0,2.0,2.0,1.0,2,no,Solo Leisure,Economy Class,Bahrain to Mogadishu via Dubai,December 2023,  emirates cancelled my flight on         and changed to          i cannot accept and ask for a change to          they told me  there is no seats  on this day  you can cancel in full for free  i cancel and receive a penalty for the cancellation and i buy a new ticket on the supposed  no seats flight   impossible to make a complaint online ,3,0,-0.8513
emirates,13th December 2023,J Deene,1,True,"✅ Trip Verified |  I was travelling to Tokyo Narita via Dubai. In 2022 I had the meal issues on return journey from NRT To DXB when they could only offer a meal with items I have bad allergies to, Then second meal Cabin Crew forgot to offer, wouldn't give any water on 12.5 hour flight. for the recent one I contacted Emirates Customer Service that I have allergies for fish, mushroom and wholemeal, Customer service rep said ""bring your own food then and the crew will heat them up"" I said it will be taken off me at security at Glasgow if not Dubai"" he said no, the day came food was taken off me at Security at Glasgow. As backup they booked me a bland meal that wouldn't contain my allergies on DXB to NRT section (GLA-DXB meals were fine) which was Mushroom and second meal fish and mushroom. Which meant no food just a tiny bottle of water. I'm already worried about the return flights and worries were confirmed when once again meals offered with allergy items, Cabin crew I'll give credit concerned, very little food and water. Not just that my seat was broke, headphones broke and the so called ICE entertainment system wouldn't work, 12 hours nothing to do and crew couldn't move as they already moved others with similar problem, couldn't move myself. I recently got a response from Customer Service ""out of their control"" and one the flight cabin also said they would have refused the my own food and I wouldn't have gotten anything through Dubai for second flight. 2024 and 2025 holidays won't be with Emirates. Emirates are one of the worst customer service experiences.",1.0,3.0,1.0,1.0,3.0,,1,no,Solo Leisure,Economy Class,Glasgow to Narita via Dubai,November 2023,  i was travelling to tokyo narita via dubai  in      i had the meal issues on return journey from nrt to dxb when they could only offer a meal with items i have bad allergies to  then second meal cabin crew forgot to offer  wouldn t give any water on      hour flight  for the recent one i contacted emirates customer service that i have allergies for fish  mushroom and wholemeal  customer service rep said  bring your own food then and the crew will heat them up  i said it will be taken off me at security at glasgow if not dubai  he said no  the day came food was taken off me at security at glasgow  as backup they booked me a bland meal that wouldn t contain my allergies on dxb to nrt section  gla dxb meals were fine  which was mushroom and second meal fish and mushroom  which meant no food just a tiny bottle of water  i m already worried about the return flights and worries were confirmed when once again meals offered with allergy items  cabin crew i ll give credit concerned  very little food and water  not just that my seat was broke  headphones broke and the so called ice entertainment system wouldn t work     hours nothing to do and crew couldn t move as they already moved others with similar problem  couldn t move myself  i recently got a response from customer service  out of their control  and one the flight cabin also said they would have refused the my own food and i wouldn t have gotten anything through dubai for second flight       and      holidays won t be with emirates  emirates are one of the worst customer service experiences ,2,0,-0.8869
emirates,12th December 2023,A Abed,9,True,"✅ Trip Verified | I was compelled to write a review for an airline because of the exceptional service I got from the whole team of the cabin crew. It was more of a great experience rather than a journey. Right from the entrance to the aircraft I was treated like a beloved family member who came to see the family after years by every staff member. Every single request was taken seriously and was addressed to the best of the availability. I felt that I was the only special passenger for them, they were super nice and highly empathetic in their body language. The air hostess assigned to my area was asking me every single time she passed by me with a great smile if all was good. When you enter the lounge you are greeted with super smiles, if you ask them something they come close to you holding shoulders to show attachment. They were all super devoted to their work, full of energy and trying to help everyone as much they can. I am a frequent flyer of Emirates, though the maintenance inside aircraft has compromised that fresh and modern look but their crew members compensated that by miles. My special thanks and 7 star to every single staff member in the busines class cabin.",3.0,5.0,4.0,4.0,5.0,4.0,4,yes,Business,Business Class,Toronto to Dubai,December 2023, i was compelled to write a review for an airline because of the exceptional service i got from the whole team of the cabin crew  it was more of a great experience rather than a journey  right from the entrance to the aircraft i was treated like a beloved family member who came to see the family after years by every staff member  every single request was taken seriously and was addressed to the best of the availability  i felt that i was the only special passenger for them  they were super nice and highly empathetic in their body language  the air hostess assigned to my area was asking me every single time she passed by me with a great smile if all was good  when you enter the lounge you are greeted with super smiles  if you ask them something they come close to you holding shoulders to show attachment  they were all super devoted to their work  full of energy and trying to help everyone as much they can  i am a frequent flyer of emirates  though the maintenance inside aircraft has compromised that fresh and modern look but their crew members compensated that by miles  my special thanks and   star to every single staff member in the busines class cabin ,5,1,0.9889
emirates,7th December 2023,Fahad Salah,9,True,"✅ Trip Verified |  Check in and boarding was fast. Aircraft is 15 years old but clean and well maintained. Bathroom is clean and bvulgari was supplied. Cabin crew helpful, communicative and offer help, food, or drink. Departure on time and arrival early. I realized why Emirates is more expensive than others.",5.0,5.0,5.0,5.0,5.0,,4,yes,Solo Leisure,Business Class,Barcelona to Dubai,December 2023,  check in and boarding was fast  aircraft is    years old but clean and well maintained  bathroom is clean and bvulgari was supplied  cabin crew helpful  communicative and offer help  food  or drink  departure on time and arrival early  i realized why emirates is more expensive than others ,2,1,0.9517
